New OpenFOAMCase has been initialized, starting directory is:
	/butterfly2/hlavatyo/bread/breadBakingFoamTechMathGroup/pyCtrlScripts
OpenFOAMCase.baseCase has been set to :
	../tutorials/bread3DOurExp/
OpenFOAMCase directory has been changed from:
	../tutorials/bread3DOurExp/ to ../ZZ_cases/2026/V29/exp0_nonDef_False/V68_new_LucasLambda_nu015_1e-09_kOp_0.15_kCl_0.15_nu_0.15_mu0_219_muV1_400_mS_0.001_lambda_0.42_kH_16_kHB_17_r0_0.0009_per_1e-15/
OpenFOAMCase.baseDir has been copied to OpenFOAMCase.dir:
	 ../tutorials/bread3DOurExp/ --> ../ZZ_cases/2026/V29/exp0_nonDef_False/V68_new_LucasLambda_nu015_1e-09_kOp_0.15_kCl_0.15_nu_0.15_mu0_219_muV1_400_mS_0.001_lambda_0.42_kH_16_kHB_17_r0_0.0009_per_1e-15/
In 0.org/omegaV, trying to change parameter kM in subDict sides:
	In 0.org/omegaV, I have change val of kM parameter from 0.01; to 0.01 in subDict sides.
In 0.org/omegaV, trying to change parameter kM in subDict bottom:
	In 0.org/omegaV, I have change val of kM parameter from 1e-5; to 0.01 in subDict bottom.
In 0.org/omegaV, trying to change parameter kM in subDict bottom2:
	In 0.org/omegaV, I have change val of kM parameter from 1e-5; to 0.01 in subDict bottom2.
In 0.org/omegaC, trying to change parameter kM in subDict sides:
	In 0.org/omegaC, I have change val of kM parameter from 1e-5; to 0.01 in subDict sides.
In 0.org/omegaC, trying to change parameter kM in subDict bottom:
	In 0.org/omegaC, I have change val of kM parameter from 1e-5; to 0.01 in subDict bottom.
In 0.org/omegaC, trying to change parameter kM in subDict bottom2:
	In 0.org/omegaC, I have change val of kM parameter from 1e-5; to 0.01 in subDict bottom2.
In 0.org/T, trying to change parameter alpha in subDict sides:
	In 0.org/T, I have change val of alpha parameter from 9.5; to 16 in subDict sides.
In 0.org/T, trying to change parameter alpha in subDict bottom:
	In 0.org/T, I have change val of alpha parameter from 9.5; to 17 in subDict bottom.
In 0.org/T, trying to change parameter alpha in subDict bottom2:
	In 0.org/T, I have change val of alpha parameter from 9.5; to 17 in subDict bottom2.
In 0.org/T, trying to change parameter internalField in subDict :
	In 0.org/T, I have change val of internalField parameter from uniform 302.5; to uniform 297 in subDict .
Loading all sheets from: ../Experiments2026/10_02_2026/Lab_test_2026_02_10.xlsm
  Sheet 'DATALOG': 32538 rows × 5 columns
  Sheet 'Data_Termo_1': 11554 rows × 25 columns
  Sheet 'Data_Termo_2': 6241 rows × 25 columns
  Sheet 'Data_Termo_3': 2547 rows × 25 columns
In constant/transportProperties, trying to change parameter withDeformation in subDict :
	In constant/transportProperties, I have change val of withDeformation parameter from 1; to 1 in subDict .
In constant/transportProperties, trying to change parameter permGLViscG in subDict :
	In constant/transportProperties, I have change val of permGLViscG parameter from 9e-13; to 1e-15 in subDict .
In constant/transportProperties, trying to change parameter tortOpen in subDict :
	In constant/transportProperties, I have change val of tortOpen parameter from 2; to 2.4 in subDict .
In constant/transportProperties, trying to change parameter tortClosed in subDict :
	In constant/transportProperties, I have change val of tortClosed parameter from 10; to 70 in subDict .
In constant/thermophysicalProperties, trying to change parameter lambda in subDict solid:
	In constant/thermophysicalProperties, I have change val of lambda parameter from 0.47; to 0.42 in subDict solid.
In constant/thermophysicalProperties, trying to change parameter rho in subDict solid:
	In constant/thermophysicalProperties, I have change val of rho parameter from 700; to 701 in subDict solid.
In constant/thermophysicalProperties, trying to change parameter Cp in subDict solid:
	In constant/thermophysicalProperties, I have change val of Cp parameter from 600; to 1130 in subDict solid.
In constant/thermophysicalProperties, trying to change parameter Cp in subDict liquid:
	In constant/thermophysicalProperties, I have change val of Cp parameter from 4200; to 4200 in subDict liquid.
In constant/thermophysicalProperties, trying to change parameter Cp in subDict CO2:
	In constant/thermophysicalProperties, I have change val of Cp parameter from 853; to 853 in subDict CO2.
In constant/thermophysicalProperties, trying to change parameter Cp in subDict vapor:
	In constant/thermophysicalProperties, I have change val of Cp parameter from 1878; to 1878 in subDict vapor.
In constant/thermophysicalProperties, trying to change parameter D in subDict transport:
	In constant/thermophysicalProperties, I have change val of D parameter from 5e-06; to 2.6e-05 in subDict transport.
In constant/thermophysicalProperties, trying to change parameter Dl in subDict transport:
	In constant/thermophysicalProperties, I have change val of Dl parameter from 5e-10; to 1e-09 in subDict transport.
	In constant/thermophysicalProperties, I have change val of Dl parameter from 2e-11; to 1e-09 in subDict transport.
	In constant/thermophysicalProperties, I have change val of Dl parameter from 5e-12; to 1e-09 in subDict transport.
	In constant/thermophysicalProperties, I have change val of Dl parameter from 8e-12; to 1e-09 in subDict transport.
	In constant/thermophysicalProperties, I have change val of Dl parameter from 2e-11; to 1e-09 in subDict transport.
	In constant/thermophysicalProperties, I have change val of Dl parameter from 2e-10; to 1e-09 in subDict transport.
	In constant/thermophysicalProperties, I have change val of Dl parameter from 1e-9; to 1e-09 in subDict transport.
	In constant/thermophysicalProperties, I have change val of Dl parameter from 5e-10; to 1e-09 in subDict transport.
	In constant/thermophysicalProperties, I have change val of Dl parameter from 1.5e-11; to 1e-09 in subDict transport.
In constant/reactiveProperties, trying to change parameter kMPCOpen in subDict evaporation:
	In constant/reactiveProperties, I have change val of kMPCOpen parameter from 0.42; to 0.15 in subDict evaporation.
In constant/reactiveProperties, trying to change parameter kMPCClosed in subDict evaporation:
	In constant/reactiveProperties, I have change val of kMPCClosed parameter from 0.42; to 0.15 in subDict evaporation.
In constant/reactiveProperties, trying to change parameter R0 in subDict fermentation:
	In constant/reactiveProperties, I have change val of R0 parameter from 0.0022; to 0.0009 in subDict fermentation.
In constant/reactiveProperties, trying to change parameter Tm in subDict fermentation:
	In constant/reactiveProperties, I have change val of Tm parameter from 314; to 313 in subDict fermentation.
In constant/reactiveProperties, trying to change parameter deltaT in subDict fermentation:
	In constant/reactiveProperties, I have change val of deltaT parameter from 10; to 14 in subDict fermentation.
In system/controlDict, trying to change parameter endTime in subDict :
	In system/controlDict, I have change val of endTime parameter from 900; to 2400 in subDict .
In system/controlDict, trying to change parameter deltaT in subDict :
	In system/controlDict, I have change val of deltaT parameter from 1; to 5 in subDict .
In system/controlDict, trying to change parameter writeInterval in subDict :
	In system/controlDict, I have change val of writeInterval parameter from 20; to 200 in subDict .
	In system/controlDict, I have change val of writeInterval parameter from 20; to 200 in subDict .
In system/fvSolution, trying to change parameter nOuterCorrectors in subDict PIMPLE:
	In system/fvSolution, I have change val of nOuterCorrectors parameter from 250; to 100 in subDict PIMPLE.
In system/fvSolution, trying to change parameter D in subDict fields:
	In system/fvSolution, I have change val of D parameter from 0.1; to 0.1 in subDict fields.
In system/fvSolution, trying to change parameter DFinal in subDict fields:
	In system/fvSolution, I have change val of DFinal parameter from 0.1; to 1 in subDict fields.
In system/fvSolution, trying to change parameter omegaV in subDict fields:
	In system/fvSolution, I have change val of omegaV parameter from 0.1; to 0.05 in subDict fields.
--> FOAM IOWarning :
    Found [v1012] 'convertToMeters' entry instead of 'scale' in dictionary "system/blockMeshDict"

    This keyword is 156 months old.

Created 'V68_new_LucasLambda_nu015_1e-09_kOp_0.15_kCl_0.15_nu_0.15_mu0_219_muV1_400_mS_0.001_lambda_0.42_kH_16_kHB_17_r0_0.0009_per_1e-15.OpenFOAM'
No protocol specified
No protocol specified
No protocol specified
No protocol specified
No protocol specified
No protocol specified
No protocol specified
No protocol specified
No protocol specified
In system/fvSolution, trying to change parameter omegaC in subDict fields:
	In system/fvSolution, I have change val of omegaC parameter from 0.1; to 0.05 in subDict fields.
In system/fvSolution, trying to change parameter pG in subDict fields:
	In system/fvSolution, I have change val of pG parameter from 0.1; to 0.05 in subDict fields.
In constant/mechanicalProperties, trying to change parameter E in subDict bread:
	In constant/mechanicalProperties, I have change val of E parameter from 12000; to 50000 in subDict bread.
In constant/mechanicalProperties, trying to change parameter mu0Raw in subDict bread:
	In constant/mechanicalProperties, I have change val of mu0Raw parameter from 300; to 219 in subDict bread.
In constant/mechanicalProperties, trying to change parameter kappa0Raw in subDict bread:
	In constant/mechanicalProperties, I have change val of kappa0Raw parameter from 1000; to 93.85714285714286 in subDict bread.
In constant/mechanicalProperties, trying to change parameter muV1Raw in subDict bread:
	In constant/mechanicalProperties, I have change val of muV1Raw parameter from 3000; to 400 in subDict bread.
In constant/mechanicalProperties, trying to change parameter muV2Raw in subDict bread:
	In constant/mechanicalProperties, I have change val of muV2Raw parameter from 3000; to 0 in subDict bread.
In constant/mechanicalProperties, trying to change parameter kappaVRaw in subDict bread:
	In constant/mechanicalProperties, I have change val of kappaVRaw parameter from 6000; to 171.42857142857144 in subDict bread.
In constant/mechanicalProperties, trying to change parameter mu0Baked in subDict bread:
	In constant/mechanicalProperties, I have change val of mu0Baked parameter from 12500; to 2847 in subDict bread.
In constant/mechanicalProperties, trying to change parameter kappa0Baked in subDict bread:
	In constant/mechanicalProperties, I have change val of kappa0Baked parameter from 40000; to 1220.1428571428573 in subDict bread.
In constant/mechanicalProperties, trying to change parameter tau1 in subDict bread:
	In constant/mechanicalProperties, I have change val of tau1 parameter from 1; to 15 in subDict bread.
In constant/mechanicalProperties, trying to change parameter tau2 in subDict bread:
	In constant/mechanicalProperties, I have change val of tau2 parameter from 1; to 1 in subDict bread.
In constant/mechanicalProperties, trying to change parameter tGelat in subDict bread:
	In constant/mechanicalProperties, I have change val of tGelat parameter from 65; to 65 in subDict bread.
I will execute commands in ../ZZ_cases/2026/V29/exp0_nonDef_False/V68_new_LucasLambda_nu015_1e-09_kOp_0.15_kCl_0.15_nu_0.15_mu0_219_muV1_400_mS_0.001_lambda_0.42_kH_16_kHB_17_r0_0.0009_per_1e-15/:
	1. chmod 755 ./* -R
	2. blockMesh > log.blockMesh
I will execute commands in ../ZZ_cases/2026/V29/exp0_nonDef_False/V68_new_LucasLambda_nu015_1e-09_kOp_0.15_kCl_0.15_nu_0.15_mu0_219_muV1_400_mS_0.001_lambda_0.42_kH_16_kHB_17_r0_0.0009_per_1e-15/:
	1. extrudeMesh > log.extrudeMesh
	2. rm -rf 0
	3. cp -r 0.org 0
	4. paraFoam -touch
In system/decomposeParDict, trying to change parameter numberOfSubdomains in subDict :
	In system/decomposeParDict, I have change val of numberOfSubdomains parameter from 2; to 8 in subDict .
I will execute commands in ../ZZ_cases/2026/V29/exp0_nonDef_False/V68_new_LucasLambda_nu015_1e-09_kOp_0.15_kCl_0.15_nu_0.15_mu0_219_muV1_400_mS_0.001_lambda_0.42_kH_16_kHB_17_r0_0.0009_per_1e-15/:
	1. decomposePar > log.decomposePar
	2. foamJob -parallel -screen breadBakingFoam > log.breadBakingFoam
In system/controlDict, trying to change parameter endTime in subDict :
	In system/controlDict, I have change val of endTime parameter from 2400; to 2850 in subDict .
In system/controlDict, trying to change parameter deltaT in subDict :
	In system/controlDict, I have change val of deltaT parameter from 5; to 0.5 in subDict .
In system/fvSolution, trying to change parameter nOuterCorrectors in subDict PIMPLE:
	In system/fvSolution, I have change val of nOuterCorrectors parameter from 100; to 100 in subDict PIMPLE.
In system/fvSolution, trying to change parameter omegaV in subDict fields:
	In system/fvSolution, I have change val of omegaV parameter from 0.05; to 0.05 in subDict fields.
In system/fvSolution, trying to change parameter pG in subDict fields:
	In system/fvSolution, I have change val of pG parameter from 0.05; to 0.05 in subDict fields.
In system/controlDict, trying to change parameter writeInterval in subDict :
	In system/controlDict, I have change val of writeInterval parameter from 200; to 20 in subDict .
	In system/controlDict, I have change val of writeInterval parameter from 200; to 20 in subDict .
I will execute commands in ../ZZ_cases/2026/V29/exp0_nonDef_False/V68_new_LucasLambda_nu015_1e-09_kOp_0.15_kCl_0.15_nu_0.15_mu0_219_muV1_400_mS_0.001_lambda_0.42_kH_16_kHB_17_r0_0.0009_per_1e-15/:
	1. foamJob -parallel -screen breadBakingFoam > log.breadBakingFoam_2
In system/controlDict, trying to change parameter endTime in subDict :
	In system/controlDict, I have change val of endTime parameter from 2850; to 3650 in subDict .
In system/controlDict, trying to change parameter deltaT in subDict :
	In system/controlDict, I have change val of deltaT parameter from 0.5; to 0.5 in subDict .
In constant/transportProperties, trying to change parameter withDeformation in subDict :
	In constant/transportProperties, I have change val of withDeformation parameter from 1; to 0 in subDict .
In system/fvSolution, trying to change parameter omegaV in subDict fields:
	In system/fvSolution, I have change val of omegaV parameter from 0.05; to 0.1 in subDict fields.
In system/fvSolution, trying to change parameter pG in subDict fields:
	In system/fvSolution, I have change val of pG parameter from 0.05; to 0.1 in subDict fields.
In system/fvSolution, trying to change parameter nOuterCorrectors in subDict PIMPLE:
	In system/fvSolution, I have change val of nOuterCorrectors parameter from 100; to 10 in subDict PIMPLE.
I will execute commands in ../ZZ_cases/2026/V29/exp0_nonDef_False/V68_new_LucasLambda_nu015_1e-09_kOp_0.15_kCl_0.15_nu_0.15_mu0_219_muV1_400_mS_0.001_lambda_0.42_kH_16_kHB_17_r0_0.0009_per_1e-15/:
	1. foamJob -parallel -screen breadBakingFoam > log.breadBakingFoam_3
Found OpenFOAMCase parallel times are:
	[3040.0, 2700.0, 2660.0, 3580.0, 3120.0, 0.0, 3080.0, 3380.0, 3320.0, 2860.0, 3520.0, 2820.0, 3400.0, 2900.0, 2640.0, 2980.0, 3620.0, 1000.0, 3540.0, 3300.0, 3600.0, 2600.0, 2460.0, 2680.0, 2540.0, 3160.0, 3640.0, 2480.0, 800.0, 2400.0, 2580.0, 1600.0, 2800.0, 2760.0, 2000.0, 3460.0, 2440.0, 3020.0, 3000.0, 1200.0, 3500.0, 1400.0, 3060.0, 2420.0, 1800.0, 2520.0, 3360.0, 3140.0, 2940.0, 3560.0, 3420.0, 2920.0, 2780.0, 3280.0, 2880.0, 3220.0, 3100.0, 3340.0, 200.0, 3440.0, 3260.0, 3240.0, 2720.0, 2200.0, 400.0, 3180.0, 3480.0, 2500.0, 2560.0, 2620.0, 2960.0, 3200.0, 600.0, 2740.0, 2840.0],
latestTime:
	3640
I will execute commands in ../ZZ_cases/2026/V29/exp0_nonDef_False/V68_new_LucasLambda_nu015_1e-09_kOp_0.15_kCl_0.15_nu_0.15_mu0_219_muV1_400_mS_0.001_lambda_0.42_kH_16_kHB_17_r0_0.0009_per_1e-15/:
	1. rm -rf processor*/0
	2. foamJob -parallel -screen postProcess -func "probeOur" -dict system/probeOur > log.postProcess
	3. foamJob -parallel -screen TLFProbe -point "(1e-3 1e-3 0)" > log.TPoint6
	4. foamJob -parallel -screen intMoisture > log.intMoisture
	5. foamJob -parallel -screen intWeigth > log.intWeigth
I will execute commands in ../ZZ_cases/2026/V29/exp0_nonDef_False/V68_new_LucasLambda_nu015_1e-09_kOp_0.15_kCl_0.15_nu_0.15_mu0_219_muV1_400_mS_0.001_lambda_0.42_kH_16_kHB_17_r0_0.0009_per_1e-15/:
	1. foamJob -parallel -screen TLFProbe -point "(0.0445 0.03128 0)" > log.TPoint1
I will execute commands in ../ZZ_cases/2026/V29/exp0_nonDef_False/V68_new_LucasLambda_nu015_1e-09_kOp_0.15_kCl_0.15_nu_0.15_mu0_219_muV1_400_mS_0.001_lambda_0.42_kH_16_kHB_17_r0_0.0009_per_1e-15/:
	1. foamJob -parallel -screen TLFProbe -point "(0.0435 0.010417 0)" > log.TPoint2
I will execute commands in ../ZZ_cases/2026/V29/exp0_nonDef_False/V68_new_LucasLambda_nu015_1e-09_kOp_0.15_kCl_0.15_nu_0.15_mu0_219_muV1_400_mS_0.001_lambda_0.42_kH_16_kHB_17_r0_0.0009_per_1e-15/:
No protocol specified
No protocol specified
	1. foamJob -parallel -screen TLFProbe -point "(0.0336 0.025907 0)" > log.TPoint3
I will execute commands in ../ZZ_cases/2026/V29/exp0_nonDef_False/V68_new_LucasLambda_nu015_1e-09_kOp_0.15_kCl_0.15_nu_0.15_mu0_219_muV1_400_mS_0.001_lambda_0.42_kH_16_kHB_17_r0_0.0009_per_1e-15/:
	1. foamJob -parallel -screen TLFProbe -point "(0.0146 0.047604 0)" > log.TPoint4
Loading all sheets from: ../Experiments2026/10_02_2026/Lab_test_2026_02_10.xlsm
  Sheet 'DATALOG': 32538 rows × 5 columns
  Sheet 'Data_Termo_1': 11554 rows × 25 columns
  Sheet 'Data_Termo_2': 6241 rows × 25 columns
  Sheet 'Data_Termo_3': 2547 rows × 25 columns
Loading all sheets from: ../Experiments2026/10_02_2026/Exp_2/opcua_log_20260210_144124.xlsx
  Sheet 'Sheet1': 1338 rows × 8 columns
Loading all sheets from: ../Experiments2026/10_02_2026/Lab_test_2026_02_10.xlsm
  Sheet 'DATALOG': 32538 rows × 5 columns
  Sheet 'Data_Termo_1': 11554 rows × 25 columns
  Sheet 'Data_Termo_2': 6241 rows × 25 columns
  Sheet 'Data_Termo_3': 2547 rows × 25 columns
Loading all sheets from: ../Experiments2026/10_02_2026/Exp_3/opcua_log_20260210_153553.xlsx
  Sheet 'Sheet1': 893 rows × 8 columns
Loading all sheets from: ../Experiments2026/11_02_2026/Lab_test_2026_02_11.xlsm
  Sheet 'Thermometers': 19 rows × 10 columns
  Sheet 'DATALOG': 19196 rows × 5 columns
  Sheet 'Data_Termo_1': 14022 rows × 25 columns
  Sheet 'Data_Termo_2': 10978 rows × 25 columns
  Sheet 'Data_Termo_3': 7613 rows × 25 columns
  Sheet 'Data_Termo_4': 3804 rows × 25 columns
Loading all sheets from: ../Experiments2026/11_02_2026/Exp_1/opcua_log_20260211_115313.xlsx
  Sheet 'Sheet1': 767 rows × 8 columns
Loading all sheets from: ../Experiments2026/11_02_2026/Lab_test_2026_02_11.xlsm
  Sheet 'Thermometers': 19 rows × 10 columns
  Sheet 'DATALOG': 19196 rows × 5 columns
  Sheet 'Data_Termo_1': 14022 rows × 25 columns
  Sheet 'Data_Termo_2': 10978 rows × 25 columns
  Sheet 'Data_Termo_3': 7613 rows × 25 columns
  Sheet 'Data_Termo_4': 3804 rows × 25 columns
Loading all sheets from: ../Experiments2026/11_02_2026/Exp_2/opcua_log_20260211_125251.xlsx
  Sheet 'Sheet1': 836 rows × 8 columns
Loading all sheets from: ../Experiments2026/11_02_2026/Lab_test_2026_02_11.xlsm
  Sheet 'Thermometers': 19 rows × 10 columns
  Sheet 'DATALOG': 19196 rows × 5 columns
  Sheet 'Data_Termo_1': 14022 rows × 25 columns
  Sheet 'Data_Termo_2': 10978 rows × 25 columns
  Sheet 'Data_Termo_3': 7613 rows × 25 columns
  Sheet 'Data_Termo_4': 3804 rows × 25 columns
Loading all sheets from: ../Experiments2026/11_02_2026/Exp_3/opcua_log_20260211_135519.xlsx
  Sheet 'Sheet1': 773 rows × 8 columns
Loading all sheets from: ../Experiments2026/11_02_2026/Lab_test_2026_02_11.xlsm
  Sheet 'Thermometers': 19 rows × 10 columns
  Sheet 'DATALOG': 19196 rows × 5 columns
  Sheet 'Data_Termo_1': 14022 rows × 25 columns
  Sheet 'Data_Termo_2': 10978 rows × 25 columns
  Sheet 'Data_Termo_3': 7613 rows × 25 columns
  Sheet 'Data_Termo_4': 3804 rows × 25 columns
Loading all sheets from: ../Experiments2026/11_02_2026/Exp_4/opcua_log_20260211_150638.xlsx
  Sheet 'Sheet1': 907 rows × 8 columns
[[2.00000000e+02 6.97568563e-03]
 [4.00000000e+02 6.97568880e-03]
 [6.00000000e+02 6.97569496e-03]
 [8.00000000e+02 6.97569904e-03]
 [1.00000000e+03 6.97570237e-03]
 [1.20000000e+03 6.97570491e-03]
 [1.40000000e+03 6.97570645e-03]
 [1.60000000e+03 6.97570698e-03]
 [1.80000000e+03 6.97570800e-03]
 [2.00000000e+03 6.97571839e-03]
 [2.20000000e+03 6.97575714e-03]
 [2.40000000e+03 6.97579685e-03]
 [2.42000000e+03 6.97581289e-03]
 [2.44000000e+03 6.97583754e-03]
 [2.46000000e+03 6.97586644e-03]
 [2.48000000e+03 6.97589605e-03]
 [2.50000000e+03 6.97592780e-03]
 [2.52000000e+03 6.97596280e-03]
 [2.54000000e+03 6.97600149e-03]
 [2.56000000e+03 6.97604402e-03]
 [2.58000000e+03 6.97608880e-03]
 [2.60000000e+03 6.97613687e-03]
 [2.62000000e+03 6.97618868e-03]
 [2.64000000e+03 6.97624368e-03]
 [2.66000000e+03 6.97630129e-03]
 [2.68000000e+03 6.97636319e-03]
 [2.70000000e+03 6.97642746e-03]
 [2.72000000e+03 6.97649683e-03]
 [2.74000000e+03 6.97657532e-03]
 [2.76000000e+03 6.97666591e-03]
 [2.78000000e+03 6.97675774e-03]
 [2.80000000e+03 6.97686867e-03]
 [2.82000000e+03 6.97699186e-03]
 [2.84000000e+03 6.97712144e-03]
 [2.86000000e+03 6.97722915e-03]
 [2.88000000e+03 6.97733624e-03]
 [2.90000000e+03 6.97744396e-03]
 [2.92000000e+03 6.97754950e-03]
 [2.94000000e+03 6.97764715e-03]
 [2.96000000e+03 6.97773861e-03]
 [2.98000000e+03 6.97782749e-03]
 [3.00000000e+03 6.97791412e-03]
 [3.02000000e+03 6.97799935e-03]
 [3.04000000e+03 6.97808636e-03]
 [3.06000000e+03 6.97817282e-03]
 [3.08000000e+03 6.97825931e-03]
 [3.10000000e+03 6.97834546e-03]
 [3.12000000e+03 6.97842956e-03]
 [3.14000000e+03 6.97850902e-03]
 [3.16000000e+03 6.97858636e-03]
 [3.18000000e+03 6.97866262e-03]
 [3.20000000e+03 6.97873730e-03]
 [3.22000000e+03 6.97880963e-03]
 [3.24000000e+03 6.97887802e-03]
 [3.26000000e+03 6.97894292e-03]
 [3.28000000e+03 6.97900660e-03]
 [3.30000000e+03 6.97906804e-03]
 [3.32000000e+03 6.97912577e-03]
 [3.34000000e+03 6.97918069e-03]
 [3.36000000e+03 6.97923283e-03]
 [3.38000000e+03 6.97928202e-03]
 [3.40000000e+03 6.97932682e-03]
 [3.42000000e+03 6.97936890e-03]
 [3.44000000e+03 6.97940816e-03]
 [3.46000000e+03 6.97944478e-03]
 [3.48000000e+03 6.97947863e-03]
 [3.50000000e+03 6.97951031e-03]
 [3.52000000e+03 6.97953949e-03]
 [3.54000000e+03 6.97956702e-03]
 [3.56000000e+03 6.97959324e-03]
 [3.58000000e+03 6.97961675e-03]
 [3.60000000e+03 6.97963863e-03]
 [3.62000000e+03 6.97965890e-03]
 [3.64000000e+03 6.97967783e-03]]
(74, 2)
New OpenFOAMCase has been initialized, starting directory is:
	/butterfly2/hlavatyo/bread/breadBakingFoamTechMathGroup/pyCtrlScripts
OpenFOAMCase.baseCase has been set to :
	../tutorials/bread3DOurExp/
OpenFOAMCase directory has been changed from:
	../tutorials/bread3DOurExp/ to ../ZZ_cases/2026/V29/exp0_nonDef_False/V61_pGBC_LucasLambda_nu015_5e-10_kOp_0.15_kCl_0.15_nu_0.15_mu0_219_muV1_400_mS_0.001_lambda_0.42_kH_16_kHB_17_r0_0.0014_per_1e-15/
OpenFOAMCase.baseDir has been copied to OpenFOAMCase.dir:
	 ../tutorials/bread3DOurExp/ --> ../ZZ_cases/2026/V29/exp0_nonDef_False/V61_pGBC_LucasLambda_nu015_5e-10_kOp_0.15_kCl_0.15_nu_0.15_mu0_219_muV1_400_mS_0.001_lambda_0.42_kH_16_kHB_17_r0_0.0014_per_1e-15/
In 0.org/omegaV, trying to change parameter kM in subDict sides:
	In 0.org/omegaV, I have change val of kM parameter from 0.01; to 0.01 in subDict sides.
In 0.org/omegaV, trying to change parameter kM in subDict bottom:
	In 0.org/omegaV, I have change val of kM parameter from 1e-5; to 0.01 in subDict bottom.
In 0.org/omegaV, trying to change parameter kM in subDict bottom2:
	In 0.org/omegaV, I have change val of kM parameter from 1e-5; to 0.01 in subDict bottom2.
In 0.org/omegaC, trying to change parameter kM in subDict sides:
	In 0.org/omegaC, I have change val of kM parameter from 1e-5; to 0.01 in subDict sides.
In 0.org/omegaC, trying to change parameter kM in subDict bottom:
	In 0.org/omegaC, I have change val of kM parameter from 1e-5; to 0.01 in subDict bottom.
In 0.org/omegaC, trying to change parameter kM in subDict bottom2:
	In 0.org/omegaC, I have change val of kM parameter from 1e-5; to 0.01 in subDict bottom2.
In 0.org/T, trying to change parameter alpha in subDict sides:
	In 0.org/T, I have change val of alpha parameter from 9.5; to 16 in subDict sides.
In 0.org/T, trying to change parameter alpha in subDict bottom:
	In 0.org/T, I have change val of alpha parameter from 9.5; to 17 in subDict bottom.
In 0.org/T, trying to change parameter alpha in subDict bottom2:
	In 0.org/T, I have change val of alpha parameter from 9.5; to 17 in subDict bottom2.
In 0.org/T, trying to change parameter internalField in subDict :
	In 0.org/T, I have change val of internalField parameter from uniform 302.5; to uniform 297 in subDict .
Loading all sheets from: ../Experiments2026/10_02_2026/Lab_test_2026_02_10.xlsm
  Sheet 'DATALOG': 32538 rows × 5 columns
  Sheet 'Data_Termo_1': 11554 rows × 25 columns
  Sheet 'Data_Termo_2': 6241 rows × 25 columns
  Sheet 'Data_Termo_3': 2547 rows × 25 columns
In constant/transportProperties, trying to change parameter withDeformation in subDict :
	In constant/transportProperties, I have change val of withDeformation parameter from 1; to 1 in subDict .
In constant/transportProperties, trying to change parameter permGLViscG in subDict :
	In constant/transportProperties, I have change val of permGLViscG parameter from 9e-13; to 1e-15 in subDict .
In constant/transportProperties, trying to change parameter tortOpen in subDict :
	In constant/transportProperties, I have change val of tortOpen parameter from 2; to 2.4 in subDict .
In constant/transportProperties, trying to change parameter tortClosed in subDict :
	In constant/transportProperties, I have change val of tortClosed parameter from 10; to 70 in subDict .
In constant/thermophysicalProperties, trying to change parameter lambda in subDict solid:
	In constant/thermophysicalProperties, I have change val of lambda parameter from 0.47; to 0.42 in subDict solid.
In constant/thermophysicalProperties, trying to change parameter rho in subDict solid:
	In constant/thermophysicalProperties, I have change val of rho parameter from 700; to 701 in subDict solid.
In constant/thermophysicalProperties, trying to change parameter Cp in subDict solid:
	In constant/thermophysicalProperties, I have change val of Cp parameter from 600; to 1130 in subDict solid.
In constant/thermophysicalProperties, trying to change parameter Cp in subDict liquid:
	In constant/thermophysicalProperties, I have change val of Cp parameter from 4200; to 4200 in subDict liquid.
In constant/thermophysicalProperties, trying to change parameter Cp in subDict CO2:
	In constant/thermophysicalProperties, I have change val of Cp parameter from 853; to 853 in subDict CO2.
In constant/thermophysicalProperties, trying to change parameter Cp in subDict vapor:
	In constant/thermophysicalProperties, I have change val of Cp parameter from 1878; to 1878 in subDict vapor.
In constant/thermophysicalProperties, trying to change parameter D in subDict transport:
	In constant/thermophysicalProperties, I have change val of D parameter from 5e-06; to 2.6e-05 in subDict transport.
In constant/thermophysicalProperties, trying to change parameter Dl in subDict transport:
	In constant/thermophysicalProperties, I have change val of Dl parameter from 5e-10; to 5e-10 in subDict transport.
	In constant/thermophysicalProperties, I have change val of Dl parameter from 2e-11; to 5e-10 in subDict transport.
	In constant/thermophysicalProperties, I have change val of Dl parameter from 5e-12; to 5e-10 in subDict transport.
	In constant/thermophysicalProperties, I have change val of Dl parameter from 8e-12; to 5e-10 in subDict transport.
	In constant/thermophysicalProperties, I have change val of Dl parameter from 2e-11; to 5e-10 in subDict transport.
	In constant/thermophysicalProperties, I have change val of Dl parameter from 2e-10; to 5e-10 in subDict transport.
	In constant/thermophysicalProperties, I have change val of Dl parameter from 1e-9; to 5e-10 in subDict transport.
	In constant/thermophysicalProperties, I have change val of Dl parameter from 5e-10; to 5e-10 in subDict transport.
	In constant/thermophysicalProperties, I have change val of Dl parameter from 1.5e-11; to 5e-10 in subDict transport.
In constant/reactiveProperties, trying to change parameter kMPCOpen in subDict evaporation:
	In constant/reactiveProperties, I have change val of kMPCOpen parameter from 0.42; to 0.15 in subDict evaporation.
In constant/reactiveProperties, trying to change parameter kMPCClosed in subDict evaporation:
	In constant/reactiveProperties, I have change val of kMPCClosed parameter from 0.42; to 0.15 in subDict evaporation.
In constant/reactiveProperties, trying to change parameter R0 in subDict fermentation:
	In constant/reactiveProperties, I have change val of R0 parameter from 0.0022; to 0.0014 in subDict fermentation.
In constant/reactiveProperties, trying to change parameter Tm in subDict fermentation:
	In constant/reactiveProperties, I have change val of Tm parameter from 314; to 313 in subDict fermentation.
In constant/reactiveProperties, trying to change parameter deltaT in subDict fermentation:
	In constant/reactiveProperties, I have change val of deltaT parameter from 10; to 14 in subDict fermentation.
In system/controlDict, trying to change parameter endTime in subDict :
	In system/controlDict, I have change val of endTime parameter from 900; to 2400 in subDict .
In system/controlDict, trying to change parameter deltaT in subDict :
	In system/controlDict, I have change val of deltaT parameter from 1; to 5 in subDict .
In system/controlDict, trying to change parameter writeInterval in subDict :
	In system/controlDict, I have change val of writeInterval parameter from 20; to 200 in subDict .
	In system/controlDict, I have change val of writeInterval parameter from 20; to 200 in subDict .
In system/fvSolution, trying to change parameter nOuterCorrectors in subDict PIMPLE:
	In system/fvSolution, I have change val of nOuterCorrectors parameter from 250; to 400 in subDict PIMPLE.
In system/fvSolution, trying to change parameter D in subDict fields:
	In system/fvSolution, I have change val of D parameter from 0.1; to 0.1 in subDict fields.
In system/fvSolution, trying to change parameter DFinal in subDict fields:
	In system/fvSolution, I have change val of DFinal parameter from 0.1; to 1 in subDict fields.
In system/fvSolution, trying to change parameter omegaV in subDict fields:
	In system/fvSolution, I have change val of omegaV parameter from 0.1; to 0.05 in subDict fields.
--> FOAM IOWarning :
    Found [v1012] 'convertToMeters' entry instead of 'scale' in dictionary "system/blockMeshDict"

    This keyword is 156 months old.

Created 'V61_pGBC_LucasLambda_nu015_5e-10_kOp_0.15_kCl_0.15_nu_0.15_mu0_219_muV1_400_mS_0.001_lambda_0.42_kH_16_kHB_17_r0_0.0014_per_1e-15.OpenFOAM'
No protocol specified
No protocol specified
[0] [stack trace]
[0] =============
[0] #1  Foam::sigFpe::sigHandler(int) in /usr/lib/openfoam/openfoam2312/platforms/linux64GccDPInt32Opt/lib/libOpenFOAM.so
[0] #2  ? in /lib/x86_64-linux-gnu/libpthread.so.0
[0] #3  ? in /lib/x86_64-linux-gnu/libm.so.6
[0] #4  powf64 in /lib/x86_64-linux-gnu/libm.so.6
[0] #5  Foam::pow(Foam::Field<double>&, Foam::UList<double> const&, double const&) in /usr/lib/openfoam/openfoam2312/platforms/linux64GccDPInt32Opt/lib/libOpenFOAM.so
[0] #6  void Foam::pow<Foam::fvPatchField, Foam::volMesh>(Foam::GeometricField<double, Foam::fvPatchField, Foam::volMesh>&, Foam::GeometricField<double, Foam::fvPatchField, Foam::volMesh> const&, Foam::dimensioned<double> const&) in ~/OpenFOAM/hlavatyo-v2312/platforms/linux64GccDPInt32Opt/bin/breadBakingFoam
[0] #7  Foam::tmp<Foam::GeometricField<double, Foam::fvPatchField, Foam::volMesh> > Foam::pow<Foam::fvPatchField, Foam::volMesh>(Foam::GeometricField<double, Foam::fvPatchField, Foam::volMesh> const&, Foam::dimensioned<double> const&) in ~/OpenFOAM/hlavatyo-v2312/platforms/linux64GccDPInt32Opt/bin/breadBakingFoam
[0] #8  Foam::tmp<Foam::GeometricField<double, Foam::fvPatchField, Foam::volMesh> > Foam::pow<Foam::fvPatchField, Foam::volMesh>(Foam::GeometricField<double, Foam::fvPatchField, Foam::volMesh> const&, double const&) in ~/OpenFOAM/hlavatyo-v2312/platforms/linux64GccDPInt32Opt/bin/breadBakingFoam
[0] #9  ? in ~/OpenFOAM/hlavatyo-v2312/platforms/linux64GccDPInt32Opt/bin/breadBakingFoam
[0] #10  __libc_start_main in /lib/x86_64-linux-gnu/libc.so.6
[0] #11  ? in ~/OpenFOAM/hlavatyo-v2312/platforms/linux64GccDPInt32Opt/bin/breadBakingFoam
[0] =============
[butterfly:3917080] *** Process received signal ***
[butterfly:3917080] Signal: Floating point exception (8)
[butterfly:3917080] Signal code:  (-6)
[butterfly:3917080] Failing at address: 0x198003bc518
[butterfly:3917080] [ 0] /lib/x86_64-linux-gnu/libpthread.so.0(+0x14420)[0x145cc8f07420]
[butterfly:3917080] [ 1] /lib/x86_64-linux-gnu/libpthread.so.0(raise+0xcb)[0x145cc8f072ab]
[butterfly:3917080] [ 2] /lib/x86_64-linux-gnu/libpthread.so.0(+0x14420)[0x145cc8f07420]
[butterfly:3917080] [ 3] /lib/x86_64-linux-gnu/libm.so.6(+0x7c470)[0x145cc8faf470]
[butterfly:3917080] [ 4] /lib/x86_64-linux-gnu/libm.so.6(powf64+0x18)[0x145cc8f74278]
[butterfly:3917080] [ 5] /usr/lib/openfoam/openfoam2312/platforms/linux64GccDPInt32Opt/lib/libOpenFOAM.so(_ZN4Foam3powERNS_5FieldIdEERKNS_5UListIdEERKd+0x39)[0x145cc9b8db09]
[butterfly:3917080] [ 6] breadBakingFoam(_ZN4Foam3powINS_12fvPatchFieldENS_7volMeshEEEvRNS_14GeometricFieldIdT_T0_EERKS6_RKNS_11dimensionedIdEE+0x4c)[0x55eb71b1e4ec]
[butterfly:3917080] [ 7] breadBakingFoam(_ZN4Foam3powINS_12fvPatchFieldENS_7volMeshEEENS_3tmpINS_14GeometricFieldIdT_T0_EEEERKS7_RKNS_11dimensionedIdEE+0x2ab)[0x55eb71b7220b]
[butterfly:3917080] [ 8] breadBakingFoam(_ZN4Foam3powINS_12fvPatchFieldENS_7volMeshEEENS_3tmpINS_14GeometricFieldIdT_T0_EEEERKS7_RKd+0x5f)[0x55eb71b7243f]
[butterfly:3917080] [ 9] breadBakingFoam(+0x3cabe)[0x55eb71afaabe]
[butterfly:3917080] [10] /lib/x86_64-linux-gnu/libc.so.6(__libc_start_main+0xf3)[0x145cc8d25083]
[butterfly:3917080] [11] breadBakingFoam(+0x46d3e)[0x55eb71b04d3e]
[butterfly:3917080] *** End of error message ***
--------------------------------------------------------------------------
Primary job  terminated normally, but 1 process returned
a non-zero exit code. Per user-direction, the job has been aborted.
--------------------------------------------------------------------------
--------------------------------------------------------------------------
mpirun noticed that process rank 0 with PID 0 on node butterfly exited on signal 8 (Floating point exception).
--------------------------------------------------------------------------
No protocol specified
[0] [stack trace]
[0] =============
[0] #1  Foam::sigFpe::sigHandler(int) in /usr/lib/openfoam/openfoam2312/platforms/linux64GccDPInt32Opt/lib/libOpenFOAM.so
[0] #2  ? in /lib/x86_64-linux-gnu/libpthread.so.0
[0] #3  ? in /lib/x86_64-linux-gnu/libm.so.6
[0] #4  powf64 in /lib/x86_64-linux-gnu/libm.so.6
[0] #5  Foam::pow(Foam::Field<double>&, Foam::UList<double> const&, double const&) in /usr/lib/openfoam/openfoam2312/platforms/linux64GccDPInt32Opt/lib/libOpenFOAM.so
[0] #6  void Foam::pow<Foam::fvPatchField, Foam::volMesh>(Foam::GeometricField<double, Foam::fvPatchField, Foam::volMesh>&, Foam::GeometricField<double, Foam::fvPatchField, Foam::volMesh> const&, Foam::dimensioned<double> const&) in ~/OpenFOAM/hlavatyo-v2312/platforms/linux64GccDPInt32Opt/bin/breadBakingFoam
[0] #7  Foam::tmp<Foam::GeometricField<double, Foam::fvPatchField, Foam::volMesh> > Foam::pow<Foam::fvPatchField, Foam::volMesh>(Foam::tmp<Foam::GeometricField<double, Foam::fvPatchField, Foam::volMesh> > const&, Foam::dimensioned<double> const&) in ~/OpenFOAM/hlavatyo-v2312/platforms/linux64GccDPInt32Opt/bin/breadBakingFoam
[0] #8  Foam::tmp<Foam::GeometricField<double, Foam::fvPatchField, Foam::volMesh> > Foam::pow<Foam::fvPatchField, Foam::volMesh>(Foam::tmp<Foam::GeometricField<double, Foam::fvPatchField, Foam::volMesh> > const&, double const&) in ~/OpenFOAM/hlavatyo-v2312/platforms/linux64GccDPInt32Opt/bin/breadBakingFoam
[0] #9  ? in ~/OpenFOAM/hlavatyo-v2312/platforms/linux64GccDPInt32Opt/bin/breadBakingFoam
[0] #10  __libc_start_main in /lib/x86_64-linux-gnu/libc.so.6
[0] #11  ? in ~/OpenFOAM/hlavatyo-v2312/platforms/linux64GccDPInt32Opt/bin/breadBakingFoam
[0] =============
[butterfly:3921569] *** Process received signal ***
[butterfly:3921569] Signal: Floating point exception (8)
[butterfly:3921569] Signal code:  (-6)
[butterfly:3921569] Failing at address: 0x198003bd6a1
[butterfly:3921569] [ 0] /lib/x86_64-linux-gnu/libpthread.so.0(+0x14420)[0x147af856c420]
[butterfly:3921569] [ 1] /lib/x86_64-linux-gnu/libpthread.so.0(raise+0xcb)[0x147af856c2ab]
[butterfly:3921569] [ 2] /lib/x86_64-linux-gnu/libpthread.so.0(+0x14420)[0x147af856c420]
[butterfly:3921569] [ 3] /lib/x86_64-linux-gnu/libm.so.6(+0x7c470)[0x147af8614470]
[butterfly:3921569] [ 4] /lib/x86_64-linux-gnu/libm.so.6(powf64+0x18)[0x147af85d9278]
[butterfly:3921569] [ 5] /usr/lib/openfoam/openfoam2312/platforms/linux64GccDPInt32Opt/lib/libOpenFOAM.so(_ZN4Foam3powERNS_5FieldIdEERKNS_5UListIdEERKd+0x39)[0x147af91f2b09]
[butterfly:3921569] [ 6] breadBakingFoam(_ZN4Foam3powINS_12fvPatchFieldENS_7volMeshEEEvRNS_14GeometricFieldIdT_T0_EERKS6_RKNS_11dimensionedIdEE+0x4c)[0x55c722d054ec]
[butterfly:3921569] [ 7] breadBakingFoam(_ZN4Foam3powINS_12fvPatchFieldENS_7volMeshEEENS_3tmpINS_14GeometricFieldIdT_T0_EEEERKS8_RKNS_11dimensionedIdEE+0x2a3)[0x55c722d5e883]
[butterfly:3921569] [ 8] breadBakingFoam(_ZN4Foam3powINS_12fvPatchFieldENS_7volMeshEEENS_3tmpINS_14GeometricFieldIdT_T0_EEEERKS8_RKd+0x5f)[0x55c722d5eabf]
[butterfly:3921569] [ 9] breadBakingFoam(+0x3b6e1)[0x55c722ce06e1]
[butterfly:3921569] [10] /lib/x86_64-linux-gnu/libc.so.6(__libc_start_main+0xf3)[0x147af838a083]
[butterfly:3921569] [11] breadBakingFoam(+0x46d3e)[0x55c722cebd3e]
[butterfly:3921569] *** End of error message ***
--------------------------------------------------------------------------
Primary job  terminated normally, but 1 process returned
a non-zero exit code. Per user-direction, the job has been aborted.
--------------------------------------------------------------------------
--------------------------------------------------------------------------
mpirun noticed that process rank 0 with PID 0 on node butterfly exited on signal 8 (Floating point exception).
--------------------------------------------------------------------------
No protocol specified
No protocol specified
No protocol specified
No protocol specified
No protocol specified
No protocol specified
No protocol specified
No protocol specified
In system/fvSolution, trying to change parameter omegaC in subDict fields:
	In system/fvSolution, I have change val of omegaC parameter from 0.1; to 0.05 in subDict fields.
In system/fvSolution, trying to change parameter pG in subDict fields:
	In system/fvSolution, I have change val of pG parameter from 0.1; to 0.05 in subDict fields.
In constant/mechanicalProperties, trying to change parameter E in subDict bread:
	In constant/mechanicalProperties, I have change val of E parameter from 12000; to 50000 in subDict bread.
In constant/mechanicalProperties, trying to change parameter mu0Raw in subDict bread:
	In constant/mechanicalProperties, I have change val of mu0Raw parameter from 300; to 219 in subDict bread.
In constant/mechanicalProperties, trying to change parameter kappa0Raw in subDict bread:
	In constant/mechanicalProperties, I have change val of kappa0Raw parameter from 1000; to 93.85714285714286 in subDict bread.
In constant/mechanicalProperties, trying to change parameter muV1Raw in subDict bread:
	In constant/mechanicalProperties, I have change val of muV1Raw parameter from 3000; to 400 in subDict bread.
In constant/mechanicalProperties, trying to change parameter muV2Raw in subDict bread:
	In constant/mechanicalProperties, I have change val of muV2Raw parameter from 3000; to 0 in subDict bread.
In constant/mechanicalProperties, trying to change parameter kappaVRaw in subDict bread:
	In constant/mechanicalProperties, I have change val of kappaVRaw parameter from 6000; to 171.42857142857144 in subDict bread.
In constant/mechanicalProperties, trying to change parameter mu0Baked in subDict bread:
	In constant/mechanicalProperties, I have change val of mu0Baked parameter from 12500; to 2847 in subDict bread.
In constant/mechanicalProperties, trying to change parameter kappa0Baked in subDict bread:
	In constant/mechanicalProperties, I have change val of kappa0Baked parameter from 40000; to 1220.1428571428573 in subDict bread.
In constant/mechanicalProperties, trying to change parameter tau1 in subDict bread:
	In constant/mechanicalProperties, I have change val of tau1 parameter from 1; to 15 in subDict bread.
In constant/mechanicalProperties, trying to change parameter tau2 in subDict bread:
	In constant/mechanicalProperties, I have change val of tau2 parameter from 1; to 1 in subDict bread.
In constant/mechanicalProperties, trying to change parameter tGelat in subDict bread:
	In constant/mechanicalProperties, I have change val of tGelat parameter from 65; to 65 in subDict bread.
I will execute commands in ../ZZ_cases/2026/V29/exp0_nonDef_False/V61_pGBC_LucasLambda_nu015_5e-10_kOp_0.15_kCl_0.15_nu_0.15_mu0_219_muV1_400_mS_0.001_lambda_0.42_kH_16_kHB_17_r0_0.0014_per_1e-15/:
	1. chmod 755 ./* -R
	2. blockMesh > log.blockMesh
I will execute commands in ../ZZ_cases/2026/V29/exp0_nonDef_False/V61_pGBC_LucasLambda_nu015_5e-10_kOp_0.15_kCl_0.15_nu_0.15_mu0_219_muV1_400_mS_0.001_lambda_0.42_kH_16_kHB_17_r0_0.0014_per_1e-15/:
	1. extrudeMesh > log.extrudeMesh
	2. rm -rf 0
	3. cp -r 0.org 0
	4. paraFoam -touch
In system/decomposeParDict, trying to change parameter numberOfSubdomains in subDict :
	In system/decomposeParDict, I have change val of numberOfSubdomains parameter from 2; to 8 in subDict .
I will execute commands in ../ZZ_cases/2026/V29/exp0_nonDef_False/V61_pGBC_LucasLambda_nu015_5e-10_kOp_0.15_kCl_0.15_nu_0.15_mu0_219_muV1_400_mS_0.001_lambda_0.42_kH_16_kHB_17_r0_0.0014_per_1e-15/:
	1. decomposePar > log.decomposePar
	2. foamJob -parallel -screen breadBakingFoam > log.breadBakingFoam
In system/controlDict, trying to change parameter endTime in subDict :
	In system/controlDict, I have change val of endTime parameter from 2400; to 2850 in subDict .
In system/controlDict, trying to change parameter deltaT in subDict :
	In system/controlDict, I have change val of deltaT parameter from 5; to 0.25 in subDict .
In system/fvSolution, trying to change parameter nOuterCorrectors in subDict PIMPLE:
	In system/fvSolution, I have change val of nOuterCorrectors parameter from 400; to 400 in subDict PIMPLE.
In system/fvSolution, trying to change parameter omegaV in subDict fields:
	In system/fvSolution, I have change val of omegaV parameter from 0.05; to 0.05 in subDict fields.
In system/fvSolution, trying to change parameter pG in subDict fields:
	In system/fvSolution, I have change val of pG parameter from 0.05; to 0.05 in subDict fields.
In system/controlDict, trying to change parameter writeInterval in subDict :
	In system/controlDict, I have change val of writeInterval parameter from 200; to 20 in subDict .
	In system/controlDict, I have change val of writeInterval parameter from 200; to 20 in subDict .
I will execute commands in ../ZZ_cases/2026/V29/exp0_nonDef_False/V61_pGBC_LucasLambda_nu015_5e-10_kOp_0.15_kCl_0.15_nu_0.15_mu0_219_muV1_400_mS_0.001_lambda_0.42_kH_16_kHB_17_r0_0.0014_per_1e-15/:
	1. foamJob -parallel -screen breadBakingFoam > log.breadBakingFoam_2
In system/controlDict, trying to change parameter endTime in subDict :
	In system/controlDict, I have change val of endTime parameter from 2850; to 3650 in subDict .
In system/controlDict, trying to change parameter deltaT in subDict :
	In system/controlDict, I have change val of deltaT parameter from 0.25; to 0.5 in subDict .
In constant/transportProperties, trying to change parameter withDeformation in subDict :
	In constant/transportProperties, I have change val of withDeformation parameter from 1; to 0 in subDict .
In system/fvSolution, trying to change parameter omegaV in subDict fields:
	In system/fvSolution, I have change val of omegaV parameter from 0.05; to 0.1 in subDict fields.
In system/fvSolution, trying to change parameter pG in subDict fields:
	In system/fvSolution, I have change val of pG parameter from 0.05; to 0.1 in subDict fields.
In system/fvSolution, trying to change parameter nOuterCorrectors in subDict PIMPLE:
	In system/fvSolution, I have change val of nOuterCorrectors parameter from 400; to 10 in subDict PIMPLE.
I will execute commands in ../ZZ_cases/2026/V29/exp0_nonDef_False/V61_pGBC_LucasLambda_nu015_5e-10_kOp_0.15_kCl_0.15_nu_0.15_mu0_219_muV1_400_mS_0.001_lambda_0.42_kH_16_kHB_17_r0_0.0014_per_1e-15/:
	1. foamJob -parallel -screen breadBakingFoam > log.breadBakingFoam_3
Found OpenFOAMCase parallel times are:
	[0.0, 1000.0, 2460.0, 2540.0, 2480.0, 800.0, 2400.0, 2580.0, 1600.0, 2000.0, 2440.0, 1200.0, 1400.0, 2420.0, 1800.0, 2520.0, 200.0, 2200.0, 400.0, 2500.0, 2560.0, 600.0],
latestTime:
	2580
I will execute commands in ../ZZ_cases/2026/V29/exp0_nonDef_False/V61_pGBC_LucasLambda_nu015_5e-10_kOp_0.15_kCl_0.15_nu_0.15_mu0_219_muV1_400_mS_0.001_lambda_0.42_kH_16_kHB_17_r0_0.0014_per_1e-15/:
	1. rm -rf processor*/0
	2. foamJob -parallel -screen postProcess -func "probeOur" -dict system/probeOur > log.postProcess
	3. foamJob -parallel -screen TLFProbe -point "(1e-3 1e-3 0)" > log.TPoint6
	4. foamJob -parallel -screen intMoisture > log.intMoisture
	5. foamJob -parallel -screen intWeigth > log.intWeigth
I will execute commands in ../ZZ_cases/2026/V29/exp0_nonDef_False/V61_pGBC_LucasLambda_nu015_5e-10_kOp_0.15_kCl_0.15_nu_0.15_mu0_219_muV1_400_mS_0.001_lambda_0.42_kH_16_kHB_17_r0_0.0014_per_1e-15/:
	1. foamJob -parallel -screen TLFProbe -point "(0.0445 0.03128 0)" > log.TPoint1
I will execute commands in ../ZZ_cases/2026/V29/exp0_nonDef_False/V61_pGBC_LucasLambda_nu015_5e-10_kOp_0.15_kCl_0.15_nu_0.15_mu0_219_muV1_400_mS_0.001_lambda_0.42_kH_16_kHB_17_r0_0.0014_per_1e-15/:
	1. foamJob -parallel -screen TLFProbe -point "(0.0435 0.010417 0)" > log.TPoint2
I will execute commands in ../ZZ_cases/2026/V29/exp0_nonDef_False/V61_pGBC_LucasLambda_nu015_5e-10_kOp_0.15_kCl_0.15_nu_0.15_mu0_219_muV1_400_mS_0.001_lambda_0.42_kH_16_kHB_17_r0_0.0014_per_1e-15/:
	1. foamJob -parallel -screen TLFProbe -point "(0.0336 0.025907 0)" > log.TPoint3
I will execute commands in ../ZZ_cases/2026/V29/exp0_nonDef_False/V61_pGBC_LucasLambda_nu015_5e-10_kOp_0.15_kCl_0.15_nu_0.15_mu0_219_muV1_400_mS_0.001_lambda_0.42_kH_16_kHB_17_r0_0.0014_per_1e-15/:
	1. foamJob -parallel -screen TLFProbe -point "(0.0146 0.047604 0)" > log.TPoint4
Loading all sheets from: ../Experiments2026/10_02_2026/Lab_test_2026_02_10.xlsm
  Sheet 'DATALOG': 32538 rows × 5 columns
  Sheet 'Data_Termo_1': 11554 rows × 25 columns
  Sheet 'Data_Termo_2': 6241 rows × 25 columns
  Sheet 'Data_Termo_3': 2547 rows × 25 columns
Loading all sheets from: ../Experiments2026/10_02_2026/Exp_2/opcua_log_20260210_144124.xlsx
  Sheet 'Sheet1': 1338 rows × 8 columns
Loading all sheets from: ../Experiments2026/10_02_2026/Lab_test_2026_02_10.xlsm
  Sheet 'DATALOG': 32538 rows × 5 columns
  Sheet 'Data_Termo_1': 11554 rows × 25 columns
  Sheet 'Data_Termo_2': 6241 rows × 25 columns
  Sheet 'Data_Termo_3': 2547 rows × 25 columns
Loading all sheets from: ../Experiments2026/10_02_2026/Exp_3/opcua_log_20260210_153553.xlsx
  Sheet 'Sheet1': 893 rows × 8 columns
Loading all sheets from: ../Experiments2026/11_02_2026/Lab_test_2026_02_11.xlsm
  Sheet 'Thermometers': 19 rows × 10 columns
  Sheet 'DATALOG': 19196 rows × 5 columns
  Sheet 'Data_Termo_1': 14022 rows × 25 columns
  Sheet 'Data_Termo_2': 10978 rows × 25 columns
  Sheet 'Data_Termo_3': 7613 rows × 25 columns
  Sheet 'Data_Termo_4': 3804 rows × 25 columns
Loading all sheets from: ../Experiments2026/11_02_2026/Exp_1/opcua_log_20260211_115313.xlsx
  Sheet 'Sheet1': 767 rows × 8 columns
Loading all sheets from: ../Experiments2026/11_02_2026/Lab_test_2026_02_11.xlsm
  Sheet 'Thermometers': 19 rows × 10 columns
  Sheet 'DATALOG': 19196 rows × 5 columns
  Sheet 'Data_Termo_1': 14022 rows × 25 columns
  Sheet 'Data_Termo_2': 10978 rows × 25 columns
  Sheet 'Data_Termo_3': 7613 rows × 25 columns
  Sheet 'Data_Termo_4': 3804 rows × 25 columns
Loading all sheets from: ../Experiments2026/11_02_2026/Exp_2/opcua_log_20260211_125251.xlsx
  Sheet 'Sheet1': 836 rows × 8 columns
Loading all sheets from: ../Experiments2026/11_02_2026/Lab_test_2026_02_11.xlsm
  Sheet 'Thermometers': 19 rows × 10 columns
  Sheet 'DATALOG': 19196 rows × 5 columns
  Sheet 'Data_Termo_1': 14022 rows × 25 columns
  Sheet 'Data_Termo_2': 10978 rows × 25 columns
  Sheet 'Data_Termo_3': 7613 rows × 25 columns
  Sheet 'Data_Termo_4': 3804 rows × 25 columns
Loading all sheets from: ../Experiments2026/11_02_2026/Exp_3/opcua_log_20260211_135519.xlsx
  Sheet 'Sheet1': 773 rows × 8 columns
Loading all sheets from: ../Experiments2026/11_02_2026/Lab_test_2026_02_11.xlsm
  Sheet 'Thermometers': 19 rows × 10 columns
  Sheet 'DATALOG': 19196 rows × 5 columns
  Sheet 'Data_Termo_1': 14022 rows × 25 columns
  Sheet 'Data_Termo_2': 10978 rows × 25 columns
  Sheet 'Data_Termo_3': 7613 rows × 25 columns
  Sheet 'Data_Termo_4': 3804 rows × 25 columns
Loading all sheets from: ../Experiments2026/11_02_2026/Exp_4/opcua_log_20260211_150638.xlsx
  Sheet 'Sheet1': 907 rows × 8 columns
[[2.00000000e+02 6.97568888e-03]
 [4.00000000e+02 6.97569330e-03]
 [6.00000000e+02 6.97569809e-03]
 [8.00000000e+02 6.97570354e-03]
 [1.00000000e+03 6.97570927e-03]
 [1.20000000e+03 6.97571634e-03]
 [1.40000000e+03 6.97572236e-03]
 [1.60000000e+03 6.97573068e-03]
 [1.80000000e+03 6.97574198e-03]
 [2.00000000e+03 6.97575367e-03]
 [2.20000000e+03 6.97576456e-03]
 [2.40000000e+03 6.97577460e-03]
 [2.42000000e+03 6.97578827e-03]
 [2.44000000e+03 6.97580767e-03]
 [2.46000000e+03 6.97582587e-03]
 [2.48000000e+03 6.97584751e-03]
 [2.50000000e+03 6.97587227e-03]
 [2.52000000e+03 6.97590022e-03]
 [2.54000000e+03 6.97593126e-03]
 [2.56000000e+03 6.97596533e-03]
 [2.58000000e+03 6.97600270e-03]]
(21, 2)
New OpenFOAMCase has been initialized, starting directory is:
	/butterfly2/hlavatyo/bread/breadBakingFoamTechMathGroup/pyCtrlScripts
OpenFOAMCase.baseCase has been set to :
	../tutorials/bread3DOurExp/
OpenFOAMCase directory has been changed from:
	../tutorials/bread3DOurExp/ to ../ZZ_cases/2026/V29/exp0_nonDef_False/V60_pGBC_LucasLambda_nu015_5e-10_kOp_0.15_kCl_0.15_nu_0.15_mu0_219_muV1_600_mS_0.001_lambda_0.42_kH_16_kHB_17_r0_0.0014_per_1e-15/
OpenFOAMCase.baseDir has been copied to OpenFOAMCase.dir:
	 ../tutorials/bread3DOurExp/ --> ../ZZ_cases/2026/V29/exp0_nonDef_False/V60_pGBC_LucasLambda_nu015_5e-10_kOp_0.15_kCl_0.15_nu_0.15_mu0_219_muV1_600_mS_0.001_lambda_0.42_kH_16_kHB_17_r0_0.0014_per_1e-15/
In 0.org/omegaV, trying to change parameter kM in subDict sides:
	In 0.org/omegaV, I have change val of kM parameter from 0.01; to 0.01 in subDict sides.
In 0.org/omegaV, trying to change parameter kM in subDict bottom:
	In 0.org/omegaV, I have change val of kM parameter from 1e-5; to 0.01 in subDict bottom.
In 0.org/omegaV, trying to change parameter kM in subDict bottom2:
	In 0.org/omegaV, I have change val of kM parameter from 1e-5; to 0.01 in subDict bottom2.
In 0.org/omegaC, trying to change parameter kM in subDict sides:
	In 0.org/omegaC, I have change val of kM parameter from 1e-5; to 0.01 in subDict sides.
In 0.org/omegaC, trying to change parameter kM in subDict bottom:
	In 0.org/omegaC, I have change val of kM parameter from 1e-5; to 0.01 in subDict bottom.
In 0.org/omegaC, trying to change parameter kM in subDict bottom2:
	In 0.org/omegaC, I have change val of kM parameter from 1e-5; to 0.01 in subDict bottom2.
In 0.org/T, trying to change parameter alpha in subDict sides:
	In 0.org/T, I have change val of alpha parameter from 9.5; to 16 in subDict sides.
In 0.org/T, trying to change parameter alpha in subDict bottom:
	In 0.org/T, I have change val of alpha parameter from 9.5; to 17 in subDict bottom.
In 0.org/T, trying to change parameter alpha in subDict bottom2:
	In 0.org/T, I have change val of alpha parameter from 9.5; to 17 in subDict bottom2.
In 0.org/T, trying to change parameter internalField in subDict :
	In 0.org/T, I have change val of internalField parameter from uniform 302.5; to uniform 297 in subDict .
Loading all sheets from: ../Experiments2026/10_02_2026/Lab_test_2026_02_10.xlsm
  Sheet 'DATALOG': 32538 rows × 5 columns
  Sheet 'Data_Termo_1': 11554 rows × 25 columns
  Sheet 'Data_Termo_2': 6241 rows × 25 columns
  Sheet 'Data_Termo_3': 2547 rows × 25 columns
In constant/transportProperties, trying to change parameter withDeformation in subDict :
	In constant/transportProperties, I have change val of withDeformation parameter from 1; to 1 in subDict .
In constant/transportProperties, trying to change parameter permGLViscG in subDict :
	In constant/transportProperties, I have change val of permGLViscG parameter from 9e-13; to 1e-15 in subDict .
In constant/transportProperties, trying to change parameter tortOpen in subDict :
	In constant/transportProperties, I have change val of tortOpen parameter from 2; to 2.4 in subDict .
In constant/transportProperties, trying to change parameter tortClosed in subDict :
	In constant/transportProperties, I have change val of tortClosed parameter from 10; to 70 in subDict .
In constant/thermophysicalProperties, trying to change parameter lambda in subDict solid:
	In constant/thermophysicalProperties, I have change val of lambda parameter from 0.47; to 0.42 in subDict solid.
In constant/thermophysicalProperties, trying to change parameter rho in subDict solid:
	In constant/thermophysicalProperties, I have change val of rho parameter from 700; to 701 in subDict solid.
In constant/thermophysicalProperties, trying to change parameter Cp in subDict solid:
	In constant/thermophysicalProperties, I have change val of Cp parameter from 600; to 1130 in subDict solid.
In constant/thermophysicalProperties, trying to change parameter Cp in subDict liquid:
	In constant/thermophysicalProperties, I have change val of Cp parameter from 4200; to 4200 in subDict liquid.
In constant/thermophysicalProperties, trying to change parameter Cp in subDict CO2:
	In constant/thermophysicalProperties, I have change val of Cp parameter from 853; to 853 in subDict CO2.
In constant/thermophysicalProperties, trying to change parameter Cp in subDict vapor:
	In constant/thermophysicalProperties, I have change val of Cp parameter from 1878; to 1878 in subDict vapor.
In constant/thermophysicalProperties, trying to change parameter D in subDict transport:
	In constant/thermophysicalProperties, I have change val of D parameter from 5e-06; to 2.6e-05 in subDict transport.
In constant/thermophysicalProperties, trying to change parameter Dl in subDict transport:
	In constant/thermophysicalProperties, I have change val of Dl parameter from 5e-10; to 5e-10 in subDict transport.
	In constant/thermophysicalProperties, I have change val of Dl parameter from 2e-11; to 5e-10 in subDict transport.
	In constant/thermophysicalProperties, I have change val of Dl parameter from 5e-12; to 5e-10 in subDict transport.
	In constant/thermophysicalProperties, I have change val of Dl parameter from 8e-12; to 5e-10 in subDict transport.
	In constant/thermophysicalProperties, I have change val of Dl parameter from 2e-11; to 5e-10 in subDict transport.
	In constant/thermophysicalProperties, I have change val of Dl parameter from 2e-10; to 5e-10 in subDict transport.
	In constant/thermophysicalProperties, I have change val of Dl parameter from 1e-9; to 5e-10 in subDict transport.
	In constant/thermophysicalProperties, I have change val of Dl parameter from 5e-10; to 5e-10 in subDict transport.
	In constant/thermophysicalProperties, I have change val of Dl parameter from 1.5e-11; to 5e-10 in subDict transport.
In constant/reactiveProperties, trying to change parameter kMPCOpen in subDict evaporation:
	In constant/reactiveProperties, I have change val of kMPCOpen parameter from 0.42; to 0.15 in subDict evaporation.
In constant/reactiveProperties, trying to change parameter kMPCClosed in subDict evaporation:
	In constant/reactiveProperties, I have change val of kMPCClosed parameter from 0.42; to 0.15 in subDict evaporation.
In constant/reactiveProperties, trying to change parameter R0 in subDict fermentation:
	In constant/reactiveProperties, I have change val of R0 parameter from 0.0022; to 0.0014 in subDict fermentation.
In constant/reactiveProperties, trying to change parameter Tm in subDict fermentation:
	In constant/reactiveProperties, I have change val of Tm parameter from 314; to 313 in subDict fermentation.
In constant/reactiveProperties, trying to change parameter deltaT in subDict fermentation:
	In constant/reactiveProperties, I have change val of deltaT parameter from 10; to 14 in subDict fermentation.
In system/controlDict, trying to change parameter endTime in subDict :
	In system/controlDict, I have change val of endTime parameter from 900; to 2400 in subDict .
In system/controlDict, trying to change parameter deltaT in subDict :
	In system/controlDict, I have change val of deltaT parameter from 1; to 5 in subDict .
In system/controlDict, trying to change parameter writeInterval in subDict :
	In system/controlDict, I have change val of writeInterval parameter from 20; to 200 in subDict .
	In system/controlDict, I have change val of writeInterval parameter from 20; to 200 in subDict .
In system/fvSolution, trying to change parameter nOuterCorrectors in subDict PIMPLE:
	In system/fvSolution, I have change val of nOuterCorrectors parameter from 250; to 600 in subDict PIMPLE.
In system/fvSolution, trying to change parameter D in subDict fields:
	In system/fvSolution, I have change val of D parameter from 0.1; to 0.1 in subDict fields.
In system/fvSolution, trying to change parameter DFinal in subDict fields:
	In system/fvSolution, I have change val of DFinal parameter from 0.1; to 1 in subDict fields.
In system/fvSolution, trying to change parameter omegaV in subDict fields:
	In system/fvSolution, I have change val of omegaV parameter from 0.1; to 0.05 in subDict fields.
--> FOAM IOWarning :
    Found [v1012] 'convertToMeters' entry instead of 'scale' in dictionary "system/blockMeshDict"

    This keyword is 156 months old.

Created 'V60_pGBC_LucasLambda_nu015_5e-10_kOp_0.15_kCl_0.15_nu_0.15_mu0_219_muV1_600_mS_0.001_lambda_0.42_kH_16_kHB_17_r0_0.0014_per_1e-15.OpenFOAM'
No protocol specified
No protocol specified
[0] [stack trace]
[0] =============
[0] #1  Foam::sigFpe::sigHandler(int) in /usr/lib/openfoam/openfoam2312/platforms/linux64GccDPInt32Opt/lib/libOpenFOAM.so
[0] #2  ? in /lib/x86_64-linux-gnu/libpthread.so.0
[0] #3  ? in /lib/x86_64-linux-gnu/libm.so.6
[0] #4  powf64 in /lib/x86_64-linux-gnu/libm.so.6
[0] #5  Foam::pow(Foam::Field<double>&, Foam::UList<double> const&, double const&) in /usr/lib/openfoam/openfoam2312/platforms/linux64GccDPInt32Opt/lib/libOpenFOAM.so
[0] #6  void Foam::pow<Foam::fvPatchField, Foam::volMesh>(Foam::GeometricField<double, Foam::fvPatchField, Foam::volMesh>&, Foam::GeometricField<double, Foam::fvPatchField, Foam::volMesh> const&, Foam::dimensioned<double> const&) in ~/OpenFOAM/hlavatyo-v2312/platforms/linux64GccDPInt32Opt/bin/breadBakingFoam
[0] #7  Foam::tmp<Foam::GeometricField<double, Foam::fvPatchField, Foam::volMesh> > Foam::pow<Foam::fvPatchField, Foam::volMesh>(Foam::GeometricField<double, Foam::fvPatchField, Foam::volMesh> const&, Foam::dimensioned<double> const&) in ~/OpenFOAM/hlavatyo-v2312/platforms/linux64GccDPInt32Opt/bin/breadBakingFoam
[0] #8  Foam::tmp<Foam::GeometricField<double, Foam::fvPatchField, Foam::volMesh> > Foam::pow<Foam::fvPatchField, Foam::volMesh>(Foam::GeometricField<double, Foam::fvPatchField, Foam::volMesh> const&, double const&) in ~/OpenFOAM/hlavatyo-v2312/platforms/linux64GccDPInt32Opt/bin/breadBakingFoam
[0] #9  ? in ~/OpenFOAM/hlavatyo-v2312/platforms/linux64GccDPInt32Opt/bin/breadBakingFoam
[0] #10  __libc_start_main in /lib/x86_64-linux-gnu/libc.so.6
[0] #11  ? in ~/OpenFOAM/hlavatyo-v2312/platforms/linux64GccDPInt32Opt/bin/breadBakingFoam
[0] =============
[butterfly:4015622] *** Process received signal ***
[butterfly:4015622] Signal: Floating point exception (8)
[butterfly:4015622] Signal code:  (-6)
[butterfly:4015622] Failing at address: 0x198003d4606
[butterfly:4015622] [ 0] /lib/x86_64-linux-gnu/libpthread.so.0(+0x14420)[0x14ef858c8420]
[butterfly:4015622] [ 1] /lib/x86_64-linux-gnu/libpthread.so.0(raise+0xcb)[0x14ef858c82ab]
[butterfly:4015622] [ 2] /lib/x86_64-linux-gnu/libpthread.so.0(+0x14420)[0x14ef858c8420]
[butterfly:4015622] [ 3] /lib/x86_64-linux-gnu/libm.so.6(+0x7c470)[0x14ef85970470]
[butterfly:4015622] [ 4] /lib/x86_64-linux-gnu/libm.so.6(powf64+0x18)[0x14ef85935278]
[butterfly:4015622] [ 5] /usr/lib/openfoam/openfoam2312/platforms/linux64GccDPInt32Opt/lib/libOpenFOAM.so(_ZN4Foam3powERNS_5FieldIdEERKNS_5UListIdEERKd+0x39)[0x14ef8654eb09]
[butterfly:4015622] [ 6] breadBakingFoam(_ZN4Foam3powINS_12fvPatchFieldENS_7volMeshEEEvRNS_14GeometricFieldIdT_T0_EERKS6_RKNS_11dimensionedIdEE+0x9f)[0x55e6ac12353f]
[butterfly:4015622] [ 7] breadBakingFoam(_ZN4Foam3powINS_12fvPatchFieldENS_7volMeshEEENS_3tmpINS_14GeometricFieldIdT_T0_EEEERKS7_RKNS_11dimensionedIdEE+0x2ab)[0x55e6ac17720b]
[butterfly:4015622] [ 8] breadBakingFoam(_ZN4Foam3powINS_12fvPatchFieldENS_7volMeshEEENS_3tmpINS_14GeometricFieldIdT_T0_EEEERKS7_RKd+0x5f)[0x55e6ac17743f]
[butterfly:4015622] [ 9] breadBakingFoam(+0x3cabe)[0x55e6ac0ffabe]
[butterfly:4015622] [10] /lib/x86_64-linux-gnu/libc.so.6(__libc_start_main+0xf3)[0x14ef856e6083]
[butterfly:4015622] [11] breadBakingFoam(+0x46d3e)[0x55e6ac109d3e]
[butterfly:4015622] *** End of error message ***
--------------------------------------------------------------------------
Primary job  terminated normally, but 1 process returned
a non-zero exit code. Per user-direction, the job has been aborted.
--------------------------------------------------------------------------
--------------------------------------------------------------------------
mpirun noticed that process rank 0 with PID 0 on node butterfly exited on signal 8 (Floating point exception).
--------------------------------------------------------------------------
No protocol specified
[1] [stack trace]
[1] =============
[1] #1  Foam::sigFpe::sigHandler(int) in /usr/lib/openfoam/openfoam2312/platforms/linux64GccDPInt32Opt/lib/libOpenFOAM.so
[1] #2  ? in /lib/x86_64-linux-gnu/libpthread.so.0
[1] #3  ? in /lib/x86_64-linux-gnu/libm.so.6
[1] #4  powf64 in /lib/x86_64-linux-gnu/libm.so.6
[1] #5  Foam::pow(Foam::Field<double>&, Foam::UList<double> const&, double const&) in /usr/lib/openfoam/openfoam2312/platforms/linux64GccDPInt32Opt/lib/libOpenFOAM.so
[1] #6  void Foam::pow<Foam::fvPatchField, Foam::volMesh>(Foam::GeometricField<double, Foam::fvPatchField, Foam::volMesh>&, Foam::GeometricField<double, Foam::fvPatchField, Foam::volMesh> const&, Foam::dimensioned<double> const&) in ~/OpenFOAM/hlavatyo-v2312/platforms/linux64GccDPInt32Opt/bin/breadBakingFoam
[1] #7  Foam::tmp<Foam::GeometricField<double, Foam::fvPatchField, Foam::volMesh> > Foam::pow<Foam::fvPatchField, Foam::volMesh>(Foam::tmp<Foam::GeometricField<double, Foam::fvPatchField, Foam::volMesh> > const&, Foam::dimensioned<double> const&) in ~/OpenFOAM/hlavatyo-v2312/platforms/linux64GccDPInt32Opt/bin/breadBakingFoam
[1] #8  Foam::tmp<Foam::GeometricField<double, Foam::fvPatchField, Foam::volMesh> > Foam::pow<Foam::fvPatchField, Foam::volMesh>(Foam::tmp<Foam::GeometricField<double, Foam::fvPatchField, Foam::volMesh> > const&, double const&) in ~/OpenFOAM/hlavatyo-v2312/platforms/linux64GccDPInt32Opt/bin/breadBakingFoam
[1] #9  ? in ~/OpenFOAM/hlavatyo-v2312/platforms/linux64GccDPInt32Opt/bin/breadBakingFoam
[1] #10  __libc_start_main in /lib/x86_64-linux-gnu/libc.so.6
[1] #11  ? in ~/OpenFOAM/hlavatyo-v2312/platforms/linux64GccDPInt32Opt/bin/breadBakingFoam
[1] =============
[butterfly:4018785] *** Process received signal ***
[butterfly:4018785] Signal: Floating point exception (8)
[butterfly:4018785] Signal code:  (-6)
[butterfly:4018785] Failing at address: 0x198003d5261
[butterfly:4018785] [ 0] /lib/x86_64-linux-gnu/libpthread.so.0(+0x14420)[0x15064d364420]
[butterfly:4018785] [ 1] /lib/x86_64-linux-gnu/libpthread.so.0(raise+0xcb)[0x15064d3642ab]
[butterfly:4018785] [ 2] /lib/x86_64-linux-gnu/libpthread.so.0(+0x14420)[0x15064d364420]
[butterfly:4018785] [ 3] /lib/x86_64-linux-gnu/libm.so.6(+0x7c470)[0x15064d40c470]
[butterfly:4018785] [ 4] /lib/x86_64-linux-gnu/libm.so.6(powf64+0x18)[0x15064d3d1278]
[butterfly:4018785] [ 5] /usr/lib/openfoam/openfoam2312/platforms/linux64GccDPInt32Opt/lib/libOpenFOAM.so(_ZN4Foam3powERNS_5FieldIdEERKNS_5UListIdEERKd+0x39)[0x15064dfeab09]
[butterfly:4018785] [ 6] breadBakingFoam(_ZN4Foam3powINS_12fvPatchFieldENS_7volMeshEEEvRNS_14GeometricFieldIdT_T0_EERKS6_RKNS_11dimensionedIdEE+0x4c)[0x55c4ddae94ec]
[butterfly:4018785] [ 7] breadBakingFoam(_ZN4Foam3powINS_12fvPatchFieldENS_7volMeshEEENS_3tmpINS_14GeometricFieldIdT_T0_EEEERKS8_RKNS_11dimensionedIdEE+0x2a3)[0x55c4ddb42883]
[butterfly:4018785] [ 8] breadBakingFoam(_ZN4Foam3powINS_12fvPatchFieldENS_7volMeshEEENS_3tmpINS_14GeometricFieldIdT_T0_EEEERKS8_RKd+0x5f)[0x55c4ddb42abf]
[butterfly:4018785] [ 9] breadBakingFoam(+0x3bb8c)[0x55c4ddac4b8c]
[butterfly:4018785] [10] /lib/x86_64-linux-gnu/libc.so.6(__libc_start_main+0xf3)[0x15064d182083]
[butterfly:4018785] [11] breadBakingFoam(+0x46d3e)[0x55c4ddacfd3e]
[butterfly:4018785] *** End of error message ***
--------------------------------------------------------------------------
Primary job  terminated normally, but 1 process returned
a non-zero exit code. Per user-direction, the job has been aborted.
--------------------------------------------------------------------------
--------------------------------------------------------------------------
mpirun noticed that process rank 1 with PID 0 on node butterfly exited on signal 8 (Floating point exception).
--------------------------------------------------------------------------
No protocol specified
No protocol specified
No protocol specified
No protocol specified
No protocol specified
No protocol specified
No protocol specified
No protocol specified
In system/fvSolution, trying to change parameter omegaC in subDict fields:
	In system/fvSolution, I have change val of omegaC parameter from 0.1; to 0.05 in subDict fields.
In system/fvSolution, trying to change parameter pG in subDict fields:
	In system/fvSolution, I have change val of pG parameter from 0.1; to 0.05 in subDict fields.
In constant/mechanicalProperties, trying to change parameter E in subDict bread:
	In constant/mechanicalProperties, I have change val of E parameter from 12000; to 10000 in subDict bread.
In constant/mechanicalProperties, trying to change parameter mu0Raw in subDict bread:
	In constant/mechanicalProperties, I have change val of mu0Raw parameter from 300; to 219 in subDict bread.
In constant/mechanicalProperties, trying to change parameter kappa0Raw in subDict bread:
	In constant/mechanicalProperties, I have change val of kappa0Raw parameter from 1000; to 93.85714285714286 in subDict bread.
In constant/mechanicalProperties, trying to change parameter muV1Raw in subDict bread:
	In constant/mechanicalProperties, I have change val of muV1Raw parameter from 3000; to 600 in subDict bread.
In constant/mechanicalProperties, trying to change parameter muV2Raw in subDict bread:
	In constant/mechanicalProperties, I have change val of muV2Raw parameter from 3000; to 0 in subDict bread.
In constant/mechanicalProperties, trying to change parameter kappaVRaw in subDict bread:
	In constant/mechanicalProperties, I have change val of kappaVRaw parameter from 6000; to 257.14285714285717 in subDict bread.
In constant/mechanicalProperties, trying to change parameter mu0Baked in subDict bread:
	In constant/mechanicalProperties, I have change val of mu0Baked parameter from 12500; to 2190 in subDict bread.
In constant/mechanicalProperties, trying to change parameter kappa0Baked in subDict bread:
	In constant/mechanicalProperties, I have change val of kappa0Baked parameter from 40000; to 938.5714285714287 in subDict bread.
In constant/mechanicalProperties, trying to change parameter tau1 in subDict bread:
	In constant/mechanicalProperties, I have change val of tau1 parameter from 1; to 15 in subDict bread.
In constant/mechanicalProperties, trying to change parameter tau2 in subDict bread:
	In constant/mechanicalProperties, I have change val of tau2 parameter from 1; to 1 in subDict bread.
In constant/mechanicalProperties, trying to change parameter tGelat in subDict bread:
	In constant/mechanicalProperties, I have change val of tGelat parameter from 65; to 65 in subDict bread.
I will execute commands in ../ZZ_cases/2026/V29/exp0_nonDef_False/V60_pGBC_LucasLambda_nu015_5e-10_kOp_0.15_kCl_0.15_nu_0.15_mu0_219_muV1_600_mS_0.001_lambda_0.42_kH_16_kHB_17_r0_0.0014_per_1e-15/:
	1. chmod 755 ./* -R
	2. blockMesh > log.blockMesh
I will execute commands in ../ZZ_cases/2026/V29/exp0_nonDef_False/V60_pGBC_LucasLambda_nu015_5e-10_kOp_0.15_kCl_0.15_nu_0.15_mu0_219_muV1_600_mS_0.001_lambda_0.42_kH_16_kHB_17_r0_0.0014_per_1e-15/:
	1. extrudeMesh > log.extrudeMesh
	2. rm -rf 0
	3. cp -r 0.org 0
	4. paraFoam -touch
In system/decomposeParDict, trying to change parameter numberOfSubdomains in subDict :
	In system/decomposeParDict, I have change val of numberOfSubdomains parameter from 2; to 8 in subDict .
I will execute commands in ../ZZ_cases/2026/V29/exp0_nonDef_False/V60_pGBC_LucasLambda_nu015_5e-10_kOp_0.15_kCl_0.15_nu_0.15_mu0_219_muV1_600_mS_0.001_lambda_0.42_kH_16_kHB_17_r0_0.0014_per_1e-15/:
	1. decomposePar > log.decomposePar
	2. foamJob -parallel -screen breadBakingFoam > log.breadBakingFoam
In system/controlDict, trying to change parameter endTime in subDict :
	In system/controlDict, I have change val of endTime parameter from 2400; to 2850 in subDict .
In system/controlDict, trying to change parameter deltaT in subDict :
	In system/controlDict, I have change val of deltaT parameter from 5; to 0.25 in subDict .
In system/fvSolution, trying to change parameter nOuterCorrectors in subDict PIMPLE:
	In system/fvSolution, I have change val of nOuterCorrectors parameter from 600; to 1000 in subDict PIMPLE.
In system/fvSolution, trying to change parameter omegaV in subDict fields:
	In system/fvSolution, I have change val of omegaV parameter from 0.05; to 0.05 in subDict fields.
In system/fvSolution, trying to change parameter pG in subDict fields:
	In system/fvSolution, I have change val of pG parameter from 0.05; to 0.1 in subDict fields.
In system/controlDict, trying to change parameter writeInterval in subDict :
	In system/controlDict, I have change val of writeInterval parameter from 200; to 20 in subDict .
	In system/controlDict, I have change val of writeInterval parameter from 200; to 20 in subDict .
I will execute commands in ../ZZ_cases/2026/V29/exp0_nonDef_False/V60_pGBC_LucasLambda_nu015_5e-10_kOp_0.15_kCl_0.15_nu_0.15_mu0_219_muV1_600_mS_0.001_lambda_0.42_kH_16_kHB_17_r0_0.0014_per_1e-15/:
	1. foamJob -parallel -screen breadBakingFoam > log.breadBakingFoam_2
In system/controlDict, trying to change parameter endTime in subDict :
	In system/controlDict, I have change val of endTime parameter from 2850; to 3650 in subDict .
In system/controlDict, trying to change parameter deltaT in subDict :
	In system/controlDict, I have change val of deltaT parameter from 0.25; to 0.5 in subDict .
In constant/transportProperties, trying to change parameter withDeformation in subDict :
	In constant/transportProperties, I have change val of withDeformation parameter from 1; to 0 in subDict .
In system/fvSolution, trying to change parameter omegaV in subDict fields:
	In system/fvSolution, I have change val of omegaV parameter from 0.05; to 0.1 in subDict fields.
In system/fvSolution, trying to change parameter pG in subDict fields:
	In system/fvSolution, I have change val of pG parameter from 0.1; to 0.1 in subDict fields.
In system/fvSolution, trying to change parameter nOuterCorrectors in subDict PIMPLE:
	In system/fvSolution, I have change val of nOuterCorrectors parameter from 1000; to 10 in subDict PIMPLE.
I will execute commands in ../ZZ_cases/2026/V29/exp0_nonDef_False/V60_pGBC_LucasLambda_nu015_5e-10_kOp_0.15_kCl_0.15_nu_0.15_mu0_219_muV1_600_mS_0.001_lambda_0.42_kH_16_kHB_17_r0_0.0014_per_1e-15/:
	1. foamJob -parallel -screen breadBakingFoam > log.breadBakingFoam_3
Found OpenFOAMCase parallel times are:
	[0.0, 1000.0, 2460.0, 2540.0, 2480.0, 800.0, 2400.0, 1600.0, 2000.0, 2440.0, 1200.0, 1400.0, 2420.0, 1800.0, 2520.0, 200.0, 2200.0, 400.0, 2500.0, 600.0],
latestTime:
	2540
I will execute commands in ../ZZ_cases/2026/V29/exp0_nonDef_False/V60_pGBC_LucasLambda_nu015_5e-10_kOp_0.15_kCl_0.15_nu_0.15_mu0_219_muV1_600_mS_0.001_lambda_0.42_kH_16_kHB_17_r0_0.0014_per_1e-15/:
	1. rm -rf processor*/0
	2. foamJob -parallel -screen postProcess -func "probeOur" -dict system/probeOur > log.postProcess
	3. foamJob -parallel -screen TLFProbe -point "(1e-3 1e-3 0)" > log.TPoint6
	4. foamJob -parallel -screen intMoisture > log.intMoisture
	5. foamJob -parallel -screen intWeigth > log.intWeigth
I will execute commands in ../ZZ_cases/2026/V29/exp0_nonDef_False/V60_pGBC_LucasLambda_nu015_5e-10_kOp_0.15_kCl_0.15_nu_0.15_mu0_219_muV1_600_mS_0.001_lambda_0.42_kH_16_kHB_17_r0_0.0014_per_1e-15/:
	1. foamJob -parallel -screen TLFProbe -point "(0.0445 0.03128 0)" > log.TPoint1
I will execute commands in ../ZZ_cases/2026/V29/exp0_nonDef_False/V60_pGBC_LucasLambda_nu015_5e-10_kOp_0.15_kCl_0.15_nu_0.15_mu0_219_muV1_600_mS_0.001_lambda_0.42_kH_16_kHB_17_r0_0.0014_per_1e-15/:
	1. foamJob -parallel -screen TLFProbe -point "(0.0435 0.010417 0)" > log.TPoint2
I will execute commands in ../ZZ_cases/2026/V29/exp0_nonDef_False/V60_pGBC_LucasLambda_nu015_5e-10_kOp_0.15_kCl_0.15_nu_0.15_mu0_219_muV1_600_mS_0.001_lambda_0.42_kH_16_kHB_17_r0_0.0014_per_1e-15/:
	1. foamJob -parallel -screen TLFProbe -point "(0.0336 0.025907 0)" > log.TPoint3
I will execute commands in ../ZZ_cases/2026/V29/exp0_nonDef_False/V60_pGBC_LucasLambda_nu015_5e-10_kOp_0.15_kCl_0.15_nu_0.15_mu0_219_muV1_600_mS_0.001_lambda_0.42_kH_16_kHB_17_r0_0.0014_per_1e-15/:
	1. foamJob -parallel -screen TLFProbe -point "(0.0146 0.047604 0)" > log.TPoint4
Loading all sheets from: ../Experiments2026/10_02_2026/Lab_test_2026_02_10.xlsm
  Sheet 'DATALOG': 32538 rows × 5 columns
  Sheet 'Data_Termo_1': 11554 rows × 25 columns
  Sheet 'Data_Termo_2': 6241 rows × 25 columns
  Sheet 'Data_Termo_3': 2547 rows × 25 columns
Loading all sheets from: ../Experiments2026/10_02_2026/Exp_2/opcua_log_20260210_144124.xlsx
  Sheet 'Sheet1': 1338 rows × 8 columns
Loading all sheets from: ../Experiments2026/10_02_2026/Lab_test_2026_02_10.xlsm
  Sheet 'DATALOG': 32538 rows × 5 columns
  Sheet 'Data_Termo_1': 11554 rows × 25 columns
  Sheet 'Data_Termo_2': 6241 rows × 25 columns
  Sheet 'Data_Termo_3': 2547 rows × 25 columns
Loading all sheets from: ../Experiments2026/10_02_2026/Exp_3/opcua_log_20260210_153553.xlsx
  Sheet 'Sheet1': 893 rows × 8 columns
Loading all sheets from: ../Experiments2026/11_02_2026/Lab_test_2026_02_11.xlsm
  Sheet 'Thermometers': 19 rows × 10 columns
  Sheet 'DATALOG': 19196 rows × 5 columns
  Sheet 'Data_Termo_1': 14022 rows × 25 columns
  Sheet 'Data_Termo_2': 10978 rows × 25 columns
  Sheet 'Data_Termo_3': 7613 rows × 25 columns
  Sheet 'Data_Termo_4': 3804 rows × 25 columns
Loading all sheets from: ../Experiments2026/11_02_2026/Exp_1/opcua_log_20260211_115313.xlsx
  Sheet 'Sheet1': 767 rows × 8 columns
Loading all sheets from: ../Experiments2026/11_02_2026/Lab_test_2026_02_11.xlsm
  Sheet 'Thermometers': 19 rows × 10 columns
  Sheet 'DATALOG': 19196 rows × 5 columns
  Sheet 'Data_Termo_1': 14022 rows × 25 columns
  Sheet 'Data_Termo_2': 10978 rows × 25 columns
  Sheet 'Data_Termo_3': 7613 rows × 25 columns
  Sheet 'Data_Termo_4': 3804 rows × 25 columns
Loading all sheets from: ../Experiments2026/11_02_2026/Exp_2/opcua_log_20260211_125251.xlsx
  Sheet 'Sheet1': 836 rows × 8 columns
Loading all sheets from: ../Experiments2026/11_02_2026/Lab_test_2026_02_11.xlsm
  Sheet 'Thermometers': 19 rows × 10 columns
  Sheet 'DATALOG': 19196 rows × 5 columns
  Sheet 'Data_Termo_1': 14022 rows × 25 columns
  Sheet 'Data_Termo_2': 10978 rows × 25 columns
  Sheet 'Data_Termo_3': 7613 rows × 25 columns
  Sheet 'Data_Termo_4': 3804 rows × 25 columns
Loading all sheets from: ../Experiments2026/11_02_2026/Exp_3/opcua_log_20260211_135519.xlsx
  Sheet 'Sheet1': 773 rows × 8 columns
Loading all sheets from: ../Experiments2026/11_02_2026/Lab_test_2026_02_11.xlsm
  Sheet 'Thermometers': 19 rows × 10 columns
  Sheet 'DATALOG': 19196 rows × 5 columns
  Sheet 'Data_Termo_1': 14022 rows × 25 columns
  Sheet 'Data_Termo_2': 10978 rows × 25 columns
  Sheet 'Data_Termo_3': 7613 rows × 25 columns
  Sheet 'Data_Termo_4': 3804 rows × 25 columns
Loading all sheets from: ../Experiments2026/11_02_2026/Exp_4/opcua_log_20260211_150638.xlsx
  Sheet 'Sheet1': 907 rows × 8 columns
[[2.00000000e+02 6.97568804e-03]
 [4.00000000e+02 6.97569163e-03]
 [6.00000000e+02 6.97569559e-03]
 [8.00000000e+02 6.97570003e-03]
 [1.00000000e+03 6.97570503e-03]
 [1.20000000e+03 6.97571044e-03]
 [1.40000000e+03 6.97571651e-03]
 [1.60000000e+03 6.97572397e-03]
 [1.80000000e+03 6.97573165e-03]
 [2.00000000e+03 6.97573902e-03]
 [2.20000000e+03 6.97574667e-03]
 [2.40000000e+03 6.97575521e-03]
 [2.42000000e+03 6.97576232e-03]
 [2.44000000e+03 6.97577266e-03]
 [2.46000000e+03 6.97578600e-03]
 [2.48000000e+03 6.97580220e-03]
 [2.50000000e+03 6.97582113e-03]
 [2.52000000e+03 6.97584283e-03]
 [2.54000000e+03 6.97586724e-03]]
(19, 2)
New OpenFOAMCase has been initialized, starting directory is:
	/butterfly2/hlavatyo/bread/breadBakingFoamTechMathGroup/pyCtrlScripts
OpenFOAMCase.baseCase has been set to :
	../tutorials/bread3DOurExp/
OpenFOAMCase directory has been changed from:
	../tutorials/bread3DOurExp/ to ../ZZ_cases/2026/V29/exp0_nonDef_False/V50_pGBC_LucasLambda_nu015_3e-10_kOp_0.15_kCl_0.15_nu_0.15_mu0_219_muV1_600_mS_0.0005_lambda_0.42_kH_16_kHB_17_r0_0.0018_per_8e-16/
OpenFOAMCase.baseDir has been copied to OpenFOAMCase.dir:
	 ../tutorials/bread3DOurExp/ --> ../ZZ_cases/2026/V29/exp0_nonDef_False/V50_pGBC_LucasLambda_nu015_3e-10_kOp_0.15_kCl_0.15_nu_0.15_mu0_219_muV1_600_mS_0.0005_lambda_0.42_kH_16_kHB_17_r0_0.0018_per_8e-16/
In 0.org/omegaV, trying to change parameter kM in subDict sides:
	In 0.org/omegaV, I have change val of kM parameter from 0.01; to 0.01 in subDict sides.
In 0.org/omegaV, trying to change parameter kM in subDict bottom:
	In 0.org/omegaV, I have change val of kM parameter from 1e-5; to 0.007 in subDict bottom.
In 0.org/omegaV, trying to change parameter kM in subDict bottom2:
	In 0.org/omegaV, I have change val of kM parameter from 1e-5; to 0.007 in subDict bottom2.
In 0.org/omegaC, trying to change parameter kM in subDict sides:
	In 0.org/omegaC, I have change val of kM parameter from 1e-5; to 0.01 in subDict sides.
In 0.org/omegaC, trying to change parameter kM in subDict bottom:
	In 0.org/omegaC, I have change val of kM parameter from 1e-5; to 0.007 in subDict bottom.
In 0.org/omegaC, trying to change parameter kM in subDict bottom2:
	In 0.org/omegaC, I have change val of kM parameter from 1e-5; to 0.007 in subDict bottom2.
In 0.org/T, trying to change parameter alpha in subDict sides:
	In 0.org/T, I have change val of alpha parameter from 9.5; to 16 in subDict sides.
In 0.org/T, trying to change parameter alpha in subDict bottom:
	In 0.org/T, I have change val of alpha parameter from 9.5; to 17 in subDict bottom.
In 0.org/T, trying to change parameter alpha in subDict bottom2:
	In 0.org/T, I have change val of alpha parameter from 9.5; to 17 in subDict bottom2.
In 0.org/T, trying to change parameter internalField in subDict :
	In 0.org/T, I have change val of internalField parameter from uniform 302.5; to uniform 297 in subDict .
Loading all sheets from: ../Experiments2026/10_02_2026/Lab_test_2026_02_10.xlsm
  Sheet 'DATALOG': 32538 rows × 5 columns
  Sheet 'Data_Termo_1': 11554 rows × 25 columns
  Sheet 'Data_Termo_2': 6241 rows × 25 columns
  Sheet 'Data_Termo_3': 2547 rows × 25 columns
In constant/transportProperties, trying to change parameter withDeformation in subDict :
	In constant/transportProperties, I have change val of withDeformation parameter from 1; to 1 in subDict .
In constant/transportProperties, trying to change parameter permGLViscG in subDict :
	In constant/transportProperties, I have change val of permGLViscG parameter from 9e-13; to 8e-16 in subDict .
In constant/transportProperties, trying to change parameter tortOpen in subDict :
	In constant/transportProperties, I have change val of tortOpen parameter from 2; to 2.4 in subDict .
In constant/transportProperties, trying to change parameter tortClosed in subDict :
	In constant/transportProperties, I have change val of tortClosed parameter from 10; to 70 in subDict .
In constant/thermophysicalProperties, trying to change parameter lambda in subDict solid:
	In constant/thermophysicalProperties, I have change val of lambda parameter from 0.47; to 0.42 in subDict solid.
In constant/thermophysicalProperties, trying to change parameter rho in subDict solid:
	In constant/thermophysicalProperties, I have change val of rho parameter from 700; to 701 in subDict solid.
In constant/thermophysicalProperties, trying to change parameter Cp in subDict solid:
	In constant/thermophysicalProperties, I have change val of Cp parameter from 600; to 1130 in subDict solid.
In constant/thermophysicalProperties, trying to change parameter Cp in subDict liquid:
	In constant/thermophysicalProperties, I have change val of Cp parameter from 4200; to 4200 in subDict liquid.
In constant/thermophysicalProperties, trying to change parameter Cp in subDict CO2:
	In constant/thermophysicalProperties, I have change val of Cp parameter from 853; to 853 in subDict CO2.
In constant/thermophysicalProperties, trying to change parameter Cp in subDict vapor:
	In constant/thermophysicalProperties, I have change val of Cp parameter from 1878; to 1878 in subDict vapor.
In constant/thermophysicalProperties, trying to change parameter D in subDict transport:
	In constant/thermophysicalProperties, I have change val of D parameter from 5e-06; to 2.6e-05 in subDict transport.
In constant/thermophysicalProperties, trying to change parameter Dl in subDict transport:
	In constant/thermophysicalProperties, I have change val of Dl parameter from 5e-10; to 3e-10 in subDict transport.
	In constant/thermophysicalProperties, I have change val of Dl parameter from 2e-11; to 3e-10 in subDict transport.
	In constant/thermophysicalProperties, I have change val of Dl parameter from 5e-12; to 3e-10 in subDict transport.
	In constant/thermophysicalProperties, I have change val of Dl parameter from 8e-12; to 3e-10 in subDict transport.
	In constant/thermophysicalProperties, I have change val of Dl parameter from 2e-11; to 3e-10 in subDict transport.
	In constant/thermophysicalProperties, I have change val of Dl parameter from 2e-10; to 3e-10 in subDict transport.
	In constant/thermophysicalProperties, I have change val of Dl parameter from 1e-9; to 3e-10 in subDict transport.
	In constant/thermophysicalProperties, I have change val of Dl parameter from 5e-10; to 3e-10 in subDict transport.
	In constant/thermophysicalProperties, I have change val of Dl parameter from 1.5e-11; to 3e-10 in subDict transport.
In constant/reactiveProperties, trying to change parameter kMPCOpen in subDict evaporation:
	In constant/reactiveProperties, I have change val of kMPCOpen parameter from 0.42; to 0.15 in subDict evaporation.
In constant/reactiveProperties, trying to change parameter kMPCClosed in subDict evaporation:
	In constant/reactiveProperties, I have change val of kMPCClosed parameter from 0.42; to 0.15 in subDict evaporation.
In constant/reactiveProperties, trying to change parameter R0 in subDict fermentation:
	In constant/reactiveProperties, I have change val of R0 parameter from 0.0022; to 0.0018 in subDict fermentation.
In constant/reactiveProperties, trying to change parameter Tm in subDict fermentation:
	In constant/reactiveProperties, I have change val of Tm parameter from 314; to 313 in subDict fermentation.
In constant/reactiveProperties, trying to change parameter deltaT in subDict fermentation:
	In constant/reactiveProperties, I have change val of deltaT parameter from 10; to 14 in subDict fermentation.
In system/controlDict, trying to change parameter endTime in subDict :
	In system/controlDict, I have change val of endTime parameter from 900; to 2400 in subDict .
In system/controlDict, trying to change parameter deltaT in subDict :
	In system/controlDict, I have change val of deltaT parameter from 1; to 10 in subDict .
In system/controlDict, trying to change parameter writeInterval in subDict :
	In system/controlDict, I have change val of writeInterval parameter from 20; to 200 in subDict .
	In system/controlDict, I have change val of writeInterval parameter from 20; to 200 in subDict .
In system/fvSolution, trying to change parameter nOuterCorrectors in subDict PIMPLE:
	In system/fvSolution, I have change val of nOuterCorrectors parameter from 250; to 150 in subDict PIMPLE.
In system/fvSolution, trying to change parameter D in subDict fields:
	In system/fvSolution, I have change val of D parameter from 0.1; to 0.1 in subDict fields.
In system/fvSolution, trying to change parameter DFinal in subDict fields:
	In system/fvSolution, I have change val of DFinal parameter from 0.1; to 1 in subDict fields.
In system/fvSolution, trying to change parameter omegaV in subDict fields:
	In system/fvSolution, I have change val of omegaV parameter from 0.1; to 1 in subDict fields.
--> FOAM IOWarning :
    Found [v1012] 'convertToMeters' entry instead of 'scale' in dictionary "system/blockMeshDict"

    This keyword is 156 months old.

Created 'V50_pGBC_LucasLambda_nu015_3e-10_kOp_0.15_kCl_0.15_nu_0.15_mu0_219_muV1_600_mS_0.0005_lambda_0.42_kH_16_kHB_17_r0_0.0018_per_8e-16.OpenFOAM'
No protocol specified
No protocol specified
[9] [stack trace]
[9] =============
[11] [stack trace]
[11] =============
[4] [stack trace]
[4] =============
[5] [stack trace]
[5] =============
[6] [stack trace]
[6] =============
[7] [stack trace]
[7] =============
[11] #1  [7] #1  [6] #1  Foam::sigFpe::sigHandler(int)Foam::sigFpe::sigHandler(int)[9] #1  Foam::sigFpe::sigHandler(int)Foam::sigFpe::sigHandler(int)[4] #1  [5] #1  Foam::sigFpe::sigHandler(int)Foam::sigFpe::sigHandler(int) in /usr/lib/openfoam/openfoam2312/platforms/linux64GccDPInt32Opt/lib/libOpenFOAM.so
 in  in [7] #2  ?/usr/lib/openfoam/openfoam2312/platforms/linux64GccDPInt32Opt/lib/libOpenFOAM.so
[5] #2  ?/usr/lib/openfoam/openfoam2312/platforms/linux64GccDPInt32Opt/lib/libOpenFOAM.so
[4] #2  ? in /usr/lib/openfoam/openfoam2312/platforms/linux64GccDPInt32Opt/lib/libOpenFOAM.so
[6] # in /usr/lib/openfoam/openfoam2312/platforms/linux64GccDPInt32Opt/lib/libOpenFOAM.so
[9] #2  ?2  ? in /usr/lib/openfoam/openfoam2312/platforms/linux64GccDPInt32Opt/lib/libOpenFOAM.so
[11] #2  ? in /lib/x86_64-linux-gnu/libpthread.so.0
[5] #3  ? in /lib/x86_64-linux-gnu/libpthread.so.0
[4] #3  ? in /lib/x86_64-linux-gnu/libpthread.so.0
[6] #3  ? in /lib/x86_64-linux-gnu/libpthread.so.0
[9] #3   in /lib/x86_64-linux-gnu/libpthread.so.0
[11] #3  ? in /lib/x86_64-linux-gnu/libpthread.so.0
?[7] #3  ? in /lib/x86_64-linux-gnu/libm.so.6 in /lib/x86_64-linux-gnu/libm.so.6

[5] #4  Foam::log(Foam::Field<double>&, Foam::UList<double> const&) in /lib/x86_64-linux-gnu/libm.so.6
 in /lib/x86_64-linux-gnu/libm.so.6
 in /lib/x86_64-linux-gnu/libm.so.6
[6] #4  Foam::log(Foam::Field<double>&, Foam::UList<double> const&)[9] #4  Foam::log(Foam::Field<double>&, Foam::UList<double> const&)[11] #4  Foam::log(Foam::Field<double>&, Foam::UList<double> const&)[7] #4   in /lib/x86_64-linux-gnu/libm.so.6
Foam::log(Foam::Field<double>&, Foam::UList<double> const&)[4] #4  Foam::log(Foam::Field<double>&, Foam::UList<double> const&) in /usr/lib/openfoam/openfoam2312/platforms/linux64GccDPInt32Opt/lib/libOpenFOAM.so
[5] #5  void Foam::log<Foam::fvPatchField, Foam::volMesh>(Foam::GeometricField<double, Foam::fvPatchField, Foam::volMesh>&, Foam::GeometricField<double, Foam::fvPatchField, Foam::volMesh> const&) in /usr/lib/openfoam/openfoam2312/platforms/linux64GccDPInt32Opt/lib/libOpenFOAM.so
 in /usr/lib/openfoam/openfoam2312/platforms/linux64GccDPInt32Opt/lib/libOpenFOAM.so
 in /usr/lib/openfoam/openfoam2312/platforms/linux64GccDPInt32Opt/lib/libOpenFOAM.so
 in /usr/lib/openfoam/openfoam2312/platforms/linux64GccDPInt32Opt/lib/libOpenFOAM.so
 in /usr/lib/openfoam/openfoam2312/platforms/linux64GccDPInt32Opt/lib/libOpenFOAM.so
[9] #5  void Foam::log<Foam::fvPatchField, Foam::volMesh>(Foam::GeometricField<double, Foam::fvPatchField, Foam::volMesh>&, Foam::GeometricField<double, Foam::fvPatchField, Foam::volMesh> const&)[6] #5  void Foam::log<Foam::fvPatchField, Foam::volMesh>(Foam::GeometricField<double, Foam::fvPatchField, Foam::volMesh>&, Foam::GeometricField<double, Foam::fvPatchField, Foam::volMesh> const&)[4] #5  void Foam::log<Foam::fvPatchField, Foam::volMesh>(Foam::GeometricField<double, Foam::fvPatchField, Foam::volMesh>&, Foam::GeometricField<double, Foam::fvPatchField, Foam::volMesh> const&)[7] #5  void Foam::log<Foam::fvPatchField, Foam::volMesh>(Foam::GeometricField<double, Foam::fvPatchField, Foam::volMesh>&, Foam::GeometricField<double, Foam::fvPatchField, Foam::volMesh> const&)[11] #5  void Foam::log<Foam::fvPatchField, Foam::volMesh>(Foam::GeometricField<double, Foam::fvPatchField, Foam::volMesh>&, Foam::GeometricField<double, Foam::fvPatchField, Foam::volMesh> const&) in /usr/lib/openfoam/openfoam2312/platforms/linux64GccDPInt32Opt/lib/libfiniteVolume.so
[5] #6  Foam::tmp<Foam::GeometricField<double, Foam::fvPatchField, Foam::volMesh> > Foam::log<Foam::fvPatchField, Foam::volMesh>(Foam::GeometricField<double, Foam::fvPatchField, Foam::volMesh> const&) in /usr/lib/openfoam/openfoam2312/platforms/linux64GccDPInt32Opt/lib/libfiniteVolume.so
 in /usr/lib/openfoam/openfoam2312/platforms/linux64GccDPInt32Opt/lib/libfiniteVolume.so
[9] #6  Foam::tmp<Foam::GeometricField<double, Foam::fvPatchField, Foam::volMesh> > Foam::log<Foam::fvPatchField, Foam::volMesh>(Foam::GeometricField<double, Foam::fvPatchField, Foam::volMesh> const&)[4] #6  Foam::tmp<Foam::GeometricField<double, Foam::fvPatchField, Foam::volMesh> > Foam::log<Foam::fvPatchField, Foam::volMesh>(Foam::GeometricField<double, Foam::fvPatchField, Foam::volMesh> const&) in /usr/lib/openfoam/openfoam2312/platforms/linux64GccDPInt32Opt/lib/libfiniteVolume.so
 in /usr/lib/openfoam/openfoam2312/platforms/linux64GccDPInt32Opt/lib/libfiniteVolume.so
[6] #6  Foam::tmp<Foam::GeometricField<double, Foam::fvPatchField, Foam::volMesh> > Foam::log<Foam::fvPatchField, Foam::volMesh>(Foam::GeometricField<double, Foam::fvPatchField, Foam::volMesh> const&)[7] #6  Foam::tmp<Foam::GeometricField<double, Foam::fvPatchField, Foam::volMesh> > Foam::log<Foam::fvPatchField, Foam::volMesh>(Foam::GeometricField<double, Foam::fvPatchField, Foam::volMesh> const&) in /usr/lib/openfoam/openfoam2312/platforms/linux64GccDPInt32Opt/lib/libfiniteVolume.so
[11] #6  Foam::tmp<Foam::GeometricField<double, Foam::fvPatchField, Foam::volMesh> > Foam::log<Foam::fvPatchField, Foam::volMesh>(Foam::GeometricField<double, Foam::fvPatchField, Foam::volMesh> const&) in ~/OpenFOAM/hlavatyo-v2312/platforms/linux64GccDPInt32Opt/lib/libsolids4FoamModels.so
 in ~/OpenFOAM/hlavatyo-v2312/platforms/linux64GccDPInt32Opt/lib/libsolids4FoamModels.so
[5] #7  Foam::viscoBread::correct(Foam::GeometricField<Foam::SymmTensor<double>, Foam::fvPatchField, Foam::volMesh>&)[4] #7  Foam::viscoBread::correct(Foam::GeometricField<Foam::SymmTensor<double>, Foam::fvPatchField, Foam::volMesh>&) in ~/OpenFOAM/hlavatyo-v2312/platforms/linux64GccDPInt32Opt/lib/libsolids4FoamModels.so
[9] #7  Foam::viscoBread::correct(Foam::GeometricField<Foam::SymmTensor<double>, Foam::fvPatchField, Foam::volMesh>&) in ~/OpenFOAM/hlavatyo-v2312/platforms/linux64GccDPInt32Opt/lib/libsolids4FoamModels.so
 in ~/OpenFOAM/hlavatyo-v2312/platforms/linux64GccDPInt32Opt/lib/libsolids4FoamModels.so
 in [6] #7  Foam::viscoBread::correct(Foam::GeometricField<Foam::SymmTensor<double>, Foam::fvPatchField, Foam::volMesh>&)~/OpenFOAM/hlavatyo-v2312/platforms/linux64GccDPInt32Opt/lib/libsolids4FoamModels.so
[7] #7  Foam::viscoBread::correct(Foam::GeometricField<Foam::SymmTensor<double>, Foam::fvPatchField, Foam::volMesh>&)[11] #7  Foam::viscoBread::correct(Foam::GeometricField<Foam::SymmTensor<double>, Foam::fvPatchField, Foam::volMesh>&) in ~/OpenFOAM/hlavatyo-v2312/platforms/linux64GccDPInt32Opt/lib/libsolids4FoamModels.so
 in ~/OpenFOAM/hlavatyo-v2312/platforms/linux64GccDPInt32Opt/lib/libsolids4FoamModels.so
[5] #8  Foam::solidModels::breadBakingSolid::evolve()[4] #8  Foam::solidModels::breadBakingSolid::evolve() in ~/OpenFOAM/hlavatyo-v2312/platforms/linux64GccDPInt32Opt/lib/libsolids4FoamModels.so
[9] #8  Foam::solidModels::breadBakingSolid::evolve() in ~/OpenFOAM/hlavatyo-v2312/platforms/linux64GccDPInt32Opt/lib/libsolids4FoamModels.so
 in ~/OpenFOAM/hlavatyo-v2312/platforms/linux64GccDPInt32Opt/lib/libsolids4FoamModels.so
[11] #8  Foam::solidModels::breadBakingSolid::evolve()[6] #8  Foam::solidModels::breadBakingSolid::evolve() in ~/OpenFOAM/hlavatyo-v2312/platforms/linux64GccDPInt32Opt/lib/libsolids4FoamModels.so
[7] #8  Foam::solidModels::breadBakingSolid::evolve() in ~/OpenFOAM/hlavatyo-v2312/platforms/linux64GccDPInt32Opt/lib/libsolids4FoamModels.so
[4] #9   in ~/OpenFOAM/hlavatyo-v2312/platforms/linux64GccDPInt32Opt/lib/libsolids4FoamModels.so
[5] #9   in ~/OpenFOAM/hlavatyo-v2312/platforms/linux64GccDPInt32Opt/lib/libsolids4FoamModels.so
[9] #9   in ~/OpenFOAM/hlavatyo-v2312/platforms/linux64GccDPInt32Opt/lib/libsolids4FoamModels.so
[11] #9   in ~/OpenFOAM/hlavatyo-v2312/platforms/linux64GccDPInt32Opt/lib/libsolids4FoamModels.so
[7] #9   in ~/OpenFOAM/hlavatyo-v2312/platforms/linux64GccDPInt32Opt/lib/libsolids4FoamModels.so
[6] #9  ?????? in ~/OpenFOAM/hlavatyo-v2312/platforms/linux64GccDPInt32Opt/bin/breadBakingFoam
[4] #10  __libc_start_main in ~/OpenFOAM/hlavatyo-v2312/platforms/linux64GccDPInt32Opt/bin/breadBakingFoam
[5] #10  __libc_start_main in ~/OpenFOAM/hlavatyo-v2312/platforms/linux64GccDPInt32Opt/bin/breadBakingFoam
[9] #10  __libc_start_main in ~/OpenFOAM/hlavatyo-v2312/platforms/linux64GccDPInt32Opt/bin/breadBakingFoam
[7] #10  __libc_start_main in ~/OpenFOAM/hlavatyo-v2312/platforms/linux64GccDPInt32Opt/bin/breadBakingFoam
[11] #10  __libc_start_main in ~/OpenFOAM/hlavatyo-v2312/platforms/linux64GccDPInt32Opt/bin/breadBakingFoam
[6] #10  __libc_start_main in /lib/x86_64-linux-gnu/libc.so.6
[4] #11   in /lib/x86_64-linux-gnu/libc.so.6
[5] #11   in /lib/x86_64-linux-gnu/libc.so.6
[9] #11   in /lib/x86_64-linux-gnu/libc.so.6
[7] #11   in /lib/x86_64-linux-gnu/libc.so.6
[11] #11  ? in /lib/x86_64-linux-gnu/libc.so.6
[6] #11  ????? in ~/OpenFOAM/hlavatyo-v2312/platforms/linux64GccDPInt32Opt/bin/breadBakingFoam
[4] =============
[butterfly:981413] *** Process received signal ***
[butterfly:981413] Signal: Floating point exception (8)
[butterfly:981413] Signal code:  (-6)
[butterfly:981413] Failing at address: 0x198000ef9a5
[butterfly:981413] [ 0] /lib/x86_64-linux-gnu/libpthread.so.0(+0x14420)[0x14d0e3c52420]
[butterfly:981413] [ 1] /lib/x86_64-linux-gnu/libpthread.so.0(raise+0xcb)[0x14d0e3c522ab]
[butterfly:981413] [ 2] /lib/x86_64-linux-gnu/libpthread.so.0(+0x14420)[0x14d0e3c52420]
[butterfly:981413] [ 3] /lib/x86_64-linux-gnu/libm.so.6(+0x7c470)[0x14d0e3cfa470]
[butterfly:981413] [ 4] /usr/lib/openfoam/openfoam2312/platforms/linux64GccDPInt32Opt/lib/libOpenFOAM.so(_ZN4Foam3logERNS_5FieldIdEERKNS_5UListIdEE+0x33)[0x14d0e48d92c3]
[butterfly:981413] [ 5]  in ~/OpenFOAM/hlavatyo-v2312/platforms/linux64GccDPInt32Opt/bin/breadBakingFoam
[5] =============
[butterfly:981420] *** Process received signal ***
 in ~/OpenFOAM/hlavatyo-v2312/platforms/linux64GccDPInt32Opt/bin/breadBakingFoam
[9] =============
/usr/lib/openfoam/openfoam2312/platforms/linux64GccDPInt32Opt/lib/libfiniteVolume.so(_ZN4Foam3logINS_12fvPatchFieldENS_7volMeshEEEvRNS_14GeometricFieldIdT_T0_EERKS6_+0x45)[0x14d0e8ed0665]
[butterfly:981413] [ 6] [butterfly:981461] *** Process received signal ***
[butterfly:981420] Signal: Floating point exception (8)
[butterfly:981420] Signal code:  (-6)
[butterfly:981420] Failing at address: 0x198000ef9ac
[butterfly:981461] Signal: Floating point exception (8)
[butterfly:981461] Signal code:  (-6)
[butterfly:981461] Failing at address: 0x198000ef9d5
[butterfly:981420] [ 0] /lib/x86_64-linux-gnu/libpthread.so.0(+0x14420)[0x146e4b8b9420]
[butterfly:981420] [ 1] [butterfly:981461] [ 0] /lib/x86_64-linux-gnu/libpthread.so.0(+0x14420)[0x14c1e4900420]
[butterfly:981461] [ 1] /lib/x86_64-linux-gnu/libpthread.so.0(raise+0xcb)[0x14c1e49002ab]
[butterfly:981461] [ 2] /lib/x86_64-linux-gnu/libpthread.so.0(raise+0xcb)[0x146e4b8b92ab]
[butterfly:981420] [ 2] /lib/x86_64-linux-gnu/libpthread.so.0(+0x14420)[0x146e4b8b9420]
[butterfly:981420] /lib/x86_64-linux-gnu/libpthread.so.0(+0x14420)[0x14c1e4900420]
[butterfly:981461] [ 3] /lib/x86_64-linux-gnu/libm.so.6(+0x7c470)[0x14c1e49a8470]
[butterfly:981461] [ 4] [ 3] /lib/x86_64-linux-gnu/libm.so.6(+0x7c470)[0x146e4b961470]
[butterfly:981420] [ 4] /butterfly1/hlavatyo/OpenFOAM/hlavatyo-v2312/platforms/linux64GccDPInt32Opt/lib/libsolids4FoamModels.so(_ZN4Foam3logINS_12fvPatchFieldENS_7volMeshEEENS_3tmpINS_14GeometricFieldIdT_T0_EEEERKS7_+0x183)[0x14d0e540c643]
[butterfly:981413] [ 7] /butterfly1/hlavatyo/OpenFOAM/hlavatyo-v2312/platforms/linux64GccDPInt32Opt/lib/libsolids4FoamModels.so(_ZN4Foam10viscoBread7correctERNS_14GeometricFieldINS_10SymmTensorIdEENS_12fvPatchFieldENS_7volMeshEEE+0xf06)[0x14d0e5405756]
[butterfly:981413] [ 8] /butterfly1/hlavatyo/OpenFOAM/hlavatyo-v2312/platforms/linux64GccDPInt32Opt/lib/libsolids4FoamModels.so(_ZN4Foam11solidModels16breadBakingSolid6evolveEv+0x447)[0x14d0e5167e87]
[butterfly:981413] [ 9] breadBakingFoam(+0x41cde)[0x55f6ae318cde]
[butterfly:981413] [10] /lib/x86_64-linux-gnu/libc.so.6(__libc_start_main+0xf3)[0x14d0e3a70083]
[butterfly:981413] [11] breadBakingFoam(+0x4647e)[0x55f6ae31d47e]
[butterfly:981413] *** End of error message ***
/usr/lib/openfoam/openfoam2312/platforms/linux64GccDPInt32Opt/lib/libOpenFOAM.so(_ZN4Foam3logERNS_5FieldIdEERKNS_5UListIdEE+0x33)[0x14c1e55872c3]
[butterfly:981461] [ 5] /usr/lib/openfoam/openfoam2312/platforms/linux64GccDPInt32Opt/lib/libOpenFOAM.so(_ZN4Foam3logERNS_5FieldIdEERKNS_5UListIdEE+0x33)[0x146e4c5402c3]
[butterfly:981420] [ 5]  in  in ~/OpenFOAM/hlavatyo-v2312/platforms/linux64GccDPInt32Opt/bin/breadBakingFoam
[11] =============
~/OpenFOAM/hlavatyo-v2312/platforms/linux64GccDPInt32Opt/bin/breadBakingFoam
[7] =============
[butterfly:981439] *** Process received signal ***
[butterfly:981439] Signal: Floating point exception (8)
[butterfly:981439] Signal code:  (-6)
[butterfly:981439] Failing at address: 0x198000ef9bf
[butterfly:981490] *** Process received signal ***
[butterfly:981490] Signal: Floating point exception (8)
[butterfly:981490] Signal code:  (-6)
[butterfly:981490] Failing at address: 0x198000ef9f2
[butterfly:981490] [ 0] /lib/x86_64-linux-gnu/libpthread.so.0(+0x14420)[0x145d086ec420]
[butterfly:981439] [ 0] /lib/x86_64-linux-gnu/libpthread.so.0(+0x14420)[0x14b33d450420]
[butterfly:981439] [ 1] /lib/x86_64-linux-gnu/libpthread.so.0(raise+0xcb)[0x14b33d4502ab]
[butterfly:981439] [ 2] [butterfly:981490] [ 1] /lib/x86_64-linux-gnu/libpthread.so.0(raise+0xcb)[0x145d086ec2ab]
[butterfly:981490] [ 2] /lib/x86_64-linux-gnu/libpthread.so.0(+0x14420)[0x14b33d450420]
[butterfly:981439] [ 3] /lib/x86_64-linux-gnu/libm.so.6(+0x7c470)[0x14b33d4f8470]
[butterfly:981439] [ 4] /lib/x86_64-linux-gnu/libpthread.so.0(+0x14420)[0x145d086ec420]
[butterfly:981490] [ 3] /lib/x86_64-linux-gnu/libm.so.6(+0x7c470)[0x145d08794470]
[butterfly:981490] [ 4] /usr/lib/openfoam/openfoam2312/platforms/linux64GccDPInt32Opt/lib/libOpenFOAM.so(_ZN4Foam3logERNS_5FieldIdEERKNS_5UListIdEE+0x33)[0x14b33e0d72c3]
[butterfly:981439] [ 5] /usr/lib/openfoam/openfoam2312/platforms/linux64GccDPInt32Opt/lib/libOpenFOAM.so(_ZN4Foam3logERNS_5FieldIdEERKNS_5UListIdEE+0x33)[0x145d093732c3]
[butterfly:981490] [ 5]  in ~/OpenFOAM/hlavatyo-v2312/platforms/linux64GccDPInt32Opt/bin/breadBakingFoam
[6] =============
[butterfly:981427] *** Process received signal ***
[butterfly:981427] Signal: Floating point exception (8)
[butterfly:981427] Signal code:  (-6)
[butterfly:981427] Failing at address: 0x198000ef9b3
/usr/lib/openfoam/openfoam2312/platforms/linux64GccDPInt32Opt/lib/libfiniteVolume.so(_ZN4Foam3logINS_12fvPatchFieldENS_7volMeshEEEvRNS_14GeometricFieldIdT_T0_EERKS6_+0x45)[0x14c1e9b7e665]
[butterfly:981461] [ 6] /usr/lib/openfoam/openfoam2312/platforms/linux64GccDPInt32Opt/lib/libfiniteVolume.so(_ZN4Foam3logINS_12fvPatchFieldENS_7volMeshEEEvRNS_14GeometricFieldIdT_T0_EERKS6_+0x45)[0x146e50b37665]
[butterfly:981420] [ 6] [butterfly:981427] [ 0] /lib/x86_64-linux-gnu/libpthread.so.0(+0x14420)[0x147c98b3f420]
[butterfly:981427] [ 1] /lib/x86_64-linux-gnu/libpthread.so.0(raise+0xcb)[0x147c98b3f2ab]
[butterfly:981427] [ 2] /lib/x86_64-linux-gnu/libpthread.so.0(+0x14420)[0x147c98b3f420]
[butterfly:981427] [ 3] /lib/x86_64-linux-gnu/libm.so.6(+0x7c470)[0x147c98be7470]
[butterfly:981427] [ 4] /butterfly1/hlavatyo/OpenFOAM/hlavatyo-v2312/platforms/linux64GccDPInt32Opt/lib/libsolids4FoamModels.so(_ZN4Foam3logINS_12fvPatchFieldENS_7volMeshEEENS_3tmpINS_14GeometricFieldIdT_T0_EEEERKS7_+0x183)[0x14c1e60ba643]
[butterfly:981461] [ 7] /butterfly1/hlavatyo/OpenFOAM/hlavatyo-v2312/platforms/linux64GccDPInt32Opt/lib/libsolids4FoamModels.so(_ZN4Foam3logINS_12fvPatchFieldENS_7volMeshEEENS_3tmpINS_14GeometricFieldIdT_T0_EEEERKS7_+0x183)[0x146e4d073643]
[butterfly:981420] [ 7] /butterfly1/hlavatyo/OpenFOAM/hlavatyo-v2312/platforms/linux64GccDPInt32Opt/lib/libsolids4FoamModels.so(_ZN4Foam10viscoBread7correctERNS_14GeometricFieldINS_10SymmTensorIdEENS_12fvPatchFieldENS_7volMeshEEE+0xf06)[0x14c1e60b3756]
[butterfly:981461] [ 8] /butterfly1/hlavatyo/OpenFOAM/hlavatyo-v2312/platforms/linux64GccDPInt32Opt/lib/libsolids4FoamModels.so(_ZN4Foam10viscoBread7correctERNS_14GeometricFieldINS_10SymmTensorIdEENS_12fvPatchFieldENS_7volMeshEEE+0xf06)[0x146e4d06c756]
[butterfly:981420] [ 8] /usr/lib/openfoam/openfoam2312/platforms/linux64GccDPInt32Opt/lib/libOpenFOAM.so(_ZN4Foam3logERNS_5FieldIdEERKNS_5UListIdEE+0x33)[0x147c997c62c3]
[butterfly:981427] [ 5] /butterfly1/hlavatyo/OpenFOAM/hlavatyo-v2312/platforms/linux64GccDPInt32Opt/lib/libsolids4FoamModels.so(_ZN4Foam11solidModels16breadBakingSolid6evolveEv+0x447)[0x14c1e5e15e87]
[butterfly:981461] [ 9] breadBakingFoam(+0x41cde)[0x556b32333cde]
[butterfly:981461] [10] /usr/lib/openfoam/openfoam2312/platforms/linux64GccDPInt32Opt/lib/libfiniteVolume.so(_ZN4Foam3logINS_12fvPatchFieldENS_7volMeshEEEvRNS_14GeometricFieldIdT_T0_EERKS6_+0x45)[0x14b3426ce665]
[butterfly:981439] [ 6] /lib/x86_64-linux-gnu/libc.so.6(__libc_start_main+0xf3)[0x14c1e471e083]
[butterfly:981461] [11] breadBakingFoam(+0x4647e)[0x556b3233847e]
[butterfly:981461] *** End of error message ***
/butterfly1/hlavatyo/OpenFOAM/hlavatyo-v2312/platforms/linux64GccDPInt32Opt/lib/libsolids4FoamModels.so(_ZN4Foam11solidModels16breadBakingSolid6evolveEv+0x447)[0x146e4cdcee87]
[butterfly:981420] [ 9] breadBakingFoam(+0x41cde)[0x55bdd62b1cde]
[butterfly:981420] [10] /lib/x86_64-linux-gnu/libc.so.6(__libc_start_main+0xf3)[0x146e4b6d7083]
[butterfly:981420] [11] breadBakingFoam(+0x4647e)[0x55bdd62b647e]
[butterfly:981420] *** End of error message ***
/usr/lib/openfoam/openfoam2312/platforms/linux64GccDPInt32Opt/lib/libfiniteVolume.so(_ZN4Foam3logINS_12fvPatchFieldENS_7volMeshEEEvRNS_14GeometricFieldIdT_T0_EERKS6_+0x45)[0x145d0d96a665]
[butterfly:981490] [ 6] /butterfly1/hlavatyo/OpenFOAM/hlavatyo-v2312/platforms/linux64GccDPInt32Opt/lib/libsolids4FoamModels.so(_ZN4Foam3logINS_12fvPatchFieldENS_7volMeshEEENS_3tmpINS_14GeometricFieldIdT_T0_EEEERKS7_+0x183)[0x14b33ec0a643]
[butterfly:981439] [ 7] /butterfly1/hlavatyo/OpenFOAM/hlavatyo-v2312/platforms/linux64GccDPInt32Opt/lib/libsolids4FoamModels.so(_ZN4Foam10viscoBread7correctERNS_14GeometricFieldINS_10SymmTensorIdEENS_12fvPatchFieldENS_7volMeshEEE+0xf06)[0x14b33ec03756]
[butterfly:981439] [ 8] /butterfly1/hlavatyo/OpenFOAM/hlavatyo-v2312/platforms/linux64GccDPInt32Opt/lib/libsolids4FoamModels.so(_ZN4Foam3logINS_12fvPatchFieldENS_7volMeshEEENS_3tmpINS_14GeometricFieldIdT_T0_EEEERKS7_+0x183)[0x145d09ea6643]
[butterfly:981490] [ 7] /butterfly1/hlavatyo/OpenFOAM/hlavatyo-v2312/platforms/linux64GccDPInt32Opt/lib/libsolids4FoamModels.so(_ZN4Foam11solidModels16breadBakingSolid6evolveEv+0x447)[0x14b33e965e87]
[butterfly:981439] [ 9] /butterfly1/hlavatyo/OpenFOAM/hlavatyo-v2312/platforms/linux64GccDPInt32Opt/lib/libsolids4FoamModels.so(_ZN4Foam10viscoBread7correctERNS_14GeometricFieldINS_10SymmTensorIdEENS_12fvPatchFieldENS_7volMeshEEE+0xf06)[0x145d09e9f756]
[butterfly:981490] [ 8] breadBakingFoam(+0x41cde)[0x557b44725cde]
[butterfly:981439] [10] /lib/x86_64-linux-gnu/libc.so.6(__libc_start_main+0xf3)[0x14b33d26e083]
[butterfly:981439] [11] breadBakingFoam(+0x4647e)[0x557b4472a47e]
[butterfly:981439] *** End of error message ***
/usr/lib/openfoam/openfoam2312/platforms/linux64GccDPInt32Opt/lib/libfiniteVolume.so(_ZN4Foam3logINS_12fvPatchFieldENS_7volMeshEEEvRNS_14GeometricFieldIdT_T0_EERKS6_+0x45)[0x147c9ddbd665]
[butterfly:981427] [ 6] /butterfly1/hlavatyo/OpenFOAM/hlavatyo-v2312/platforms/linux64GccDPInt32Opt/lib/libsolids4FoamModels.so(_ZN4Foam11solidModels16breadBakingSolid6evolveEv+0x447)[0x145d09c01e87]
[butterfly:981490] [ 9] breadBakingFoam(+0x41cde)[0x556e635e3cde]
[butterfly:981490] [10] /lib/x86_64-linux-gnu/libc.so.6(__libc_start_main+0xf3)[0x145d0850a083]
[butterfly:981490] [11] breadBakingFoam(+0x4647e)[0x556e635e847e]
[butterfly:981490] *** End of error message ***
/butterfly1/hlavatyo/OpenFOAM/hlavatyo-v2312/platforms/linux64GccDPInt32Opt/lib/libsolids4FoamModels.so(_ZN4Foam3logINS_12fvPatchFieldENS_7volMeshEEENS_3tmpINS_14GeometricFieldIdT_T0_EEEERKS7_+0x183)[0x147c9a2f9643]
[butterfly:981427] [ 7] /butterfly1/hlavatyo/OpenFOAM/hlavatyo-v2312/platforms/linux64GccDPInt32Opt/lib/libsolids4FoamModels.so(_ZN4Foam10viscoBread7correctERNS_14GeometricFieldINS_10SymmTensorIdEENS_12fvPatchFieldENS_7volMeshEEE+0xf06)[0x147c9a2f2756]
[butterfly:981427] [ 8] /butterfly1/hlavatyo/OpenFOAM/hlavatyo-v2312/platforms/linux64GccDPInt32Opt/lib/libsolids4FoamModels.so(_ZN4Foam11solidModels16breadBakingSolid6evolveEv+0x447)[0x147c9a054e87]
[butterfly:981427] [ 9] breadBakingFoam(+0x41cde)[0x5624eabbbcde]
[butterfly:981427] [10] /lib/x86_64-linux-gnu/libc.so.6(__libc_start_main+0xf3)[0x147c9895d083]
[butterfly:981427] [11] breadBakingFoam(+0x4647e)[0x5624eabc047e]
[butterfly:981427] *** End of error message ***
--------------------------------------------------------------------------
Primary job  terminated normally, but 1 process returned
a non-zero exit code. Per user-direction, the job has been aborted.
--------------------------------------------------------------------------
--------------------------------------------------------------------------
mpirun noticed that process rank 11 with PID 0 on node butterfly exited on signal 8 (Floating point exception).
--------------------------------------------------------------------------
No protocol specified
[6] [stack trace]
[6] =============
[6] #1  Foam::sigFpe::sigHandler(int) in /usr/lib/openfoam/openfoam2312/platforms/linux64GccDPInt32Opt/lib/libOpenFOAM.so
[6] #2  ? in /lib/x86_64-linux-gnu/libpthread.so.0
[6] #3  ? in /lib/x86_64-linux-gnu/libm.so.6
[6] #4  powf64 in /lib/x86_64-linux-gnu/libm.so.6
[6] #5  Foam::pow(Foam::Field<double>&, Foam::UList<double> const&, double const&) in /usr/lib/openfoam/openfoam2312/platforms/linux64GccDPInt32Opt/lib/libOpenFOAM.so
[6] #6  void Foam::pow<Foam::fvPatchField, Foam::volMesh>(Foam::GeometricField<double, Foam::fvPatchField, Foam::volMesh>&, Foam::GeometricField<double, Foam::fvPatchField, Foam::volMesh> const&, Foam::dimensioned<double> const&) in ~/OpenFOAM/hlavatyo-v2312/platforms/linux64GccDPInt32Opt/bin/breadBakingFoam
[6] #7  Foam::tmp<Foam::GeometricField<double, Foam::fvPatchField, Foam::volMesh> > Foam::pow<Foam::fvPatchField, Foam::volMesh>(Foam::tmp<Foam::GeometricField<double, Foam::fvPatchField, Foam::volMesh> > const&, Foam::dimensioned<double> const&) in ~/OpenFOAM/hlavatyo-v2312/platforms/linux64GccDPInt32Opt/bin/breadBakingFoam
[6] #8  Foam::tmp<Foam::GeometricField<double, Foam::fvPatchField, Foam::volMesh> > Foam::pow<Foam::fvPatchField, Foam::volMesh>(Foam::tmp<Foam::GeometricField<double, Foam::fvPatchField, Foam::volMesh> > const&, double const&) in ~/OpenFOAM/hlavatyo-v2312/platforms/linux64GccDPInt32Opt/bin/breadBakingFoam
[6] #9  ? in ~/OpenFOAM/hlavatyo-v2312/platforms/linux64GccDPInt32Opt/bin/breadBakingFoam
[6] #10  __libc_start_main in /lib/x86_64-linux-gnu/libc.so.6
[6] #11  ? in ~/OpenFOAM/hlavatyo-v2312/platforms/linux64GccDPInt32Opt/bin/breadBakingFoam
[6] =============
[butterfly:987833] *** Process received signal ***
[butterfly:987833] Signal: Floating point exception (8)
[butterfly:987833] Signal code:  (-6)
[butterfly:987833] Failing at address: 0x198000f12b9
[butterfly:987833] [ 0] /lib/x86_64-linux-gnu/libpthread.so.0(+0x14420)[0x14e7f4dab420]
[butterfly:987833] [ 1] /lib/x86_64-linux-gnu/libpthread.so.0(raise+0xcb)[0x14e7f4dab2ab]
[butterfly:987833] [ 2] /lib/x86_64-linux-gnu/libpthread.so.0(+0x14420)[0x14e7f4dab420]
[butterfly:987833] [ 3] /lib/x86_64-linux-gnu/libm.so.6(+0x7c470)[0x14e7f4e53470]
[butterfly:987833] [ 4] /lib/x86_64-linux-gnu/libm.so.6(powf64+0x18)[0x14e7f4e18278]
[butterfly:987833] [ 5] /usr/lib/openfoam/openfoam2312/platforms/linux64GccDPInt32Opt/lib/libOpenFOAM.so(_ZN4Foam3powERNS_5FieldIdEERKNS_5UListIdEERKd+0x39)[0x14e7f5a31b09]
[butterfly:987833] [ 6] breadBakingFoam(_ZN4Foam3powINS_12fvPatchFieldENS_7volMeshEEEvRNS_14GeometricFieldIdT_T0_EERKS6_RKNS_11dimensionedIdEE+0x4c)[0x563bcdcc38bc]
[butterfly:987833] [ 7] breadBakingFoam(_ZN4Foam3powINS_12fvPatchFieldENS_7volMeshEEENS_3tmpINS_14GeometricFieldIdT_T0_EEEERKS8_RKNS_11dimensionedIdEE+0x2a3)[0x563bcdd1cb03]
[butterfly:987833] [ 8] breadBakingFoam(_ZN4Foam3powINS_12fvPatchFieldENS_7volMeshEEENS_3tmpINS_14GeometricFieldIdT_T0_EEEERKS8_RKd+0x5f)[0x563bcdd1cd3f]
[butterfly:987833] [ 9] breadBakingFoam(+0x3b702)[0x563bcdc9f702]
[butterfly:987833] [10] /lib/x86_64-linux-gnu/libc.so.6(__libc_start_main+0xf3)[0x14e7f4bc9083]
[butterfly:987833] [11] breadBakingFoam(+0x4647e)[0x563bcdcaa47e]
[butterfly:987833] *** End of error message ***
--------------------------------------------------------------------------
Primary job  terminated normally, but 1 process returned
a non-zero exit code. Per user-direction, the job has been aborted.
--------------------------------------------------------------------------
--------------------------------------------------------------------------
mpirun noticed that process rank 6 with PID 0 on node butterfly exited on signal 8 (Floating point exception).
--------------------------------------------------------------------------
No protocol specified
No protocol specified
No protocol specified
No protocol specified
No protocol specified
No protocol specified
No protocol specified
In system/fvSolution, trying to change parameter omegaC in subDict fields:
	In system/fvSolution, I have change val of omegaC parameter from 0.1; to 1 in subDict fields.
In system/fvSolution, trying to change parameter pG in subDict fields:
	In system/fvSolution, I have change val of pG parameter from 0.1; to 1 in subDict fields.
In constant/mechanicalProperties, trying to change parameter E in subDict bread:
	In constant/mechanicalProperties, I have change val of E parameter from 12000; to 10000 in subDict bread.
In constant/mechanicalProperties, trying to change parameter mu0Raw in subDict bread:
	In constant/mechanicalProperties, I have change val of mu0Raw parameter from 300; to 219 in subDict bread.
In constant/mechanicalProperties, trying to change parameter kappa0Raw in subDict bread:
	In constant/mechanicalProperties, I have change val of kappa0Raw parameter from 1000; to 93.85714285714286 in subDict bread.
In constant/mechanicalProperties, trying to change parameter muV1Raw in subDict bread:
	In constant/mechanicalProperties, I have change val of muV1Raw parameter from 3000; to 600 in subDict bread.
In constant/mechanicalProperties, trying to change parameter muV2Raw in subDict bread:
	In constant/mechanicalProperties, I have change val of muV2Raw parameter from 3000; to 0 in subDict bread.
In constant/mechanicalProperties, trying to change parameter kappaVRaw in subDict bread:
	In constant/mechanicalProperties, I have change val of kappaVRaw parameter from 6000; to 257.14285714285717 in subDict bread.
In constant/mechanicalProperties, trying to change parameter mu0Baked in subDict bread:
	In constant/mechanicalProperties, I have change val of mu0Baked parameter from 12500; to 2190 in subDict bread.
In constant/mechanicalProperties, trying to change parameter kappa0Baked in subDict bread:
	In constant/mechanicalProperties, I have change val of kappa0Baked parameter from 40000; to 938.5714285714287 in subDict bread.
In constant/mechanicalProperties, trying to change parameter tau1 in subDict bread:
	In constant/mechanicalProperties, I have change val of tau1 parameter from 1; to 15 in subDict bread.
In constant/mechanicalProperties, trying to change parameter tau2 in subDict bread:
	In constant/mechanicalProperties, I have change val of tau2 parameter from 1; to 1 in subDict bread.
In constant/mechanicalProperties, trying to change parameter tGelat in subDict bread:
	In constant/mechanicalProperties, I have change val of tGelat parameter from 65; to 65 in subDict bread.
I will execute commands in ../ZZ_cases/2026/V29/exp0_nonDef_False/V50_pGBC_LucasLambda_nu015_3e-10_kOp_0.15_kCl_0.15_nu_0.15_mu0_219_muV1_600_mS_0.0005_lambda_0.42_kH_16_kHB_17_r0_0.0018_per_8e-16/:
	1. chmod 755 ./* -R
	2. blockMesh > log.blockMesh
I will execute commands in ../ZZ_cases/2026/V29/exp0_nonDef_False/V50_pGBC_LucasLambda_nu015_3e-10_kOp_0.15_kCl_0.15_nu_0.15_mu0_219_muV1_600_mS_0.0005_lambda_0.42_kH_16_kHB_17_r0_0.0018_per_8e-16/:
	1. extrudeMesh > log.extrudeMesh
	2. rm -rf 0
	3. cp -r 0.org 0
	4. paraFoam -touch
In system/decomposeParDict, trying to change parameter numberOfSubdomains in subDict :
	In system/decomposeParDict, I have change val of numberOfSubdomains parameter from 2; to 16 in subDict .
I will execute commands in ../ZZ_cases/2026/V29/exp0_nonDef_False/V50_pGBC_LucasLambda_nu015_3e-10_kOp_0.15_kCl_0.15_nu_0.15_mu0_219_muV1_600_mS_0.0005_lambda_0.42_kH_16_kHB_17_r0_0.0018_per_8e-16/:
	1. decomposePar > log.decomposePar
	2. foamJob -parallel -screen breadBakingFoam > log.breadBakingFoam
In system/controlDict, trying to change parameter endTime in subDict :
	In system/controlDict, I have change val of endTime parameter from 2400; to 2850 in subDict .
In system/controlDict, trying to change parameter deltaT in subDict :
	In system/controlDict, I have change val of deltaT parameter from 10; to 5 in subDict .
In system/fvSolution, trying to change parameter nOuterCorrectors in subDict PIMPLE:
	In system/fvSolution, I have change val of nOuterCorrectors parameter from 150; to 400 in subDict PIMPLE.
In system/fvSolution, trying to change parameter omegaV in subDict fields:
	In system/fvSolution, I have change val of omegaV parameter from 1; to 0.1 in subDict fields.
In system/fvSolution, trying to change parameter omegaC in subDict fields:
	In system/fvSolution, I have change val of omegaC parameter from 1; to 0.1 in subDict fields.
In system/fvSolution, trying to change parameter pG in subDict fields:
	In system/fvSolution, I have change val of pG parameter from 1; to 0.1 in subDict fields.
In system/controlDict, trying to change parameter writeInterval in subDict :
	In system/controlDict, I have change val of writeInterval parameter from 200; to 20 in subDict .
	In system/controlDict, I have change val of writeInterval parameter from 200; to 20 in subDict .
I will execute commands in ../ZZ_cases/2026/V29/exp0_nonDef_False/V50_pGBC_LucasLambda_nu015_3e-10_kOp_0.15_kCl_0.15_nu_0.15_mu0_219_muV1_600_mS_0.0005_lambda_0.42_kH_16_kHB_17_r0_0.0018_per_8e-16/:
	1. foamJob -parallel -screen breadBakingFoam > log.breadBakingFoam_2
In system/controlDict, trying to change parameter endTime in subDict :
	In system/controlDict, I have change val of endTime parameter from 2850; to 3650 in subDict .
In system/controlDict, trying to change parameter deltaT in subDict :
	In system/controlDict, I have change val of deltaT parameter from 5; to 1 in subDict .
In constant/transportProperties, trying to change parameter withDeformation in subDict :
	In constant/transportProperties, I have change val of withDeformation parameter from 1; to 0 in subDict .
In system/fvSolution, trying to change parameter omegaV in subDict fields:
	In system/fvSolution, I have change val of omegaV parameter from 0.1; to 0.1 in subDict fields.
In system/fvSolution, trying to change parameter pG in subDict fields:
	In system/fvSolution, I have change val of pG parameter from 0.1; to 0.1 in subDict fields.
In system/fvSolution, trying to change parameter nOuterCorrectors in subDict PIMPLE:
	In system/fvSolution, I have change val of nOuterCorrectors parameter from 400; to 50 in subDict PIMPLE.
I will execute commands in ../ZZ_cases/2026/V29/exp0_nonDef_False/V50_pGBC_LucasLambda_nu015_3e-10_kOp_0.15_kCl_0.15_nu_0.15_mu0_219_muV1_600_mS_0.0005_lambda_0.42_kH_16_kHB_17_r0_0.0018_per_8e-16/:
	1. foamJob -parallel -screen breadBakingFoam > log.breadBakingFoam_3
Found OpenFOAMCase parallel times are:
	[0.0, 1000.0, 2460.0, 2540.0, 2480.0, 800.0, 2400.0, 1600.0, 2000.0, 2440.0, 1200.0, 1400.0, 2420.0, 1800.0, 2520.0, 200.0, 2200.0, 400.0, 2500.0, 2560.0, 600.0],
latestTime:
	2560
I will execute commands in ../ZZ_cases/2026/V29/exp0_nonDef_False/V50_pGBC_LucasLambda_nu015_3e-10_kOp_0.15_kCl_0.15_nu_0.15_mu0_219_muV1_600_mS_0.0005_lambda_0.42_kH_16_kHB_17_r0_0.0018_per_8e-16/:
	1. rm -rf processor*/0
	2. foamJob -parallel -screen postProcess -func "probeOur" -dict system/probeOur > log.postProcess
	3. foamJob -parallel -screen TLFProbe -point "(1e-3 1e-3 0)" > log.TPoint6
	4. foamJob -parallel -screen intMoisture > log.intMoisture
	5. foamJob -parallel -screen intWeigth > log.intWeigth
I will execute commands in ../ZZ_cases/2026/V29/exp0_nonDef_False/V50_pGBC_LucasLambda_nu015_3e-10_kOp_0.15_kCl_0.15_nu_0.15_mu0_219_muV1_600_mS_0.0005_lambda_0.42_kH_16_kHB_17_r0_0.0018_per_8e-16/:
	1. foamJob -parallel -screen TLFProbe -point "(0.0445 0.03128 0)" > log.TPoint1
I will execute commands in ../ZZ_cases/2026/V29/exp0_nonDef_False/V50_pGBC_LucasLambda_nu015_3e-10_kOp_0.15_kCl_0.15_nu_0.15_mu0_219_muV1_600_mS_0.0005_lambda_0.42_kH_16_kHB_17_r0_0.0018_per_8e-16/:
	1. foamJob -parallel -screen TLFProbe -point "(0.0435 0.010417 0)" > log.TPoint2
I will execute commands in ../ZZ_cases/2026/V29/exp0_nonDef_False/V50_pGBC_LucasLambda_nu015_3e-10_kOp_0.15_kCl_0.15_nu_0.15_mu0_219_muV1_600_mS_0.0005_lambda_0.42_kH_16_kHB_17_r0_0.0018_per_8e-16/:
	1. foamJob -parallel -screen TLFProbe -point "(0.0336 0.025907 0)" > log.TPoint3
No protocol specified
I will execute commands in ../ZZ_cases/2026/V29/exp0_nonDef_False/V50_pGBC_LucasLambda_nu015_3e-10_kOp_0.15_kCl_0.15_nu_0.15_mu0_219_muV1_600_mS_0.0005_lambda_0.42_kH_16_kHB_17_r0_0.0018_per_8e-16/:
	1. foamJob -parallel -screen TLFProbe -point "(0.0146 0.047604 0)" > log.TPoint4
Loading all sheets from: ../Experiments2026/10_02_2026/Lab_test_2026_02_10.xlsm
  Sheet 'DATALOG': 32538 rows × 5 columns
  Sheet 'Data_Termo_1': 11554 rows × 25 columns
  Sheet 'Data_Termo_2': 6241 rows × 25 columns
  Sheet 'Data_Termo_3': 2547 rows × 25 columns
Loading all sheets from: ../Experiments2026/10_02_2026/Exp_2/opcua_log_20260210_144124.xlsx
  Sheet 'Sheet1': 1338 rows × 8 columns
Loading all sheets from: ../Experiments2026/10_02_2026/Lab_test_2026_02_10.xlsm
  Sheet 'DATALOG': 32538 rows × 5 columns
  Sheet 'Data_Termo_1': 11554 rows × 25 columns
  Sheet 'Data_Termo_2': 6241 rows × 25 columns
  Sheet 'Data_Termo_3': 2547 rows × 25 columns
Loading all sheets from: ../Experiments2026/10_02_2026/Exp_3/opcua_log_20260210_153553.xlsx
  Sheet 'Sheet1': 893 rows × 8 columns
Loading all sheets from: ../Experiments2026/11_02_2026/Lab_test_2026_02_11.xlsm
  Sheet 'Thermometers': 19 rows × 10 columns
  Sheet 'DATALOG': 19196 rows × 5 columns
  Sheet 'Data_Termo_1': 14022 rows × 25 columns
  Sheet 'Data_Termo_2': 10978 rows × 25 columns
  Sheet 'Data_Termo_3': 7613 rows × 25 columns
  Sheet 'Data_Termo_4': 3804 rows × 25 columns
Loading all sheets from: ../Experiments2026/11_02_2026/Exp_1/opcua_log_20260211_115313.xlsx
  Sheet 'Sheet1': 767 rows × 8 columns
Loading all sheets from: ../Experiments2026/11_02_2026/Lab_test_2026_02_11.xlsm
  Sheet 'Thermometers': 19 rows × 10 columns
  Sheet 'DATALOG': 19196 rows × 5 columns
  Sheet 'Data_Termo_1': 14022 rows × 25 columns
  Sheet 'Data_Termo_2': 10978 rows × 25 columns
  Sheet 'Data_Termo_3': 7613 rows × 25 columns
  Sheet 'Data_Termo_4': 3804 rows × 25 columns
Loading all sheets from: ../Experiments2026/11_02_2026/Exp_2/opcua_log_20260211_125251.xlsx
  Sheet 'Sheet1': 836 rows × 8 columns
Loading all sheets from: ../Experiments2026/11_02_2026/Lab_test_2026_02_11.xlsm
  Sheet 'Thermometers': 19 rows × 10 columns
  Sheet 'DATALOG': 19196 rows × 5 columns
  Sheet 'Data_Termo_1': 14022 rows × 25 columns
  Sheet 'Data_Termo_2': 10978 rows × 25 columns
  Sheet 'Data_Termo_3': 7613 rows × 25 columns
  Sheet 'Data_Termo_4': 3804 rows × 25 columns
Loading all sheets from: ../Experiments2026/11_02_2026/Exp_3/opcua_log_20260211_135519.xlsx
  Sheet 'Sheet1': 773 rows × 8 columns
Loading all sheets from: ../Experiments2026/11_02_2026/Lab_test_2026_02_11.xlsm
  Sheet 'Thermometers': 19 rows × 10 columns
  Sheet 'DATALOG': 19196 rows × 5 columns
  Sheet 'Data_Termo_1': 14022 rows × 25 columns
  Sheet 'Data_Termo_2': 10978 rows × 25 columns
  Sheet 'Data_Termo_3': 7613 rows × 25 columns
  Sheet 'Data_Termo_4': 3804 rows × 25 columns
Loading all sheets from: ../Experiments2026/11_02_2026/Exp_4/opcua_log_20260211_150638.xlsx
  Sheet 'Sheet1': 907 rows × 8 columns
[[2.00000000e+02 6.97717603e-03]
 [4.00000000e+02 6.97717893e-03]
 [6.00000000e+02 6.97718262e-03]
 [8.00000000e+02 6.97718772e-03]
 [1.00000000e+03 6.97719305e-03]
 [1.20000000e+03 6.97720002e-03]
 [1.40000000e+03 6.97720953e-03]
 [1.60000000e+03 6.97722133e-03]
 [1.80000000e+03 6.97723516e-03]
 [2.00000000e+03 6.97725098e-03]
 [2.20000000e+03 6.97726861e-03]
 [2.40000000e+03 6.97728753e-03]
 [2.42000000e+03 6.97731097e-03]
 [2.44000000e+03 6.97735180e-03]
 [2.46000000e+03 6.97740824e-03]
 [2.48000000e+03 6.97748339e-03]
 [2.50000000e+03 6.97759356e-03]
 [2.52000000e+03 6.97775330e-03]
 [2.54000000e+03 6.97792218e-03]
 [2.56000000e+03 6.97800223e-03]]
(20, 2)
New OpenFOAMCase has been initialized, starting directory is:
	/butterfly2/hlavatyo/bread/breadBakingFoamTechMathGroup/pyCtrlScripts
OpenFOAMCase.baseCase has been set to :
	../tutorials/bread3DOurExp/
OpenFOAMCase directory has been changed from:
	../tutorials/bread3DOurExp/ to ../ZZ_cases/2026/V29/exp0_nonDef_False/V37_manyIter_3e-10_kOp_0.2_kCl_0.2_nu_0.15_mu0_219_muV1_600_mS_0.0005_lambda_0.42_kH_16_kHB_17_r0_0.0018_per_9e-16/
OpenFOAMCase.baseDir has been copied to OpenFOAMCase.dir:
	 ../tutorials/bread3DOurExp/ --> ../ZZ_cases/2026/V29/exp0_nonDef_False/V37_manyIter_3e-10_kOp_0.2_kCl_0.2_nu_0.15_mu0_219_muV1_600_mS_0.0005_lambda_0.42_kH_16_kHB_17_r0_0.0018_per_9e-16/
In 0.org/omegaV, trying to change parameter kM in subDict sides:
	In 0.org/omegaV, I have change val of kM parameter from 0.01; to 0.01 in subDict sides.
In 0.org/omegaV, trying to change parameter kM in subDict bottom:
	In 0.org/omegaV, I have change val of kM parameter from 1e-5; to 0.007 in subDict bottom.
In 0.org/omegaV, trying to change parameter kM in subDict bottom2:
	In 0.org/omegaV, I have change val of kM parameter from 1e-5; to 0.007 in subDict bottom2.
In 0.org/omegaC, trying to change parameter kM in subDict sides:
	In 0.org/omegaC, I have change val of kM parameter from 1e-5; to 0.01 in subDict sides.
In 0.org/omegaC, trying to change parameter kM in subDict bottom:
	In 0.org/omegaC, I have change val of kM parameter from 1e-5; to 0.007 in subDict bottom.
In 0.org/omegaC, trying to change parameter kM in subDict bottom2:
	In 0.org/omegaC, I have change val of kM parameter from 1e-5; to 0.007 in subDict bottom2.
In 0.org/T, trying to change parameter alpha in subDict sides:
	In 0.org/T, I have change val of alpha parameter from 9.5; to 16 in subDict sides.
In 0.org/T, trying to change parameter alpha in subDict bottom:
	In 0.org/T, I have change val of alpha parameter from 9.5; to 17 in subDict bottom.
In 0.org/T, trying to change parameter alpha in subDict bottom2:
	In 0.org/T, I have change val of alpha parameter from 9.5; to 17 in subDict bottom2.
In 0.org/T, trying to change parameter internalField in subDict :
	In 0.org/T, I have change val of internalField parameter from uniform 302.5; to uniform 297 in subDict .
Loading all sheets from: ../Experiments2026/10_02_2026/Lab_test_2026_02_10.xlsm
  Sheet 'DATALOG': 32538 rows × 5 columns
  Sheet 'Data_Termo_1': 11554 rows × 25 columns
  Sheet 'Data_Termo_2': 6241 rows × 25 columns
  Sheet 'Data_Termo_3': 2547 rows × 25 columns
In constant/transportProperties, trying to change parameter withDeformation in subDict :
	In constant/transportProperties, I have change val of withDeformation parameter from 1; to 1 in subDict .
In constant/transportProperties, trying to change parameter permGLViscG in subDict :
	In constant/transportProperties, I have change val of permGLViscG parameter from 9e-13; to 9e-16 in subDict .
In constant/transportProperties, trying to change parameter tortOpen in subDict :
	In constant/transportProperties, I have change val of tortOpen parameter from 2; to 2.4 in subDict .
In constant/transportProperties, trying to change parameter tortClosed in subDict :
	In constant/transportProperties, I have change val of tortClosed parameter from 10; to 70 in subDict .
In constant/thermophysicalProperties, trying to change parameter lambda in subDict solid:
	In constant/thermophysicalProperties, I have change val of lambda parameter from 0.47; to 0.42 in subDict solid.
In constant/thermophysicalProperties, trying to change parameter rho in subDict solid:
	In constant/thermophysicalProperties, I have change val of rho parameter from 700; to 764 in subDict solid.
In constant/thermophysicalProperties, trying to change parameter Cp in subDict solid:
	In constant/thermophysicalProperties, I have change val of Cp parameter from 600; to 1130 in subDict solid.
In constant/thermophysicalProperties, trying to change parameter Cp in subDict liquid:
	In constant/thermophysicalProperties, I have change val of Cp parameter from 4200; to 4200 in subDict liquid.
In constant/thermophysicalProperties, trying to change parameter Cp in subDict CO2:
	In constant/thermophysicalProperties, I have change val of Cp parameter from 853; to 853 in subDict CO2.
In constant/thermophysicalProperties, trying to change parameter Cp in subDict vapor:
	In constant/thermophysicalProperties, I have change val of Cp parameter from 1878; to 1878 in subDict vapor.
In constant/thermophysicalProperties, trying to change parameter D in subDict transport:
	In constant/thermophysicalProperties, I have change val of D parameter from 5e-06; to 2.6e-05 in subDict transport.
In constant/thermophysicalProperties, trying to change parameter Dl in subDict transport:
	In constant/thermophysicalProperties, I have change val of Dl parameter from 5e-10; to 3e-10 in subDict transport.
	In constant/thermophysicalProperties, I have change val of Dl parameter from 2e-11; to 3e-10 in subDict transport.
	In constant/thermophysicalProperties, I have change val of Dl parameter from 5e-12; to 3e-10 in subDict transport.
	In constant/thermophysicalProperties, I have change val of Dl parameter from 8e-12; to 3e-10 in subDict transport.
	In constant/thermophysicalProperties, I have change val of Dl parameter from 2e-11; to 3e-10 in subDict transport.
	In constant/thermophysicalProperties, I have change val of Dl parameter from 2e-10; to 3e-10 in subDict transport.
	In constant/thermophysicalProperties, I have change val of Dl parameter from 1e-9; to 3e-10 in subDict transport.
	In constant/thermophysicalProperties, I have change val of Dl parameter from 5e-10; to 3e-10 in subDict transport.
	In constant/thermophysicalProperties, I have change val of Dl parameter from 1.5e-11; to 3e-10 in subDict transport.
In constant/reactiveProperties, trying to change parameter kMPCOpen in subDict evaporation:
	In constant/reactiveProperties, I have change val of kMPCOpen parameter from 0.42; to 0.2 in subDict evaporation.
In constant/reactiveProperties, trying to change parameter kMPCClosed in subDict evaporation:
	In constant/reactiveProperties, I have change val of kMPCClosed parameter from 0.42; to 0.2 in subDict evaporation.
In constant/reactiveProperties, trying to change parameter R0 in subDict fermentation:
	In constant/reactiveProperties, I have change val of R0 parameter from 0.0022; to 0.0018 in subDict fermentation.
In constant/reactiveProperties, trying to change parameter Tm in subDict fermentation:
	In constant/reactiveProperties, I have change val of Tm parameter from 314; to 313 in subDict fermentation.
In constant/reactiveProperties, trying to change parameter deltaT in subDict fermentation:
	In constant/reactiveProperties, I have change val of deltaT parameter from 10; to 14 in subDict fermentation.
In system/controlDict, trying to change parameter endTime in subDict :
	In system/controlDict, I have change val of endTime parameter from 900; to 2400 in subDict .
In system/controlDict, trying to change parameter deltaT in subDict :
	In system/controlDict, I have change val of deltaT parameter from 1; to 40 in subDict .
In system/controlDict, trying to change parameter writeInterval in subDict :
	In system/controlDict, I have change val of writeInterval parameter from 20; to 200 in subDict .
	In system/controlDict, I have change val of writeInterval parameter from 20; to 200 in subDict .
In system/fvSolution, trying to change parameter nOuterCorrectors in subDict PIMPLE:
	In system/fvSolution, I have change val of nOuterCorrectors parameter from 250; to 2000 in subDict PIMPLE.
In system/fvSolution, trying to change parameter D in subDict fields:
	In system/fvSolution, I have change val of D parameter from 0.1; to 0.1 in subDict fields.
In system/fvSolution, trying to change parameter DFinal in subDict fields:
	In system/fvSolution, I have change val of DFinal parameter from 0.1; to 1 in subDict fields.
In system/fvSolution, trying to change parameter omegaV in subDict fields:
	In system/fvSolution, I have change val of omegaV parameter from 0.1; to 0.5 in subDict fields.
In system/fvSolution, trying to change parameter omegaC in subDict fields:
--> FOAM IOWarning :
    Found [v1012] 'convertToMeters' entry instead of 'scale' in dictionary "system/blockMeshDict"

    This keyword is 156 months old.

Created 'V37_manyIter_3e-10_kOp_0.2_kCl_0.2_nu_0.15_mu0_219_muV1_600_mS_0.0005_lambda_0.42_kH_16_kHB_17_r0_0.0018_per_9e-16.OpenFOAM'
No protocol specified
New OpenFOAMCase has been initialized, starting directory is:
	/butterfly2/hlavatyo/bread/breadBakingFoamTechMathGroup/pyCtrlScripts
OpenFOAMCase.baseCase has been set to :
	../tutorials/bread3DOurExp/
OpenFOAMCase directory has been changed from:
	../tutorials/bread3DOurExp/ to ../ZZ_cases/2026/V29/exp0_nonDef_False/V37_manyIter_3e-10_kOp_0.2_kCl_0.2_nu_0.15_mu0_219_muV1_600_mS_0.00025_lambda_0.42_kH_16_kHB_17_r0_0.0018_per_9e-16/
OpenFOAMCase.baseDir has been copied to OpenFOAMCase.dir:
	 ../tutorials/bread3DOurExp/ --> ../ZZ_cases/2026/V29/exp0_nonDef_False/V37_manyIter_3e-10_kOp_0.2_kCl_0.2_nu_0.15_mu0_219_muV1_600_mS_0.00025_lambda_0.42_kH_16_kHB_17_r0_0.0018_per_9e-16/
In 0.org/omegaV, trying to change parameter kM in subDict sides:
	In 0.org/omegaV, I have change val of kM parameter from 0.01; to 0.01 in subDict sides.
In 0.org/omegaV, trying to change parameter kM in subDict bottom:
	In 0.org/omegaV, I have change val of kM parameter from 1e-5; to 0.007 in subDict bottom.
In 0.org/omegaV, trying to change parameter kM in subDict bottom2:
	In 0.org/omegaV, I have change val of kM parameter from 1e-5; to 0.007 in subDict bottom2.
In 0.org/omegaC, trying to change parameter kM in subDict sides:
	In 0.org/omegaC, I have change val of kM parameter from 1e-5; to 0.01 in subDict sides.
In 0.org/omegaC, trying to change parameter kM in subDict bottom:
	In 0.org/omegaC, I have change val of kM parameter from 1e-5; to 0.007 in subDict bottom.
In 0.org/omegaC, trying to change parameter kM in subDict bottom2:
	In 0.org/omegaC, I have change val of kM parameter from 1e-5; to 0.007 in subDict bottom2.
In 0.org/T, trying to change parameter alpha in subDict sides:
	In 0.org/T, I have change val of alpha parameter from 9.5; to 16 in subDict sides.
In 0.org/T, trying to change parameter alpha in subDict bottom:
	In 0.org/T, I have change val of alpha parameter from 9.5; to 17 in subDict bottom.
In 0.org/T, trying to change parameter alpha in subDict bottom2:
	In 0.org/T, I have change val of alpha parameter from 9.5; to 17 in subDict bottom2.
In 0.org/T, trying to change parameter internalField in subDict :
	In 0.org/T, I have change val of internalField parameter from uniform 302.5; to uniform 297 in subDict .
Loading all sheets from: ../Experiments2026/10_02_2026/Lab_test_2026_02_10.xlsm
  Sheet 'DATALOG': 32538 rows × 5 columns
  Sheet 'Data_Termo_1': 11554 rows × 25 columns
  Sheet 'Data_Termo_2': 6241 rows × 25 columns
  Sheet 'Data_Termo_3': 2547 rows × 25 columns
In constant/transportProperties, trying to change parameter withDeformation in subDict :
	In constant/transportProperties, I have change val of withDeformation parameter from 1; to 1 in subDict .
In constant/transportProperties, trying to change parameter permGLViscG in subDict :
	In constant/transportProperties, I have change val of permGLViscG parameter from 9e-13; to 9e-16 in subDict .
In constant/transportProperties, trying to change parameter tortOpen in subDict :
	In constant/transportProperties, I have change val of tortOpen parameter from 2; to 2.4 in subDict .
In constant/transportProperties, trying to change parameter tortClosed in subDict :
	In constant/transportProperties, I have change val of tortClosed parameter from 10; to 70 in subDict .
In constant/thermophysicalProperties, trying to change parameter lambda in subDict solid:
	In constant/thermophysicalProperties, I have change val of lambda parameter from 0.47; to 0.42 in subDict solid.
In constant/thermophysicalProperties, trying to change parameter rho in subDict solid:
	In constant/thermophysicalProperties, I have change val of rho parameter from 700; to 764 in subDict solid.
In constant/thermophysicalProperties, trying to change parameter Cp in subDict solid:
	In constant/thermophysicalProperties, I have change val of Cp parameter from 600; to 1130 in subDict solid.
In constant/thermophysicalProperties, trying to change parameter Cp in subDict liquid:
	In constant/thermophysicalProperties, I have change val of Cp parameter from 4200; to 4200 in subDict liquid.
In constant/thermophysicalProperties, trying to change parameter Cp in subDict CO2:
	In constant/thermophysicalProperties, I have change val of Cp parameter from 853; to 853 in subDict CO2.
In constant/thermophysicalProperties, trying to change parameter Cp in subDict vapor:
	In constant/thermophysicalProperties, I have change val of Cp parameter from 1878; to 1878 in subDict vapor.
In constant/thermophysicalProperties, trying to change parameter D in subDict transport:
	In constant/thermophysicalProperties, I have change val of D parameter from 5e-06; to 2.6e-05 in subDict transport.
In constant/thermophysicalProperties, trying to change parameter Dl in subDict transport:
	In constant/thermophysicalProperties, I have change val of Dl parameter from 5e-10; to 3e-10 in subDict transport.
	In constant/thermophysicalProperties, I have change val of Dl parameter from 2e-11; to 3e-10 in subDict transport.
	In constant/thermophysicalProperties, I have change val of Dl parameter from 5e-12; to 3e-10 in subDict transport.
	In constant/thermophysicalProperties, I have change val of Dl parameter from 8e-12; to 3e-10 in subDict transport.
	In constant/thermophysicalProperties, I have change val of Dl parameter from 2e-11; to 3e-10 in subDict transport.
	In constant/thermophysicalProperties, I have change val of Dl parameter from 2e-10; to 3e-10 in subDict transport.
	In constant/thermophysicalProperties, I have change val of Dl parameter from 1e-9; to 3e-10 in subDict transport.
	In constant/thermophysicalProperties, I have change val of Dl parameter from 5e-10; to 3e-10 in subDict transport.
	In constant/thermophysicalProperties, I have change val of Dl parameter from 1.5e-11; to 3e-10 in subDict transport.
In constant/reactiveProperties, trying to change parameter kMPCOpen in subDict evaporation:
	In constant/reactiveProperties, I have change val of kMPCOpen parameter from 0.42; to 0.2 in subDict evaporation.
In constant/reactiveProperties, trying to change parameter kMPCClosed in subDict evaporation:
	In constant/reactiveProperties, I have change val of kMPCClosed parameter from 0.42; to 0.2 in subDict evaporation.
In constant/reactiveProperties, trying to change parameter R0 in subDict fermentation:
	In constant/reactiveProperties, I have change val of R0 parameter from 0.0022; to 0.0018 in subDict fermentation.
In constant/reactiveProperties, trying to change parameter Tm in subDict fermentation:
	In constant/reactiveProperties, I have change val of Tm parameter from 314; to 313 in subDict fermentation.
In constant/reactiveProperties, trying to change parameter deltaT in subDict fermentation:
	In constant/reactiveProperties, I have change val of deltaT parameter from 10; to 14 in subDict fermentation.
In system/controlDict, trying to change parameter endTime in subDict :
	In system/controlDict, I have change val of endTime parameter from 900; to 2400 in subDict .
In system/controlDict, trying to change parameter deltaT in subDict :
	In system/controlDict, I have change val of deltaT parameter from 1; to 40 in subDict .
In system/controlDict, trying to change parameter writeInterval in subDict :
	In system/controlDict, I have change val of writeInterval parameter from 20; to 200 in subDict .
	In system/controlDict, I have change val of writeInterval parameter from 20; to 200 in subDict .
In system/fvSolution, trying to change parameter nOuterCorrectors in subDict PIMPLE:
	In system/fvSolution, I have change val of nOuterCorrectors parameter from 250; to 4000 in subDict PIMPLE.
In system/fvSolution, trying to change parameter D in subDict fields:
	In system/fvSolution, I have change val of D parameter from 0.1; to 0.1 in subDict fields.
In system/fvSolution, trying to change parameter DFinal in subDict fields:
	In system/fvSolution, I have change val of DFinal parameter from 0.1; to 1 in subDict fields.
In system/fvSolution, trying to change parameter omegaV in subDict fields:
	In system/fvSolution, I have change val of omegaV parameter from 0.1; to 0.5 in subDict fields.
In system/fvSolution, trying to change parameter omegaC in subDict fields:
--> FOAM IOWarning :
    Found [v1012] 'convertToMeters' entry instead of 'scale' in dictionary "system/blockMeshDict"

    This keyword is 156 months old.

Created 'V37_manyIter_3e-10_kOp_0.2_kCl_0.2_nu_0.15_mu0_219_muV1_600_mS_0.00025_lambda_0.42_kH_16_kHB_17_r0_0.0018_per_9e-16.OpenFOAM'
No protocol specified
[5] [stack trace]
[5] =============
[5] #1  Foam::sigFpe::sigHandler(int) in /usr/lib/openfoam/openfoam2312/platforms/linux64GccDPInt32Opt/lib/libOpenFOAM.so
[5] #2  ? in /lib/x86_64-linux-gnu/libpthread.so.0
[5] #3  ? in /lib/x86_64-linux-gnu/libm.so.6
[5] #4  powf64 in /lib/x86_64-linux-gnu/libm.so.6
[5] #5  Foam::pow(Foam::Field<double>&, Foam::UList<double> const&, double const&) in /usr/lib/openfoam/openfoam2312/platforms/linux64GccDPInt32Opt/lib/libOpenFOAM.so
[5] #6  void Foam::pow<Foam::fvPatchField, Foam::volMesh>(Foam::GeometricField<double, Foam::fvPatchField, Foam::volMesh>&, Foam::GeometricField<double, Foam::fvPatchField, Foam::volMesh> const&, Foam::dimensioned<double> const&) in ~/OpenFOAM/hlavatyo-v2312/platforms/linux64GccDPInt32Opt/bin/breadBakingFoam
[5] #7  Foam::tmp<Foam::GeometricField<double, Foam::fvPatchField, Foam::volMesh> > Foam::pow<Foam::fvPatchField, Foam::volMesh>(Foam::GeometricField<double, Foam::fvPatchField, Foam::volMesh> const&, Foam::dimensioned<double> const&) in ~/OpenFOAM/hlavatyo-v2312/platforms/linux64GccDPInt32Opt/bin/breadBakingFoam
[5] #8  Foam::tmp<Foam::GeometricField<double, Foam::fvPatchField, Foam::volMesh> > Foam::pow<Foam::fvPatchField, Foam::volMesh>(Foam::GeometricField<double, Foam::fvPatchField, Foam::volMesh> const&, double const&) in ~/OpenFOAM/hlavatyo-v2312/platforms/linux64GccDPInt32Opt/bin/breadBakingFoam
[5] #9  ? in ~/OpenFOAM/hlavatyo-v2312/platforms/linux64GccDPInt32Opt/bin/breadBakingFoam
[5] #10  __libc_start_main in /lib/x86_64-linux-gnu/libc.so.6
[5] #11  ? in ~/OpenFOAM/hlavatyo-v2312/platforms/linux64GccDPInt32Opt/bin/breadBakingFoam
[5] =============
[butterfly:2241934] *** Process received signal ***
[butterfly:2241934] Signal: Floating point exception (8)
[butterfly:2241934] Signal code:  (-6)
[butterfly:2241934] Failing at address: 0x1980022358e
[butterfly:2241934] [ 0] /lib/x86_64-linux-gnu/libpthread.so.0(+0x14420)[0x1490242ef420]
[butterfly:2241934] [ 1] /lib/x86_64-linux-gnu/libpthread.so.0(raise+0xcb)[0x1490242ef2ab]
[butterfly:2241934] [ 2] /lib/x86_64-linux-gnu/libpthread.so.0(+0x14420)[0x1490242ef420]
[butterfly:2241934] [ 3] /lib/x86_64-linux-gnu/libm.so.6(+0x7c470)[0x149024397470]
[butterfly:2241934] [ 4] /lib/x86_64-linux-gnu/libm.so.6(powf64+0x18)[0x14902435c278]
[butterfly:2241934] [ 5] /usr/lib/openfoam/openfoam2312/platforms/linux64GccDPInt32Opt/lib/libOpenFOAM.so(_ZN4Foam3powERNS_5FieldIdEERKNS_5UListIdEERKd+0x39)[0x149024f75b09]
[butterfly:2241934] [ 6] breadBakingFoam(_ZN4Foam3powINS_12fvPatchFieldENS_7volMeshEEEvRNS_14GeometricFieldIdT_T0_EERKS6_RKNS_11dimensionedIdEE+0x4c)[0x5610129678fc]
[butterfly:2241934] [ 7] breadBakingFoam(_ZN4Foam3powINS_12fvPatchFieldENS_7volMeshEEENS_3tmpINS_14GeometricFieldIdT_T0_EEEERKS7_RKNS_11dimensionedIdEE+0x2ab)[0x5610129bc40b]
[butterfly:2241934] [ 8] breadBakingFoam(_ZN4Foam3powINS_12fvPatchFieldENS_7volMeshEEENS_3tmpINS_14GeometricFieldIdT_T0_EEEERKS7_RKd+0x5f)[0x5610129bc63f]
[butterfly:2241934] [ 9] breadBakingFoam(+0x3de6e)[0x561012940e6e]
[butterfly:2241934] [10] /lib/x86_64-linux-gnu/libc.so.6(__libc_start_main+0xf3)[0x14902410d083]
[butterfly:2241934] [11] breadBakingFoam(+0x4b0ee)[0x56101294e0ee]
[butterfly:2241934] *** End of error message ***
--------------------------------------------------------------------------
Primary job  terminated normally, but 1 process returned
a non-zero exit code. Per user-direction, the job has been aborted.
--------------------------------------------------------------------------
--------------------------------------------------------------------------
mpirun noticed that process rank 5 with PID 0 on node butterfly exited on signal 8 (Floating point exception).
--------------------------------------------------------------------------
No protocol specified
[5] [stack trace]
[5] =============
[5] #1  Foam::sigFpe::sigHandler(int) in /usr/lib/openfoam/openfoam2312/platforms/linux64GccDPInt32Opt/lib/libOpenFOAM.so
[5] #2  ? in /lib/x86_64-linux-gnu/libpthread.so.0
[5] #3  ? in /lib/x86_64-linux-gnu/libm.so.6
[5] #4  powf64 in /lib/x86_64-linux-gnu/libm.so.6
[5] #5  Foam::pow(Foam::Field<double>&, Foam::UList<double> const&, double const&) in /usr/lib/openfoam/openfoam2312/platforms/linux64GccDPInt32Opt/lib/libOpenFOAM.so
[5] #6  void Foam::pow<Foam::fvPatchField, Foam::volMesh>(Foam::GeometricField<double, Foam::fvPatchField, Foam::volMesh>&, Foam::GeometricField<double, Foam::fvPatchField, Foam::volMesh> const&, Foam::dimensioned<double> const&) in ~/OpenFOAM/hlavatyo-v2312/platforms/linux64GccDPInt32Opt/bin/breadBakingFoam
[5] #7  Foam::tmp<Foam::GeometricField<double, Foam::fvPatchField, Foam::volMesh> > Foam::pow<Foam::fvPatchField, Foam::volMesh>(Foam::GeometricField<double, Foam::fvPatchField, Foam::volMesh> const&, Foam::dimensioned<double> const&) in ~/OpenFOAM/hlavatyo-v2312/platforms/linux64GccDPInt32Opt/bin/breadBakingFoam
[5] #8  Foam::tmp<Foam::GeometricField<double, Foam::fvPatchField, Foam::volMesh> > Foam::pow<Foam::fvPatchField, Foam::volMesh>(Foam::GeometricField<double, Foam::fvPatchField, Foam::volMesh> const&, double const&) in ~/OpenFOAM/hlavatyo-v2312/platforms/linux64GccDPInt32Opt/bin/breadBakingFoam
[5] #9  ? in ~/OpenFOAM/hlavatyo-v2312/platforms/linux64GccDPInt32Opt/bin/breadBakingFoam
[5] #10  __libc_start_main in /lib/x86_64-linux-gnu/libc.so.6
[5] #11  ? in ~/OpenFOAM/hlavatyo-v2312/platforms/linux64GccDPInt32Opt/bin/breadBakingFoam
[5] =============
[butterfly:2263023] *** Process received signal ***
[butterfly:2263023] Signal: Floating point exception (8)
[butterfly:2263023] Signal code:  (-6)
[butterfly:2263023] Failing at address: 0x198002287ef
[butterfly:2263023] [ 0] /lib/x86_64-linux-gnu/libpthread.so.0(+0x14420)[0x146a96d0a420]
[butterfly:2263023] [ 1] /lib/x86_64-linux-gnu/libpthread.so.0(raise+0xcb)[0x146a96d0a2ab]
[butterfly:2263023] [ 2] /lib/x86_64-linux-gnu/libpthread.so.0(+0x14420)[0x146a96d0a420]
[butterfly:2263023] [ 3] /lib/x86_64-linux-gnu/libm.so.6(+0x7c470)[0x146a96db2470]
[butterfly:2263023] [ 4] /lib/x86_64-linux-gnu/libm.so.6(powf64+0x18)[0x146a96d77278]
[butterfly:2263023] [ 5] /usr/lib/openfoam/openfoam2312/platforms/linux64GccDPInt32Opt/lib/libOpenFOAM.so(_ZN4Foam3powERNS_5FieldIdEERKNS_5UListIdEERKd+0x39)[0x146a97990b09]
[butterfly:2263023] [ 6] breadBakingFoam(_ZN4Foam3powINS_12fvPatchFieldENS_7volMeshEEEvRNS_14GeometricFieldIdT_T0_EERKS6_RKNS_11dimensionedIdEE+0x9f)[0x56499a95894f]
[butterfly:2263023] [ 7] breadBakingFoam(_ZN4Foam3powINS_12fvPatchFieldENS_7volMeshEEENS_3tmpINS_14GeometricFieldIdT_T0_EEEERKS7_RKNS_11dimensionedIdEE+0x2ab)[0x56499a9ad40b]
[butterfly:2263023] [ 8] breadBakingFoam(_ZN4Foam3powINS_12fvPatchFieldENS_7volMeshEEENS_3tmpINS_14GeometricFieldIdT_T0_EEEERKS7_RKd+0x5f)[0x56499a9ad63f]
[butterfly:2263023] [ 9] breadBakingFoam(+0x3de6e)[0x56499a931e6e]
[butterfly:2263023] [10] /lib/x86_64-linux-gnu/libc.so.6(__libc_start_main+0xf3)[0x146a96b28083]
[butterfly:2263023] [11] breadBakingFoam(+0x4b0ee)[0x56499a93f0ee]
[butterfly:2263023] *** End of error message ***
--------------------------------------------------------------------------
Primary job  terminated normally, but 1 process returned
a non-zero exit code. Per user-direction, the job has been aborted.
--------------------------------------------------------------------------
--------------------------------------------------------------------------
mpirun noticed that process rank 5 with PID 0 on node butterfly exited on signal 8 (Floating point exception).
--------------------------------------------------------------------------
No protocol specified
[5] [stack trace]
[5] =============
[5] #1  Foam::sigFpe::sigHandler(int) in /usr/lib/openfoam/openfoam2312/platforms/linux64GccDPInt32Opt/lib/libOpenFOAM.so
[5] #2  ? in /lib/x86_64-linux-gnu/libpthread.so.0
[5] #3  ? in /lib/x86_64-linux-gnu/libm.so.6
[5] #4  powf64 in /lib/x86_64-linux-gnu/libm.so.6
[5] #5  Foam::pow(Foam::Field<double>&, Foam::UList<double> const&, double const&) in /usr/lib/openfoam/openfoam2312/platforms/linux64GccDPInt32Opt/lib/libOpenFOAM.so
[5] #6  void Foam::pow<Foam::fvPatchField, Foam::volMesh>(Foam::GeometricField<double, Foam::fvPatchField, Foam::volMesh>&, Foam::GeometricField<double, Foam::fvPatchField, Foam::volMesh> const&, Foam::dimensioned<double> const&) in ~/OpenFOAM/hlavatyo-v2312/platforms/linux64GccDPInt32Opt/bin/breadBakingFoam
[5] #7  Foam::tmp<Foam::GeometricField<double, Foam::fvPatchField, Foam::volMesh> > Foam::pow<Foam::fvPatchField, Foam::volMesh>(Foam::tmp<Foam::GeometricField<double, Foam::fvPatchField, Foam::volMesh> > const&, Foam::dimensioned<double> const&) in ~/OpenFOAM/hlavatyo-v2312/platforms/linux64GccDPInt32Opt/bin/breadBakingFoam
[5] #8  Foam::tmp<Foam::GeometricField<double, Foam::fvPatchField, Foam::volMesh> > Foam::pow<Foam::fvPatchField, Foam::volMesh>(Foam::tmp<Foam::GeometricField<double, Foam::fvPatchField, Foam::volMesh> > const&, double const&) in ~/OpenFOAM/hlavatyo-v2312/platforms/linux64GccDPInt32Opt/bin/breadBakingFoam
[5] #9  ? in ~/OpenFOAM/hlavatyo-v2312/platforms/linux64GccDPInt32Opt/bin/breadBakingFoam
[5] #10  __libc_start_main in /lib/x86_64-linux-gnu/libc.so.6
[5] #11  ? in ~/OpenFOAM/hlavatyo-v2312/platforms/linux64GccDPInt32Opt/bin/breadBakingFoam
[5] =============
[butterfly:2269532] *** Process received signal ***
[butterfly:2269532] Signal: Floating point exception (8)
[butterfly:2269532] Signal code:  (-6)
[butterfly:2269532] Failing at address: 0x1980022a15c
[butterfly:2269532] [ 0] /lib/x86_64-linux-gnu/libpthread.so.0(+0x14420)[0x15083e9bd420]
[butterfly:2269532] [ 1] /lib/x86_64-linux-gnu/libpthread.so.0(raise+0xcb)[0x15083e9bd2ab]
[butterfly:2269532] [ 2] /lib/x86_64-linux-gnu/libpthread.so.0(+0x14420)[0x15083e9bd420]
[butterfly:2269532] [ 3] /lib/x86_64-linux-gnu/libm.so.6(+0x7c470)[0x15083ea65470]
[butterfly:2269532] [ 4] /lib/x86_64-linux-gnu/libm.so.6(powf64+0x18)[0x15083ea2a278]
[butterfly:2269532] [ 5] /usr/lib/openfoam/openfoam2312/platforms/linux64GccDPInt32Opt/lib/libOpenFOAM.so(_ZN4Foam3powERNS_5FieldIdEERKNS_5UListIdEERKd+0x39)[0x15083f643b09]
[butterfly:2269532] [ 6] breadBakingFoam(_ZN4Foam3powINS_12fvPatchFieldENS_7volMeshEEEvRNS_14GeometricFieldIdT_T0_EERKS6_RKNS_11dimensionedIdEE+0x4c)[0x557e705e98fc]
[butterfly:2269532] [ 7] breadBakingFoam(_ZN4Foam3powINS_12fvPatchFieldENS_7volMeshEEENS_3tmpINS_14GeometricFieldIdT_T0_EEEERKS8_RKNS_11dimensionedIdEE+0x2a3)[0x557e706431a3]
[butterfly:2269532] [ 8] breadBakingFoam(_ZN4Foam3powINS_12fvPatchFieldENS_7volMeshEEENS_3tmpINS_14GeometricFieldIdT_T0_EEEERKS8_RKd+0x5f)[0x557e706433df]
[butterfly:2269532] [ 9] breadBakingFoam(+0x3ca3c)[0x557e705c1a3c]
[butterfly:2269532] [10] /lib/x86_64-linux-gnu/libc.so.6(__libc_start_main+0xf3)[0x15083e7db083]
[butterfly:2269532] [11] breadBakingFoam(+0x4b0ee)[0x557e705d00ee]
[butterfly:2269532] *** End of error message ***
--------------------------------------------------------------------------
Primary job  terminated normally, but 1 process returned
a non-zero exit code. Per user-direction, the job has been aborted.
--------------------------------------------------------------------------
--------------------------------------------------------------------------
mpirun noticed that process rank 5 with PID 0 on node butterfly exited on signal 8 (Floating point exception).
--------------------------------------------------------------------------
No protocol specified
No protocol specified
No protocol specified
No protocol specified
No protocol specified
No protocol specified
No protocol specified
No protocol specified
	In system/fvSolution, I have change val of omegaC parameter from 0.1; to 0.5 in subDict fields.
In system/fvSolution, trying to change parameter pG in subDict fields:
	In system/fvSolution, I have change val of pG parameter from 0.1; to 0.5 in subDict fields.
In constant/mechanicalProperties, trying to change parameter E in subDict bread:
	In constant/mechanicalProperties, I have change val of E parameter from 12000; to 10000 in subDict bread.
In constant/mechanicalProperties, trying to change parameter mu0Raw in subDict bread:
	In constant/mechanicalProperties, I have change val of mu0Raw parameter from 300; to 219 in subDict bread.
In constant/mechanicalProperties, trying to change parameter kappa0Raw in subDict bread:
	In constant/mechanicalProperties, I have change val of kappa0Raw parameter from 1000; to 93.85714285714286 in subDict bread.
In constant/mechanicalProperties, trying to change parameter muV1Raw in subDict bread:
	In constant/mechanicalProperties, I have change val of muV1Raw parameter from 3000; to 600 in subDict bread.
In constant/mechanicalProperties, trying to change parameter muV2Raw in subDict bread:
	In constant/mechanicalProperties, I have change val of muV2Raw parameter from 3000; to 0 in subDict bread.
In constant/mechanicalProperties, trying to change parameter kappaVRaw in subDict bread:
	In constant/mechanicalProperties, I have change val of kappaVRaw parameter from 6000; to 257.14285714285717 in subDict bread.
In constant/mechanicalProperties, trying to change parameter mu0Baked in subDict bread:
	In constant/mechanicalProperties, I have change val of mu0Baked parameter from 12500; to 2190 in subDict bread.
In constant/mechanicalProperties, trying to change parameter kappa0Baked in subDict bread:
	In constant/mechanicalProperties, I have change val of kappa0Baked parameter from 40000; to 938.5714285714287 in subDict bread.
In constant/mechanicalProperties, trying to change parameter tau1 in subDict bread:
	In constant/mechanicalProperties, I have change val of tau1 parameter from 1; to 15 in subDict bread.
In constant/mechanicalProperties, trying to change parameter tau2 in subDict bread:
	In constant/mechanicalProperties, I have change val of tau2 parameter from 1; to 1 in subDict bread.
In constant/mechanicalProperties, trying to change parameter tGelat in subDict bread:
	In constant/mechanicalProperties, I have change val of tGelat parameter from 65; to 65 in subDict bread.
I will execute commands in ../ZZ_cases/2026/V29/exp0_nonDef_False/V37_manyIter_3e-10_kOp_0.2_kCl_0.2_nu_0.15_mu0_219_muV1_600_mS_0.0005_lambda_0.42_kH_16_kHB_17_r0_0.0018_per_9e-16/:
	1. chmod 755 ./* -R
	2. blockMesh > log.blockMesh
I will execute commands in ../ZZ_cases/2026/V29/exp0_nonDef_False/V37_manyIter_3e-10_kOp_0.2_kCl_0.2_nu_0.15_mu0_219_muV1_600_mS_0.0005_lambda_0.42_kH_16_kHB_17_r0_0.0018_per_9e-16/:
	1. extrudeMesh > log.extrudeMesh
	2. rm -rf 0
	3. cp -r 0.org 0
	4. paraFoam -touch
In system/decomposeParDict, trying to change parameter numberOfSubdomains in subDict :
	In system/decomposeParDict, I have change val of numberOfSubdomains parameter from 2; to 8 in subDict .
I will execute commands in ../ZZ_cases/2026/V29/exp0_nonDef_False/V37_manyIter_3e-10_kOp_0.2_kCl_0.2_nu_0.15_mu0_219_muV1_600_mS_0.0005_lambda_0.42_kH_16_kHB_17_r0_0.0018_per_9e-16/:
	1. decomposePar > log.decomposePar
	2. foamJob -parallel -screen breadBakingFoam > log.breadBakingFoam
In system/controlDict, trying to change parameter endTime in subDict :
	In system/controlDict, I have change val of endTime parameter from 2400; to 2850 in subDict .
In system/controlDict, trying to change parameter deltaT in subDict :
	In system/controlDict, I have change val of deltaT parameter from 40; to 2 in subDict .
In system/fvSolution, trying to change parameter nOuterCorrectors in subDict PIMPLE:
	In system/fvSolution, I have change val of nOuterCorrectors parameter from 2000; to 1000 in subDict PIMPLE.
In system/fvSolution, trying to change parameter omegaV in subDict fields:
	In system/fvSolution, I have change val of omegaV parameter from 0.5; to 0.2 in subDict fields.
In system/fvSolution, trying to change parameter omegaC in subDict fields:
	In system/fvSolution, I have change val of omegaC parameter from 0.5; to 0.2 in subDict fields.
In system/fvSolution, trying to change parameter pG in subDict fields:
	In system/fvSolution, I have change val of pG parameter from 0.5; to 0.2 in subDict fields.
In system/controlDict, trying to change parameter writeInterval in subDict :
	In system/controlDict, I have change val of writeInterval parameter from 200; to 20 in subDict .
	In system/controlDict, I have change val of writeInterval parameter from 200; to 20 in subDict .
I will execute commands in ../ZZ_cases/2026/V29/exp0_nonDef_False/V37_manyIter_3e-10_kOp_0.2_kCl_0.2_nu_0.15_mu0_219_muV1_600_mS_0.0005_lambda_0.42_kH_16_kHB_17_r0_0.0018_per_9e-16/:
	1. foamJob -parallel -screen breadBakingFoam > log.breadBakingFoam_2
In system/controlDict, trying to change parameter endTime in subDict :
	In system/controlDict, I have change val of endTime parameter from 2850; to 3650 in subDict .
In system/controlDict, trying to change parameter deltaT in subDict :
	In system/controlDict, I have change val of deltaT parameter from 2; to 1 in subDict .
In constant/transportProperties, trying to change parameter withDeformation in subDict :
	In constant/transportProperties, I have change val of withDeformation parameter from 1; to 0 in subDict .
In system/fvSolution, trying to change parameter omegaV in subDict fields:
	In system/fvSolution, I have change val of omegaV parameter from 0.2; to 0.1 in subDict fields.
In system/fvSolution, trying to change parameter pG in subDict fields:
	In system/fvSolution, I have change val of pG parameter from 0.2; to 0.1 in subDict fields.
In system/fvSolution, trying to change parameter nOuterCorrectors in subDict PIMPLE:
	In system/fvSolution, I have change val of nOuterCorrectors parameter from 1000; to 50 in subDict PIMPLE.
I will execute commands in ../ZZ_cases/2026/V29/exp0_nonDef_False/V37_manyIter_3e-10_kOp_0.2_kCl_0.2_nu_0.15_mu0_219_muV1_600_mS_0.0005_lambda_0.42_kH_16_kHB_17_r0_0.0018_per_9e-16/:
	1. foamJob -parallel -screen breadBakingFoam > log.breadBakingFoam_3
Found OpenFOAMCase parallel times are:
	[2020.0, 0.0, 2100.0, 1000.0, 800.0, 1600.0, 2000.0, 1200.0, 1400.0, 1800.0, 200.0, 400.0, 2120.0, 2040.0, 2080.0, 600.0, 2060.0],
latestTime:
	2120
I will execute commands in ../ZZ_cases/2026/V29/exp0_nonDef_False/V37_manyIter_3e-10_kOp_0.2_kCl_0.2_nu_0.15_mu0_219_muV1_600_mS_0.0005_lambda_0.42_kH_16_kHB_17_r0_0.0018_per_9e-16/:
	1. rm -rf processor*/0
	2. foamJob -parallel -screen postProcess -func "probeOur" -dict system/probeOur > log.postProcess
	3. foamJob -parallel -screen TLFProbe -point "(1e-3 1e-3 0)" > log.TPoint6
	4. foamJob -parallel -screen intMoisture > log.intMoisture
	5. foamJob -parallel -screen intWeigth > log.intWeigth
I will execute commands in ../ZZ_cases/2026/V29/exp0_nonDef_False/V37_manyIter_3e-10_kOp_0.2_kCl_0.2_nu_0.15_mu0_219_muV1_600_mS_0.0005_lambda_0.42_kH_16_kHB_17_r0_0.0018_per_9e-16/:
	1. foamJob -parallel -screen TLFProbe -point "(0.0445 0.03128 0)" > log.TPoint1
I will execute commands in ../ZZ_cases/2026/V29/exp0_nonDef_False/V37_manyIter_3e-10_kOp_0.2_kCl_0.2_nu_0.15_mu0_219_muV1_600_mS_0.0005_lambda_0.42_kH_16_kHB_17_r0_0.0018_per_9e-16/:
	1. foamJob -parallel -screen TLFProbe -point "(0.0435 0.010417 0)" > log.TPoint2
I will execute commands in ../ZZ_cases/2026/V29/exp0_nonDef_False/V37_manyIter_3e-10_kOp_0.2_kCl_0.2_nu_0.15_mu0_219_muV1_600_mS_0.0005_lambda_0.42_kH_16_kHB_17_r0_0.0018_per_9e-16/:
	1. foamJob -parallel -screen TLFProbe -point "(0.0336 0.025907 0)" > log.TPoint3
I will execute commands in ../ZZ_cases/2026/V29/exp0_nonDef_False/V37_manyIter_3e-10_kOp_0.2_kCl_0.2_nu_0.15_mu0_219_muV1_600_mS_0.0005_lambda_0.42_kH_16_kHB_17_r0_0.0018_per_9e-16/:
	1. foamJob -parallel -screen TLFProbe -point "(0.0146 0.047604 0)" > log.TPoint4
Loading all sheets from: ../Experiments2026/10_02_2026/Lab_test_2026_02_10.xlsm
  Sheet 'DATALOG': 32538 rows × 5 columns
  Sheet 'Data_Termo_1': 11554 rows × 25 columns
  Sheet 'Data_Termo_2': 6241 rows × 25 columns
  Sheet 'Data_Termo_3': 2547 rows × 25 columns
Loading all sheets from: ../Experiments2026/10_02_2026/Exp_2/opcua_log_20260210_144124.xlsx
  Sheet 'Sheet1': 1338 rows × 8 columns
Loading all sheets from: ../Experiments2026/10_02_2026/Lab_test_2026_02_10.xlsm
  Sheet 'DATALOG': 32538 rows × 5 columns
  Sheet 'Data_Termo_1': 11554 rows × 25 columns
  Sheet 'Data_Termo_2': 6241 rows × 25 columns
  Sheet 'Data_Termo_3': 2547 rows × 25 columns
Loading all sheets from: ../Experiments2026/10_02_2026/Exp_3/opcua_log_20260210_153553.xlsx
  Sheet 'Sheet1': 893 rows × 8 columns
Loading all sheets from: ../Experiments2026/11_02_2026/Lab_test_2026_02_11.xlsm
  Sheet 'Thermometers': 19 rows × 10 columns
  Sheet 'DATALOG': 19196 rows × 5 columns
  Sheet 'Data_Termo_1': 14022 rows × 25 columns
  Sheet 'Data_Termo_2': 10978 rows × 25 columns
  Sheet 'Data_Termo_3': 7613 rows × 25 columns
  Sheet 'Data_Termo_4': 3804 rows × 25 columns
Loading all sheets from: ../Experiments2026/11_02_2026/Exp_1/opcua_log_20260211_115313.xlsx
  Sheet 'Sheet1': 767 rows × 8 columns
Loading all sheets from: ../Experiments2026/11_02_2026/Lab_test_2026_02_11.xlsm
  Sheet 'Thermometers': 19 rows × 10 columns
  Sheet 'DATALOG': 19196 rows × 5 columns
  Sheet 'Data_Termo_1': 14022 rows × 25 columns
  Sheet 'Data_Termo_2': 10978 rows × 25 columns
  Sheet 'Data_Termo_3': 7613 rows × 25 columns
  Sheet 'Data_Termo_4': 3804 rows × 25 columns
Loading all sheets from: ../Experiments2026/11_02_2026/Exp_2/opcua_log_20260211_125251.xlsx
  Sheet 'Sheet1': 836 rows × 8 columns
Loading all sheets from: ../Experiments2026/11_02_2026/Lab_test_2026_02_11.xlsm
  Sheet 'Thermometers': 19 rows × 10 columns
  Sheet 'DATALOG': 19196 rows × 5 columns
  Sheet 'Data_Termo_1': 14022 rows × 25 columns
  Sheet 'Data_Termo_2': 10978 rows × 25 columns
  Sheet 'Data_Termo_3': 7613 rows × 25 columns
  Sheet 'Data_Termo_4': 3804 rows × 25 columns
Loading all sheets from: ../Experiments2026/11_02_2026/Exp_3/opcua_log_20260211_135519.xlsx
  Sheet 'Sheet1': 773 rows × 8 columns
Loading all sheets from: ../Experiments2026/11_02_2026/Lab_test_2026_02_11.xlsm
  Sheet 'Thermometers': 19 rows × 10 columns
  Sheet 'DATALOG': 19196 rows × 5 columns
  Sheet 'Data_Termo_1': 14022 rows × 25 columns
  Sheet 'Data_Termo_2': 10978 rows × 25 columns
  Sheet 'Data_Termo_3': 7613 rows × 25 columns
  Sheet 'Data_Termo_4': 3804 rows × 25 columns
Loading all sheets from: ../Experiments2026/11_02_2026/Exp_4/opcua_log_20260211_150638.xlsx
  Sheet 'Sheet1': 907 rows × 8 columns
[[2.00000000e+02 6.44053368e-03]
 [4.00000000e+02 6.44053660e-03]
 [6.00000000e+02 6.44054033e-03]
 [8.00000000e+02 6.44054503e-03]
 [1.00000000e+03 6.44055088e-03]
 [1.20000000e+03 6.44055797e-03]
 [1.40000000e+03 6.44056639e-03]
 [1.60000000e+03 6.44057619e-03]
 [1.80000000e+03 6.44058744e-03]
 [2.00000000e+03 6.44060021e-03]
 [2.02000000e+03 6.44060232e-03]
 [2.04000000e+03 6.44060371e-03]
 [2.06000000e+03 6.44060512e-03]
 [2.08000000e+03 6.44060655e-03]
 [2.10000000e+03 6.44060798e-03]
 [2.12000000e+03 6.44060807e-03]]
(16, 2)
New OpenFOAMCase has been initialized, starting directory is:
	/butterfly2/hlavatyo/bread/breadBakingFoamTechMathGroup/pyCtrlScripts
OpenFOAMCase.baseCase has been set to :
	../tutorials/bread3DOurExp/
OpenFOAMCase directory has been changed from:
	../tutorials/bread3DOurExp/ to ../ZZ_cases/2026/V29/exp0_nonDef_False/V36_NOTmanyIter_3e-10_kOp_0.2_kCl_0.2_nu_0.15_mu0_219_muV1_600_mS_0.00025_lambda_0.42_kH_16_kHB_17_r0_0.0018_per_9e-16/
OpenFOAMCase.baseDir has been copied to OpenFOAMCase.dir:
	 ../tutorials/bread3DOurExp/ --> ../ZZ_cases/2026/V29/exp0_nonDef_False/V36_NOTmanyIter_3e-10_kOp_0.2_kCl_0.2_nu_0.15_mu0_219_muV1_600_mS_0.00025_lambda_0.42_kH_16_kHB_17_r0_0.0018_per_9e-16/
In 0.org/omegaV, trying to change parameter kM in subDict sides:
	In 0.org/omegaV, I have change val of kM parameter from 0.01; to 0.01 in subDict sides.
In 0.org/omegaV, trying to change parameter kM in subDict bottom:
	In 0.org/omegaV, I have change val of kM parameter from 1e-5; to 0.007 in subDict bottom.
In 0.org/omegaV, trying to change parameter kM in subDict bottom2:
	In 0.org/omegaV, I have change val of kM parameter from 1e-5; to 0.007 in subDict bottom2.
In 0.org/omegaC, trying to change parameter kM in subDict sides:
	In 0.org/omegaC, I have change val of kM parameter from 1e-5; to 0.01 in subDict sides.
In 0.org/omegaC, trying to change parameter kM in subDict bottom:
	In 0.org/omegaC, I have change val of kM parameter from 1e-5; to 0.007 in subDict bottom.
In 0.org/omegaC, trying to change parameter kM in subDict bottom2:
	In 0.org/omegaC, I have change val of kM parameter from 1e-5; to 0.007 in subDict bottom2.
In 0.org/T, trying to change parameter alpha in subDict sides:
	In 0.org/T, I have change val of alpha parameter from 9.5; to 16 in subDict sides.
In 0.org/T, trying to change parameter alpha in subDict bottom:
	In 0.org/T, I have change val of alpha parameter from 9.5; to 17 in subDict bottom.
In 0.org/T, trying to change parameter alpha in subDict bottom2:
	In 0.org/T, I have change val of alpha parameter from 9.5; to 17 in subDict bottom2.
In 0.org/T, trying to change parameter internalField in subDict :
	In 0.org/T, I have change val of internalField parameter from uniform 302.5; to uniform 297 in subDict .
Loading all sheets from: ../Experiments2026/10_02_2026/Lab_test_2026_02_10.xlsm
  Sheet 'DATALOG': 32538 rows × 5 columns
  Sheet 'Data_Termo_1': 11554 rows × 25 columns
  Sheet 'Data_Termo_2': 6241 rows × 25 columns
  Sheet 'Data_Termo_3': 2547 rows × 25 columns
In constant/transportProperties, trying to change parameter withDeformation in subDict :
	In constant/transportProperties, I have change val of withDeformation parameter from 1; to 1 in subDict .
In constant/transportProperties, trying to change parameter permGLViscG in subDict :
	In constant/transportProperties, I have change val of permGLViscG parameter from 9e-13; to 9e-16 in subDict .
In constant/transportProperties, trying to change parameter tortOpen in subDict :
	In constant/transportProperties, I have change val of tortOpen parameter from 2; to 2.4 in subDict .
In constant/transportProperties, trying to change parameter tortClosed in subDict :
	In constant/transportProperties, I have change val of tortClosed parameter from 10; to 70 in subDict .
In constant/thermophysicalProperties, trying to change parameter lambda in subDict solid:
	In constant/thermophysicalProperties, I have change val of lambda parameter from 0.47; to 0.42 in subDict solid.
In constant/thermophysicalProperties, trying to change parameter rho in subDict solid:
	In constant/thermophysicalProperties, I have change val of rho parameter from 700; to 764 in subDict solid.
In constant/thermophysicalProperties, trying to change parameter Cp in subDict solid:
	In constant/thermophysicalProperties, I have change val of Cp parameter from 600; to 1130 in subDict solid.
In constant/thermophysicalProperties, trying to change parameter Cp in subDict liquid:
	In constant/thermophysicalProperties, I have change val of Cp parameter from 4200; to 4200 in subDict liquid.
In constant/thermophysicalProperties, trying to change parameter Cp in subDict CO2:
	In constant/thermophysicalProperties, I have change val of Cp parameter from 853; to 853 in subDict CO2.
In constant/thermophysicalProperties, trying to change parameter Cp in subDict vapor:
	In constant/thermophysicalProperties, I have change val of Cp parameter from 1878; to 1878 in subDict vapor.
In constant/thermophysicalProperties, trying to change parameter D in subDict transport:
	In constant/thermophysicalProperties, I have change val of D parameter from 5e-06; to 2.6e-05 in subDict transport.
In constant/thermophysicalProperties, trying to change parameter Dl in subDict transport:
	In constant/thermophysicalProperties, I have change val of Dl parameter from 5e-10; to 3e-10 in subDict transport.
	In constant/thermophysicalProperties, I have change val of Dl parameter from 2e-11; to 3e-10 in subDict transport.
	In constant/thermophysicalProperties, I have change val of Dl parameter from 5e-12; to 3e-10 in subDict transport.
	In constant/thermophysicalProperties, I have change val of Dl parameter from 8e-12; to 3e-10 in subDict transport.
	In constant/thermophysicalProperties, I have change val of Dl parameter from 2e-11; to 3e-10 in subDict transport.
	In constant/thermophysicalProperties, I have change val of Dl parameter from 2e-10; to 3e-10 in subDict transport.
	In constant/thermophysicalProperties, I have change val of Dl parameter from 1e-9; to 3e-10 in subDict transport.
	In constant/thermophysicalProperties, I have change val of Dl parameter from 5e-10; to 3e-10 in subDict transport.
	In constant/thermophysicalProperties, I have change val of Dl parameter from 1.5e-11; to 3e-10 in subDict transport.
In constant/reactiveProperties, trying to change parameter kMPCOpen in subDict evaporation:
	In constant/reactiveProperties, I have change val of kMPCOpen parameter from 0.42; to 0.2 in subDict evaporation.
In constant/reactiveProperties, trying to change parameter kMPCClosed in subDict evaporation:
	In constant/reactiveProperties, I have change val of kMPCClosed parameter from 0.42; to 0.2 in subDict evaporation.
In constant/reactiveProperties, trying to change parameter R0 in subDict fermentation:
	In constant/reactiveProperties, I have change val of R0 parameter from 0.0022; to 0.0018 in subDict fermentation.
In constant/reactiveProperties, trying to change parameter Tm in subDict fermentation:
	In constant/reactiveProperties, I have change val of Tm parameter from 314; to 313 in subDict fermentation.
In constant/reactiveProperties, trying to change parameter deltaT in subDict fermentation:
	In constant/reactiveProperties, I have change val of deltaT parameter from 10; to 14 in subDict fermentation.
In system/controlDict, trying to change parameter endTime in subDict :
	In system/controlDict, I have change val of endTime parameter from 900; to 2400 in subDict .
In system/controlDict, trying to change parameter deltaT in subDict :
	In system/controlDict, I have change val of deltaT parameter from 1; to 10 in subDict .
In system/controlDict, trying to change parameter writeInterval in subDict :
	In system/controlDict, I have change val of writeInterval parameter from 20; to 200 in subDict .
	In system/controlDict, I have change val of writeInterval parameter from 20; to 200 in subDict .
In system/fvSolution, trying to change parameter nOuterCorrectors in subDict PIMPLE:
	In system/fvSolution, I have change val of nOuterCorrectors parameter from 250; to 400 in subDict PIMPLE.
In system/fvSolution, trying to change parameter D in subDict fields:
	In system/fvSolution, I have change val of D parameter from 0.1; to 0.1 in subDict fields.
In system/fvSolution, trying to change parameter DFinal in subDict fields:
	In system/fvSolution, I have change val of DFinal parameter from 0.1; to 1 in subDict fields.
In system/fvSolution, trying to change parameter omegaV in subDict fields:
	In system/fvSolution, I have change val of omegaV parameter from 0.1; to 0.2 in subDict fields.
In system/fvSolution, trying to change parameter omegaC in subDict fields:
	In system/fvSolution, I have change val of omegaC parameter from 0.1; to 0.2 in subDict fields.
In system/fvSolution, trying to change parameter pG in subDict fields:
	In system/fvSolution, I have change val of pG parameter from 0.1; to 0.2 in subDict fields.
In constant/mechanicalProperties, trying to change parameter E in subDict bread:
	In constant/mechanicalProperties, I have change val of E parameter from 12000; to 10000 in subDict bread.
In constant/mechanicalProperties, trying to change parameter mu0Raw in subDict bread:
	In constant/mechanicalProperties, I have change val of mu0Raw parameter from 300; to 219 in subDict bread.
In constant/mechanicalProperties, trying to change parameter kappa0Raw in subDict bread:
	In constant/mechanicalProperties, I have change val of kappa0Raw parameter from 1000; to 93.85714285714286 in subDict bread.
In constant/mechanicalProperties, trying to change parameter muV1Raw in subDict bread:
	In constant/mechanicalProperties, I have change val of muV1Raw parameter from 3000; to 600 in subDict bread.
In constant/mechanicalProperties, trying to change parameter muV2Raw in subDict bread:
	In constant/mechanicalProperties, I have change val of muV2Raw parameter from 3000; to 0 in subDict bread.
In constant/mechanicalProperties, trying to change parameter kappaVRaw in subDict bread:
	In constant/mechanicalProperties, I have change val of kappaVRaw parameter from 6000; to 257.14285714285717 in subDict bread.
In constant/mechanicalProperties, trying to change parameter mu0Baked in subDict bread:
	In constant/mechanicalProperties, I have change val of mu0Baked parameter from 12500; to 2190 in subDict bread.
In constant/mechanicalProperties, trying to change parameter kappa0Baked in subDict bread:
	In constant/mechanicalProperties, I have change val of kappa0Baked parameter from 40000; to 938.5714285714287 in subDict bread.
In constant/mechanicalProperties, trying to change parameter tau1 in subDict bread:
	In constant/mechanicalProperties, I have change val of tau1 parameter from 1; to 15 in subDict bread.
In constant/mechanicalProperties, trying to change parameter tau2 in subDict bread:
	In constant/mechanicalProperties, I have change val of tau2 parameter from 1; to 1 in subDict bread.
In constant/mechanicalProperties, trying to change parameter tGelat in subDict bread:
	In constant/mechanicalProperties, I have change val of tGelat parameter from 65; to 65 in subDict bread.
I will execute commands in ../ZZ_cases/2026/V29/exp0_nonDef_False/V36_NOTmanyIter_3e-10_kOp_0.2_kCl_0.2_nu_0.15_mu0_219_muV1_600_mS_0.00025_lambda_0.42_kH_16_kHB_17_r0_0.0018_per_9e-16/:
	1. chmod 755 ./* -R
	2. blockMesh > log.blockMesh
--> FOAM IOWarning :
    Found [v1012] 'convertToMeters' entry instead of 'scale' in dictionary "system/blockMeshDict"

    This keyword is 156 months old.

I will execute commands in ../ZZ_cases/2026/V29/exp0_nonDef_False/V36_NOTmanyIter_3e-10_kOp_0.2_kCl_0.2_nu_0.15_mu0_219_muV1_600_mS_0.00025_lambda_0.42_kH_16_kHB_17_r0_0.0018_per_9e-16/:
	1. extrudeMesh > log.extrudeMesh
	2. rm -rf 0
	3. cp -r 0.org 0
	4. paraFoam -touch
Created 'V36_NOTmanyIter_3e-10_kOp_0.2_kCl_0.2_nu_0.15_mu0_219_muV1_600_mS_0.00025_lambda_0.42_kH_16_kHB_17_r0_0.0018_per_9e-16.OpenFOAM'
In system/decomposeParDict, trying to change parameter numberOfSubdomains in subDict :
	In system/decomposeParDict, I have change val of numberOfSubdomains parameter from 2; to 8 in subDict .
I will execute commands in ../ZZ_cases/2026/V29/exp0_nonDef_False/V36_NOTmanyIter_3e-10_kOp_0.2_kCl_0.2_nu_0.15_mu0_219_muV1_600_mS_0.00025_lambda_0.42_kH_16_kHB_17_r0_0.0018_per_9e-16/:
	1. decomposePar > log.decomposePar
	2. foamJob -parallel -screen breadBakingFoam > log.breadBakingFoam
No protocol specified
--------------------------------------------------------------------------
Primary job  terminated normally, but 1 process returned
a non-zero exit code. Per user-direction, the job has been aborted.
--------------------------------------------------------------------------
--------------------------------------------------------------------------
mpirun noticed that process rank 7 with PID 0 on node butterfly exited on signal 15 (Terminated).
--------------------------------------------------------------------------
In system/controlDict, trying to change parameter endTime in subDict :
	In system/controlDict, I have change val of endTime parameter from 2400; to 2850 in subDict .
In system/controlDict, trying to change parameter deltaT in subDict :
	In system/controlDict, I have change val of deltaT parameter from 10; to 2 in subDict .
In system/fvSolution, trying to change parameter nOuterCorrectors in subDict PIMPLE:
	In system/fvSolution, I have change val of nOuterCorrectors parameter from 400; to 400 in subDict PIMPLE.
In system/fvSolution, trying to change parameter omegaV in subDict fields:
	In system/fvSolution, I have change val of omegaV parameter from 0.2; to 0.2 in subDict fields.
In system/fvSolution, trying to change parameter omegaC in subDict fields:
	In system/fvSolution, I have change val of omegaC parameter from 0.2; to 0.2 in subDict fields.
In system/fvSolution, trying to change parameter pG in subDict fields:
	In system/fvSolution, I have change val of pG parameter from 0.2; to 0.2 in subDict fields.
In system/controlDict, trying to change parameter writeInterval in subDict :
	In system/controlDict, I have change val of writeInterval parameter from 200; to 20 in subDict .
	In system/controlDict, I have change val of writeInterval parameter from 200; to 20 in subDict .
I will execute commands in ../ZZ_cases/2026/V29/exp0_nonDef_False/V36_NOTmanyIter_3e-10_kOp_0.2_kCl_0.2_nu_0.15_mu0_219_muV1_600_mS_0.00025_lambda_0.42_kH_16_kHB_17_r0_0.0018_per_9e-16/:
	1. foamJob -parallel -screen breadBakingFoam > log.breadBakingFoam_2
No protocol specified
--------------------------------------------------------------------------
Primary job  terminated normally, but 1 process returned
a non-zero exit code. Per user-direction, the job has been aborted.
--------------------------------------------------------------------------
--------------------------------------------------------------------------
mpirun noticed that process rank 0 with PID 0 on node butterfly exited on signal 15 (Terminated).
--------------------------------------------------------------------------
In system/controlDict, trying to change parameter endTime in subDict :
	In system/controlDict, I have change val of endTime parameter from 2850; to 3650 in subDict .
In system/controlDict, trying to change parameter deltaT in subDict :
	In system/controlDict, I have change val of deltaT parameter from 2; to 1 in subDict .
In constant/transportProperties, trying to change parameter withDeformation in subDict :
	In constant/transportProperties, I have change val of withDeformation parameter from 1; to 0 in subDict .
In system/fvSolution, trying to change parameter omegaV in subDict fields:
	In system/fvSolution, I have change val of omegaV parameter from 0.2; to 0.1 in subDict fields.
In system/fvSolution, trying to change parameter pG in subDict fields:
	In system/fvSolution, I have change val of pG parameter from 0.2; to 0.1 in subDict fields.
In system/fvSolution, trying to change parameter nOuterCorrectors in subDict PIMPLE:
	In system/fvSolution, I have change val of nOuterCorrectors parameter from 400; to 50 in subDict PIMPLE.
I will execute commands in ../ZZ_cases/2026/V29/exp0_nonDef_False/V36_NOTmanyIter_3e-10_kOp_0.2_kCl_0.2_nu_0.15_mu0_219_muV1_600_mS_0.00025_lambda_0.42_kH_16_kHB_17_r0_0.0018_per_9e-16/:
	1. foamJob -parallel -screen breadBakingFoam > log.breadBakingFoam_3
No protocol specified
--------------------------------------------------------------------------
Primary job  terminated normally, but 1 process returned
a non-zero exit code. Per user-direction, the job has been aborted.
--------------------------------------------------------------------------
--------------------------------------------------------------------------
mpirun noticed that process rank 1 with PID 0 on node butterfly exited on signal 15 (Terminated).
--------------------------------------------------------------------------
Found OpenFOAMCase parallel times are:
	[0.0],
latestTime:
	0
I will execute commands in ../ZZ_cases/2026/V29/exp0_nonDef_False/V36_NOTmanyIter_3e-10_kOp_0.2_kCl_0.2_nu_0.15_mu0_219_muV1_600_mS_0.00025_lambda_0.42_kH_16_kHB_17_r0_0.0018_per_9e-16/:
	1. rm -rf processor*/0
	2. foamJob -parallel -screen postProcess -func "probeOur" -dict system/probeOur > log.postProcess
No protocol specified
	3. foamJob -parallel -screen TLFProbe -point "(1e-3 1e-3 0)" > log.TPoint6
No protocol specified
[2] 
[2] 
[2] --> FOAM FATAL ERROR: (openfoam-2312 patch=240220)[3] 
[3] 
[3] --> FOAM FATAL ERROR: (openfoam-2312 patch=240220)
[3] cannot find file "/butterfly2/hlavatyo/bread/breadBakingFoamTechMathGroup/ZZ_cases/2026/V29/exp0_nonDef_False/V36_NOTmanyIter_3e-10_kOp_0.2_kCl_0.2_nu_0.15_mu0_219_muV1_600_mS_0.00025_lambda_0.42_kH_16_kHB_17_r0_0.0018_per_9e-16/processor3/constant/D"
[3] 
[3]     From virtual Foam::autoPtr<Foam::ISstream> Foam::fileOperations::uncollatedFileOperation::readStream(Foam::regIOobject&, const Foam::fileName&, const Foam::word&, bool) const
[3]     in file global/fileOperations/uncollatedFileOperation/uncollatedFileOperation.C at line 626[4] 
[4] 
[4] --> FOAM FATAL ERROR: (openfoam-2312 patch=240220)
[4] cannot find file "/butterfly2/hlavatyo/bread/breadBakingFoamTechMathGroup/ZZ_cases/2026/V29/exp0_nonDef_False/V36_NOTmanyIter_3e-10_kOp_0.2_kCl_0.2_nu_0.15_mu0_219_muV1_600_mS_0.00025_lambda_0.42_kH_16_kHB_17_r0_0.0018_per_9e-16/processor4/constant/D"
[4] 
[4]     From virtual Foam::autoPtr<Foam::ISstream> Foam::fileOperations::uncollatedFileOperation::readStream(Foam::regIOobject&, const Foam::fileName&, const Foam::word&, bool) const
[4]     in file global/fileOperations/uncollatedFileOperation/uncollatedFileOperation.C at line 626.
[4] 
FOAM parallel run exiting
[4] 
[5] 
[5] 
[5] --> FOAM FATAL ERROR: (openfoam-2312 patch=240220)
[5] cannot find file "/butterfly2/hlavatyo/bread/breadBakingFoamTechMathGroup/ZZ_cases/2026/V29/exp0_nonDef_False/V36_NOTmanyIter_3e-10_kOp_0.2_kCl_0.2_nu_0.15_mu0_219_muV1_600_mS_0.00025_lambda_0.42_kH_16_kHB_17_r0_0.0018_per_9e-16/processor5/constant/D"
[5] 
[5]     From virtual Foam::autoPtr<Foam::ISstream> Foam::fileOperations::uncollatedFileOperation::readStream(Foam::regIOobject&, const Foam::fileName&, const Foam::word&, bool) const
[5]     in file global/fileOperations/uncollatedFileOperation/uncollatedFileOperation.C at line 626.
[5] 
FOAM parallel run exiting
[5] 
[6] 
[6] 
[6] --> FOAM FATAL ERROR: (openfoam-2312 patch=240220)
[6] cannot find file "/butterfly2/hlavatyo/bread/breadBakingFoamTechMathGroup/ZZ_cases/2026/V29/exp0_nonDef_False/V36_NOTmanyIter_3e-10_kOp_0.2_kCl_0.2_nu_0.15_mu0_219_muV1_600_mS_0.00025_lambda_0.42_kH_16_kHB_17_r0_0.0018_per_9e-16/processor6/constant/D"
[6] 
[6]     From virtual Foam::autoPtr<Foam::ISstream> Foam::fileOperations::uncollatedFileOperation::readStream(Foam::regIOobject&, const Foam::fileName&, const Foam::word&, bool) const
[6]     in file global/fileOperations/uncollatedFileOperation/uncollatedFileOperation.C at line 626.
[6] 
FOAM parallel run exiting
[6] 
[7] 
[7] 
[7] --> FOAM FATAL ERROR: (openfoam-2312 patch=240220)
[7] cannot find file "/butterfly2/hlavatyo/bread/breadBakingFoamTechMathGroup/ZZ_cases/2026/V29/exp0_nonDef_False/V36_NOTmanyIter_3e-10_kOp_0.2_kCl_0.2_nu_0.15_mu0_219_muV1_600_mS_0.00025_lambda_0.42_kH_16_kHB_17_r0_0.0018_per_9e-16/processor7/constant/D"
[7] 
[7]     From virtual Foam::autoPtr<Foam::ISstream> Foam::fileOperations::uncollatedFileOperation::readStream(Foam::regIOobject&, const Foam::fileName&, const Foam::word&, bool) const
[7]     in file global/fileOperations/uncollatedFileOperation/uncollatedFileOperation.C at line 626.
[7] 
FOAM parallel run exiting
[7] 
[0] 
[0] 
[0] --> FOAM FATAL ERROR: (openfoam-2312 patch=240220)
[0] cannot find file "/butterfly2/hlavatyo/bread/breadBakingFoamTechMathGroup/ZZ_cases/2026/V29/exp0_nonDef_False/V36_NOTmanyIter_3e-10_kOp_0.2_kCl_0.2_nu_0.15_mu0_219_muV1_600_mS_0.00025_lambda_0.42_kH_16_kHB_17_r0_0.0018_per_9e-16/processor0/constant/D"
[0] 
[0]     From virtual Foam::autoPtr<Foam::ISstream> Foam::fileOperations::uncollatedFileOperation::readStream(Foam::regIOobject&, const Foam::fileName&, const Foam::word&, bool) const
[0]     in file global/fileOperations/uncollatedFileOperation/uncollatedFileOperation.C at line 626.
[0] 
FOAM parallel run exiting
[0] 
[1] 
[1] 
[1] --> FOAM FATAL ERROR: (openfoam-2312 patch=240220)
[1] cannot find file "/butterfly2/hlavatyo/bread/breadBakingFoamTechMathGroup/ZZ_cases/2026/V29/exp0_nonDef_False/V36_NOTmanyIter_3e-10_kOp_0.2_kCl_0.2_nu_0.15_mu0_219_muV1_600_mS_0.00025_lambda_0.42_kH_16_kHB_17_r0_0.0018_per_9e-16/processor1/constant/D"
[1] 
[1]     From virtual Foam::autoPtr<Foam::ISstream> Foam::fileOperations::uncollatedFileOperation::readStream(Foam::regIOobject&, const Foam::fileName&, const Foam::word&, bool) const
[1]     in file global/fileOperations/uncollatedFileOperation/uncollatedFileOperation.C at line 626.
[1] 
FOAM parallel run exiting
[1] 

[2] cannot find file "/butterfly2/hlavatyo/bread/breadBakingFoamTechMathGroup/ZZ_cases/2026/V29/exp0_nonDef_False/V36_NOTmanyIter_3e-10_kOp_0.2_kCl_0.2_nu_0.15_mu0_219_muV1_600_mS_0.00025_lambda_0.42_kH_16_kHB_17_r0_0.0018_per_9e-16/processor2/constant/D"
[2] 
[2]     From virtual Foam::autoPtr<Foam::ISstream> Foam::fileOperations::uncollatedFileOperation::readStream(Foam::regIOobject&, const Foam::fileName&, const Foam::word&, bool) const
[2]     in file global/fileOperations/uncollatedFileOperation/uncollatedFileOperation.C at line 626.
[2] 
FOAM parallel run exiting
[2] 
.
[3] 
FOAM parallel run exiting
[3] 
--------------------------------------------------------------------------
MPI_ABORT was invoked on rank 3 in communicator MPI_COMM_WORLD
with errorcode 1.

NOTE: invoking MPI_ABORT causes Open MPI to kill all MPI processes.
You may or may not see output from other processes, depending on
exactly when Open MPI kills them.
--------------------------------------------------------------------------
[butterfly:2339894] 7 more processes have sent help message help-mpi-api.txt / mpi-abort
[butterfly:2339894] Set MCA parameter "orte_base_help_aggregate" to 0 to see all help / error messages
	4. foamJob -parallel -screen intMoisture > log.intMoisture
No protocol specified
[0] 
[0] 
[0] --> FOAM FATAL ERROR: (openfoam-2312 patch=240220)
[0] cannot find file "/butterfly2/hlavatyo/bread/breadBakingFoamTechMathGroup/ZZ_cases/2026/V29/exp0_nonDef_False/V36_NOTmanyIter_3e-10_kOp_0.2_kCl_0.2_nu_0.15_mu0_219_muV1_600_mS_0.00025_lambda_0.42_kH_16_kHB_17_r0_0.0018_per_9e-16/processor0/constant/moisture"
[0] 
[0]     From virtual Foam::autoPtr<Foam::ISstream> Foam::fileOperations::uncollatedFileOperation::readStream(Foam::regIOobject&, const Foam::fileName&, const Foam::word&, bool) const
[0]     in file global/fileOperations/uncollatedFileOperation/uncollatedFileOperation.C[1] 
[1] 
[1] --> FOAM FATAL ERROR: (openfoam-2312 patch=240220)
[1] cannot find file "/butterfly2/hlavatyo/bread/breadBakingFoamTechMathGroup/ZZ_cases/2026/V29/exp0_nonDef_False/V36_NOTmanyIter_3e-10_kOp_0.2_kCl_0.2_nu_0.15_mu0_219_muV1_600_mS_0.00025_lambda_0.42_kH_16_kHB_17_r0_0.0018_per_9e-16/processor1/constant/moisture"
[1] 
[1]     From virtual Foam::autoPtr<Foam::ISstream> Foam::fileOperations::uncollatedFileOperation::readStream(Foam::regIOobject&, const Foam::fileName&, const Foam::word&, bool) const
[1]     in file global/fileOperations/uncollatedFileOperation/uncollatedFileOperation.C at line 626.
[1] 
FOAM parallel run exiting
[2] 
[2] 
[2] --> FOAM FATAL ERROR: (openfoam-2312 patch=240220)
[2] cannot find file "/butterfly2/hlavatyo/bread/breadBakingFoamTechMathGroup/ZZ_cases/2026/V29/exp0_nonDef_False/V36_NOTmanyIter_3e-10_kOp_0.2_kCl_0.2_nu_0.15_mu0_219_muV1_600_mS_0.00025_lambda_0.42_kH_16_kHB_17_r0_0.0018_per_9e-16/processor2/constant/moisture"
[2] 
[2]     From virtual Foam::autoPtr<Foam::ISstream> Foam::fileOperations::uncollatedFileOperation::readStream(Foam::regIOobject&, const Foam::fileName&, const Foam::word&, bool) const
[2]     in file global/fileOperations/uncollatedFileOperation/uncollatedFileOperation.C at line 626.
[2] 
FOAM parallel run exiting
[2] 
[3] 
[3] 
[3] --> FOAM FATAL ERROR: (openfoam-2312 patch=240220)
[3] cannot find file "/butterfly2/hlavatyo/bread/breadBakingFoamTechMathGroup/ZZ_cases/2026/V29/exp0_nonDef_False/V36_NOTmanyIter_3e-10_kOp_0.2_kCl_0.2_nu_0.15_mu0_219_muV1_600_mS_0.00025_lambda_0.42_kH_16_kHB_17_r0_0.0018_per_9e-16/processor3/constant/moisture"
[3] 
[3]     From virtual Foam::autoPtr<Foam::ISstream> Foam::fileOperations::uncollatedFileOperation::readStream(Foam::regIOobject&, const Foam::fileName&, const Foam::word&, bool) const
[3]     in file global/fileOperations/uncollatedFileOperation/uncollatedFileOperation.C at line 626.
[3] 
FOAM parallel run exiting
[3] 
[4] 
[4] 
[4] --> FOAM FATAL ERROR: (openfoam-2312 patch=240220)
[4] cannot find file "/butterfly2/hlavatyo/bread/breadBakingFoamTechMathGroup/ZZ_cases/2026/V29/exp0_nonDef_False/V36_NOTmanyIter_3e-10_kOp_0.2_kCl_0.2_nu_0.15_mu0_219_muV1_600_mS_0.00025_lambda_0.42_kH_16_kHB_17_r0_0.0018_per_9e-16/processor4/constant/moisture"
[4] 
[4]     From virtual Foam::autoPtr<Foam::ISstream> Foam::fileOperations::uncollatedFileOperation::readStream(Foam::regIOobject&, const Foam::fileName&, const Foam::word&, bool) const
[4]     in file global/fileOperations/uncollatedFileOperation/uncollatedFileOperation.C at line 626.
[4] 
FOAM parallel run exiting
[4] 
[5] 
[5] 
[5] --> FOAM FATAL ERROR: (openfoam-2312 patch=240220)
[5] cannot find file "/butterfly2/hlavatyo/bread/breadBakingFoamTechMathGroup/ZZ_cases/2026/V29/exp0_nonDef_False/V36_NOTmanyIter_3e-10_kOp_0.2_kCl_0.2_nu_0.15_mu0_219_muV1_600_mS_0.00025_lambda_0.42_kH_16_kHB_17_r0_0.0018_per_9e-16/processor5/constant/moisture"
[5] 
[5]     From virtual Foam::autoPtr<Foam::ISstream> Foam::fileOperations::uncollatedFileOperation::readStream(Foam::regIOobject&, const Foam::fileName&, const Foam::word&, bool) const
[5]     in file global/fileOperations/uncollatedFileOperation/uncollatedFileOperation.C at line 626.
[5] 
FOAM parallel run exiting
[5] 
[6] 
[6] 
[6] --> FOAM FATAL ERROR: (openfoam-2312 patch=240220)
[6] cannot find file "/butterfly2/hlavatyo/bread/breadBakingFoamTechMathGroup/ZZ_cases/2026/V29/exp0_nonDef_False/V36_NOTmanyIter_3e-10_kOp_0.2_kCl_0.2_nu_0.15_mu0_219_muV1_600_mS_0.00025_lambda_0.42_kH_16_kHB_17_r0_0.0018_per_9e-16/processor6/constant/moisture"
[6] 
[6]     From virtual Foam::autoPtr<Foam::ISstream> Foam::fileOperations::uncollatedFileOperation::readStream(Foam::regIOobject&, const Foam::fileName&, const Foam::word&, bool) const
[6]     in file global/fileOperations/uncollatedFileOperation/uncollatedFileOperation.C at line 626.
[6] 
FOAM parallel run exiting
[6] 
[7] 
[7] 
[7] --> FOAM FATAL ERROR: (openfoam-2312 patch=240220)
[7] cannot find file "/butterfly2/hlavatyo/bread/breadBakingFoamTechMathGroup/ZZ_cases/2026/V29/exp0_nonDef_False/V36_NOTmanyIter_3e-10_kOp_0.2_kCl_0.2_nu_0.15_mu0_219_muV1_600_mS_0.00025_lambda_0.42_kH_16_kHB_17_r0_0.0018_per_9e-16/processor7/constant/moisture"
[7] 
[7]     From virtual Foam::autoPtr<Foam::ISstream> Foam::fileOperations::uncollatedFileOperation::readStream(Foam::regIOobject&, const Foam::fileName&, const Foam::word&, bool) const
[7]     in file global/fileOperations/uncollatedFileOperation/uncollatedFileOperation.C at line 626.
[7] 
FOAM parallel run exiting
[7] 
 at line 626.
[0] 
FOAM parallel run exiting
[0] 
[1] 
--------------------------------------------------------------------------
MPI_ABORT was invoked on rank 3 in communicator MPI_COMM_WORLD
with errorcode 1.

NOTE: invoking MPI_ABORT causes Open MPI to kill all MPI processes.
You may or may not see output from other processes, depending on
exactly when Open MPI kills them.
--------------------------------------------------------------------------
[butterfly:2342848] 7 more processes have sent help message help-mpi-api.txt / mpi-abort
[butterfly:2342848] Set MCA parameter "orte_base_help_aggregate" to 0 to see all help / error messages
	5. foamJob -parallel -screen intWeigth > log.intWeigth
No protocol specified
[1] 
[1] 
[1] --> FOAM FATAL ERROR: (openfoam-2312 patch=240220)
[1] cannot find file "/butterfly2/hlavatyo/bread/breadBakingFoamTechMathGroup/ZZ_cases/2026/V29/exp0_nonDef_False/V36_NOTmanyIter_3e-10_kOp_0.2_kCl_0.2_nu_0.15_mu0_219_muV1_600_mS_0.00025_lambda_0.42_kH_16_kHB_17_r0_0.0018_per_9e-16/processor1/constant/rhoD"
[1] 
[1]     From virtual Foam::autoPtr<Foam::ISstream> Foam::fileOperations::uncollatedFileOperation::readStream(Foam::regIOobject&, const Foam::fileName&, const Foam::word&, bool) const
[1]     in file global/fileOperations/uncollatedFileOperation/uncollatedFileOperation.C at line 626.
[1] 
FOAM parallel run exiting
[1] 
[2] 
[2] 
[2] --> FOAM FATAL ERROR: (openfoam-2312 patch=240220)
[2] cannot find file "/butterfly2/hlavatyo/bread/breadBakingFoamTechMathGroup/ZZ_cases/2026/V29/exp0_nonDef_False/V36_NOTmanyIter_3e-10_kOp_0.2_kCl_0.2_nu_0.15_mu0_219_muV1_600_mS_0.00025_lambda_0.42_kH_16_kHB_17_r0_0.0018_per_9e-16/processor2/constant/rhoD"
[2] 
[2]     From virtual Foam::autoPtr<Foam::ISstream> Foam::fileOperations::uncollatedFileOperation::readStream(Foam::regIOobject&, const Foam::fileName&, const Foam::word&, bool) const
[2]     in file global/fileOperations/uncollatedFileOperation/uncollatedFileOperation.C at line 626.
[2] 
FOAM parallel run exiting
[2] 
[3] 
[3] 
[3] --> FOAM FATAL ERROR: (openfoam-2312 patch=240220)
[3] cannot find file "/butterfly2/hlavatyo/bread/breadBakingFoamTechMathGroup/ZZ_cases/2026/V29/exp0_nonDef_False/V36_NOTmanyIter_3e-10_kOp_0.2_kCl_0.2_nu_0.15_mu0_219_muV1_600_mS_0.00025_lambda_0.42_kH_16_kHB_17_r0_0.0018_per_9e-16/processor3/constant/rhoD"
[3] 
[3]     From virtual Foam::autoPtr<Foam::ISstream> Foam::fileOperations::uncollatedFileOperation::readStream(Foam::regIOobject&, const Foam::fileName&, const Foam::word&, bool) const
[3]     in file global/fileOperations/uncollatedFileOperation/uncollatedFileOperation.C at line 626.
[3] 
FOAM parallel run exiting
[3] 
[4] 
[4] 
[4] --> FOAM FATAL ERROR: (openfoam-2312 patch=240220)
[4] cannot find file "/butterfly2/hlavatyo/bread/breadBakingFoamTechMathGroup/ZZ_cases/2026/V29/exp0_nonDef_False/V36_NOTmanyIter_3e-10_kOp_0.2_kCl_0.2_nu_0.15_mu0_219_muV1_600_mS_0.00025_lambda_0.42_kH_16_kHB_17_r0_0.0018_per_9e-16/processor4/constant/rhoD"
[4] 
[4]     From virtual Foam::autoPtr<Foam::ISstream> Foam::fileOperations::uncollatedFileOperation::readStream(Foam::regIOobject&, const Foam::fileName&, const Foam::word&, bool) const
[4]     in file global/fileOperations/uncollatedFileOperation/uncollatedFileOperation.C at line 626.
[4] 
FOAM parallel run exiting
[4] 
[5] 
[5] 
[5] --> FOAM FATAL ERROR: (openfoam-2312 patch=240220)
[5] cannot find file "/butterfly2/hlavatyo/bread/breadBakingFoamTechMathGroup/ZZ_cases/2026/V29/exp0_nonDef_False/V36_NOTmanyIter_3e-10_kOp_0.2_kCl_0.2_nu_0.15_mu0_219_muV1_600_mS_0.00025_lambda_0.42_kH_16_kHB_17_r0_0.0018_per_9e-16/processor5/constant/rhoD"
[5] 
[5]     From virtual Foam::autoPtr<Foam::ISstream> Foam::fileOperations::uncollatedFileOperation::readStream(Foam::regIOobject&, const Foam::fileName&, const Foam::word&, bool) const
[5]     in file global/fileOperations/uncollatedFileOperation/uncollatedFileOperation.C at line 626.
[5] 
FOAM parallel run exiting
[5] 
[6] 
[6] 
[6] --> FOAM FATAL ERROR: (openfoam-2312 patch=240220)
[6] cannot find file "/butterfly2/hlavatyo/bread/breadBakingFoamTechMathGroup/ZZ_cases/2026/V29/exp0_nonDef_False/V36_NOTmanyIter_3e-10_kOp_0.2_kCl_0.2_nu_0.15_mu0_219_muV1_600_mS_0.00025_lambda_0.42_kH_16_kHB_17_r0_0.0018_per_9e-16/processor6/constant/rhoD"
[6] 
[6]     From virtual Foam::autoPtr<Foam::ISstream> Foam::fileOperations::uncollatedFileOperation::readStream(Foam::regIOobject&, const Foam::fileName&, const Foam::word&, bool) const
[6]     in file global/fileOperations/uncollatedFileOperation/uncollatedFileOperation.C at line 626.
[6] 
FOAM parallel run exiting
[6] 
[7] 
[7] 
[7] --> FOAM FATAL ERROR: (openfoam-2312 patch=240220)
[7] cannot find file "/butterfly2/hlavatyo/bread/breadBakingFoamTechMathGroup/ZZ_cases/2026/V29/exp0_nonDef_False/V36_NOTmanyIter_3e-10_kOp_0.2_kCl_0.2_nu_0.15_mu0_219_muV1_600_mS_0.00025_lambda_0.42_kH_16_kHB_17_r0_0.0018_per_9e-16/processor7/constant/rhoD"
[7] 
[7]     From virtual Foam::autoPtr<Foam::ISstream> Foam::fileOperations::uncollatedFileOperation::readStream(Foam::regIOobject&, const Foam::fileName&, const Foam::word&, bool) const
[7]     in file global/fileOperations/uncollatedFileOperation/uncollatedFileOperation.C at line 626.
[7] 
FOAM parallel run exiting
[7] 
[0] 
[0] 
[0] --> FOAM FATAL ERROR: (openfoam-2312 patch=240220)
[0] cannot find file "/butterfly2/hlavatyo/bread/breadBakingFoamTechMathGroup/ZZ_cases/2026/V29/exp0_nonDef_False/V36_NOTmanyIter_3e-10_kOp_0.2_kCl_0.2_nu_0.15_mu0_219_muV1_600_mS_0.00025_lambda_0.42_kH_16_kHB_17_r0_0.0018_per_9e-16/processor0/constant/rhoD"
[0] 
[0]     From virtual Foam::autoPtr<Foam::ISstream> Foam::fileOperations::uncollatedFileOperation::readStream(Foam::regIOobject&, const Foam::fileName&, const Foam::word&, bool) const
[0]     in file global/fileOperations/uncollatedFileOperation/uncollatedFileOperation.C at line 626.
[0] 
FOAM parallel run exiting
[0] 
--------------------------------------------------------------------------
MPI_ABORT was invoked on rank 1 in communicator MPI_COMM_WORLD
with errorcode 1.

NOTE: invoking MPI_ABORT causes Open MPI to kill all MPI processes.
You may or may not see output from other processes, depending on
exactly when Open MPI kills them.
--------------------------------------------------------------------------
[butterfly:2345782] PMIX ERROR: UNREACHABLE in file ../../../src/server/pmix_server.c at line 2193
[butterfly:2345782] 7 more processes have sent help message help-mpi-api.txt / mpi-abort
[butterfly:2345782] Set MCA parameter "orte_base_help_aggregate" to 0 to see all help / error messages
I will execute commands in ../ZZ_cases/2026/V29/exp0_nonDef_False/V36_NOTmanyIter_3e-10_kOp_0.2_kCl_0.2_nu_0.15_mu0_219_muV1_600_mS_0.00025_lambda_0.42_kH_16_kHB_17_r0_0.0018_per_9e-16/:
	1. foamJob -parallel -screen TLFProbe -point "(0.0445 0.03128 0)" > log.TPoint1
No protocol specified
[6] 
[6] 
[6] --> FOAM FATAL ERROR: (openfoam-2312 patch=240220)
[6] cannot find file "/butterfly2/hlavatyo/bread/breadBakingFoamTechMathGroup/ZZ_cases/2026/V29/exp0_nonDef_False/V36_NOTmanyIter_3e-10_kOp_0.2_kCl_0.2_nu_0.15_mu0_219_muV1_600_mS_0.00025_lambda_0.42_kH_16_kHB_17_r0_0.0018_per_9e-16/processor6/constant/D"
[6] [7] 
[7] 
[7] --> FOAM FATAL ERROR: (openfoam-2312 patch=240220)
[7] cannot find file "/butterfly2/hlavatyo/bread/breadBakingFoamTechMathGroup/ZZ_cases/2026/V29/exp0_nonDef_False/V36_NOTmanyIter_3e-10_kOp_0.2_kCl_0.2_nu_0.15_mu0_219_muV1_600_mS_0.00025_lambda_0.42_kH_16_kHB_17_r0_0.0018_per_9e-16/processor7/constant/D"
[7] 
[7]     From virtual Foam::autoPtr<Foam::ISstream> Foam::fileOperations::uncollatedFileOperation::readStream(Foam::regIOobject&, const Foam::fileName&, const Foam::word&, bool) const
[7]     in file global/fileOperations/uncollatedFileOperation/uncollatedFileOperation.C at line 626.
[7] 
FOAM parallel run exiting
[0] 
[0] 
[0] --> FOAM FATAL ERROR: (openfoam-2312 patch=240220)
[0] cannot find file "/butterfly2/hlavatyo/bread/breadBakingFoamTechMathGroup/ZZ_cases/2026/V29/exp0_nonDef_False/V36_NOTmanyIter_3e-10_kOp_0.2_kCl_0.2_nu_0.15_mu0_219_muV1_600_mS_0.00025_lambda_0.42_kH_16_kHB_17_r0_0.0018_per_9e-16/processor0/constant/D"
[0] 
[0]     From virtual Foam::autoPtr<Foam::ISstream> Foam::fileOperations::uncollatedFileOperation::readStream(Foam::regIOobject&, const Foam::fileName&, const Foam::word&, bool) const
[0]     in file global/fileOperations/uncollatedFileOperation/uncollatedFileOperation.C at line 626.
[0] 
FOAM parallel run exiting
[0] 
[1] 
[1] 
[1] --> FOAM FATAL ERROR: (openfoam-2312 patch=240220)
[1] cannot find file "/butterfly2/hlavatyo/bread/breadBakingFoamTechMathGroup/ZZ_cases/2026/V29/exp0_nonDef_False/V36_NOTmanyIter_3e-10_kOp_0.2_kCl_0.2_nu_0.15_mu0_219_muV1_600_mS_0.00025_lambda_0.42_kH_16_kHB_17_r0_0.0018_per_9e-16/processor1/constant/D"
[1] 
[1]     From virtual Foam::autoPtr<Foam::ISstream> Foam::fileOperations::uncollatedFileOperation::readStream(Foam::regIOobject&, const Foam::fileName&, const Foam::word&, bool) const
[1]     in file global/fileOperations/uncollatedFileOperation/uncollatedFileOperation.C at line 626.
[1] 
FOAM parallel run exiting
[1] 
[2] 
[2] 
[2] --> FOAM FATAL ERROR: (openfoam-2312 patch=240220)
[2] cannot find file "/butterfly2/hlavatyo/bread/breadBakingFoamTechMathGroup/ZZ_cases/2026/V29/exp0_nonDef_False/V36_NOTmanyIter_3e-10_kOp_0.2_kCl_0.2_nu_0.15_mu0_219_muV1_600_mS_0.00025_lambda_0.42_kH_16_kHB_17_r0_0.0018_per_9e-16/processor2/constant/D"
[2] 
[2]     From virtual Foam::autoPtr<Foam::ISstream> Foam::fileOperations::uncollatedFileOperation::readStream(Foam::regIOobject&, const Foam::fileName&, const Foam::word&, bool) const
[2]     in file global/fileOperations/uncollatedFileOperation/uncollatedFileOperation.C at line 626.
[2] 
FOAM parallel run exiting
[2] 
[3] 
[3] 
[3] --> FOAM FATAL ERROR: (openfoam-2312 patch=240220)
[3] cannot find file "/butterfly2/hlavatyo/bread/breadBakingFoamTechMathGroup/ZZ_cases/2026/V29/exp0_nonDef_False/V36_NOTmanyIter_3e-10_kOp_0.2_kCl_0.2_nu_0.15_mu0_219_muV1_600_mS_0.00025_lambda_0.42_kH_16_kHB_17_r0_0.0018_per_9e-16/processor3/constant/D"
[3] 
[3]     From virtual Foam::autoPtr<Foam::ISstream> Foam::fileOperations::uncollatedFileOperation::readStream(Foam::regIOobject&, const Foam::fileName&, const Foam::word&, bool) const
[3]     in file global/fileOperations/uncollatedFileOperation/uncollatedFileOperation.C at line 626.
[3] 
FOAM parallel run exiting
[3] 
[4] 
[4] 
[4] --> FOAM FATAL ERROR: (openfoam-2312 patch=240220)
[4] cannot find file "/butterfly2/hlavatyo/bread/breadBakingFoamTechMathGroup/ZZ_cases/2026/V29/exp0_nonDef_False/V36_NOTmanyIter_3e-10_kOp_0.2_kCl_0.2_nu_0.15_mu0_219_muV1_600_mS_0.00025_lambda_0.42_kH_16_kHB_17_r0_0.0018_per_9e-16/processor4/constant/D"
[4] 
[4]     From virtual Foam::autoPtr<Foam::ISstream> Foam::fileOperations::uncollatedFileOperation::readStream(Foam::regIOobject&, const Foam::fileName&, const Foam::word&, bool) const
[4]     in file global/fileOperations/uncollatedFileOperation/uncollatedFileOperation.C at line 626.
[4] 
FOAM parallel run exiting
[4] 
[5] 
[5] 
[5] --> FOAM FATAL ERROR: (openfoam-2312 patch=240220)
[5] cannot find file "/butterfly2/hlavatyo/bread/breadBakingFoamTechMathGroup/ZZ_cases/2026/V29/exp0_nonDef_False/V36_NOTmanyIter_3e-10_kOp_0.2_kCl_0.2_nu_0.15_mu0_219_muV1_600_mS_0.00025_lambda_0.42_kH_16_kHB_17_r0_0.0018_per_9e-16/processor5/constant/D"
[5] 
[5]     From virtual Foam::autoPtr<Foam::ISstream> Foam::fileOperations::uncollatedFileOperation::readStream(Foam::regIOobject&, const Foam::fileName&, const Foam::word&, bool) const
[5]     in file global/fileOperations/uncollatedFileOperation/uncollatedFileOperation.C at line 626.
[5] 
FOAM parallel run exiting
[5] 

[6]     From virtual Foam::autoPtr<Foam::ISstream> Foam::fileOperations::uncollatedFileOperation::readStream(Foam::regIOobject&, const Foam::fileName&, const Foam::word&, bool) const
[6]     in file global/fileOperations/uncollatedFileOperation/uncollatedFileOperation.C at line 626.
[6] 
FOAM parallel run exiting
[6] 
[7] 
--------------------------------------------------------------------------
MPI_ABORT was invoked on rank 7 in communicator MPI_COMM_WORLD
with errorcode 1.

NOTE: invoking MPI_ABORT causes Open MPI to kill all MPI processes.
You may or may not see output from other processes, depending on
exactly when Open MPI kills them.
--------------------------------------------------------------------------
[butterfly:2348716] 7 more processes have sent help message help-mpi-api.txt / mpi-abort
[butterfly:2348716] Set MCA parameter "orte_base_help_aggregate" to 0 to see all help / error messages
I will execute commands in ../ZZ_cases/2026/V29/exp0_nonDef_False/V36_NOTmanyIter_3e-10_kOp_0.2_kCl_0.2_nu_0.15_mu0_219_muV1_600_mS_0.00025_lambda_0.42_kH_16_kHB_17_r0_0.0018_per_9e-16/:
	1. foamJob -parallel -screen TLFProbe -point "(0.0435 0.010417 0)" > log.TPoint2
No protocol specified
[7] 
[7] 
[7] --> FOAM FATAL ERROR: (openfoam-2312 patch=240220)
[7] cannot find file "/butterfly2/hlavatyo/bread/breadBakingFoamTechMathGroup/ZZ_cases/2026/V29/exp0_nonDef_False/V36_NOTmanyIter_3e-10_kOp_0.2_kCl_0.2_nu_0.15_mu0_219_muV1_600_mS_0.00025_lambda_0.42_kH_16_kHB_17_r0_0.0018_per_9e-16/processor7/constant/D"
[7] 
[7]     From virtual Foam::autoPtr<Foam::ISstream> Foam::fileOperations::uncollatedFileOperation::readStream(Foam::regIOobject&, const Foam::fileName&, const Foam::word&, bool) const
[7]     in file global/fileOperations/uncollatedFileOperation/uncollatedFileOperation.C at line 626.
[7] 
FOAM parallel run exiting
[7] 
[0] 
[0] 
[0] --> FOAM FATAL ERROR: (openfoam-2312 patch=240220)
[0] cannot find file "/butterfly2/hlavatyo/bread/breadBakingFoamTechMathGroup/ZZ_cases/2026/V29/exp0_nonDef_False/V36_NOTmanyIter_3e-10_kOp_0.2_kCl_0.2_nu_0.15_mu0_219_muV1_600_mS_0.00025_lambda_0.42_kH_16_kHB_17_r0_0.0018_per_9e-16/processor0/constant/D"
[0] 
[0]     From virtual Foam::autoPtr<Foam::ISstream> Foam::fileOperations::uncollatedFileOperation::readStream(Foam::regIOobject&, const Foam::fileName&, const Foam::word&, bool) const
[0]     in file global/fileOperations/uncollatedFileOperation/uncollatedFileOperation.C at line 626.
[0] 
FOAM parallel run exiting
[0] 
[1] 
[1] 
[1] --> FOAM FATAL ERROR: (openfoam-2312 patch=240220)
[1] cannot find file "/butterfly2/hlavatyo/bread/breadBakingFoamTechMathGroup/ZZ_cases/2026/V29/exp0_nonDef_False/V36_NOTmanyIter_3e-10_kOp_0.2_kCl_0.2_nu_0.15_mu0_219_muV1_600_mS_0.00025_lambda_0.42_kH_16_kHB_17_r0_0.0018_per_9e-16/processor1/constant/D"
[1] 
[1]     From virtual Foam::autoPtr<Foam::ISstream> Foam::fileOperations::uncollatedFileOperation::readStream(Foam::regIOobject&, const Foam::fileName&, const Foam::word&, bool) const
[1]     in file global/fileOperations/uncollatedFileOperation/uncollatedFileOperation.C at line 626.
[1] 
FOAM parallel run exiting
[1] 
[2] 
[2] 
[2] --> FOAM FATAL ERROR: (openfoam-2312 patch=240220)
[2] cannot find file "/butterfly2/hlavatyo/bread/breadBakingFoamTechMathGroup/ZZ_cases/2026/V29/exp0_nonDef_False/V36_NOTmanyIter_3e-10_kOp_0.2_kCl_0.2_nu_0.15_mu0_219_muV1_600_mS_0.00025_lambda_0.42_kH_16_kHB_17_r0_0.0018_per_9e-16/processor2/constant/D"
[2] 
[2]     From virtual Foam::autoPtr<Foam::ISstream> Foam::fileOperations::uncollatedFileOperation::readStream(Foam::regIOobject&, const Foam::fileName&, const Foam::word&, bool) const
[2]     in file global/fileOperations/uncollatedFileOperation/uncollatedFileOperation.C at line 626.
[2] 
FOAM parallel run exiting
[2] 
[4] 
[4] 
[4] --> FOAM FATAL ERROR: (openfoam-2312 patch=240220)
[4] cannot find file "/butterfly2/hlavatyo/bread/breadBakingFoamTechMathGroup/ZZ_cases/2026/V29/exp0_nonDef_False/V36_NOTmanyIter_3e-10_kOp_0.2_kCl_0.2_nu_0.15_mu0_219_muV1_600_mS_0.00025_lambda_0.42_kH_16_kHB_17_r0_0.0018_per_9e-16/processor4/constant/D"
[4] 
[4]     From virtual Foam::autoPtr<Foam::ISstream> Foam::fileOperations::uncollatedFileOperation::readStream(Foam::regIOobject&, const Foam::fileName&, const Foam::word&, bool) const
[4]     in file global/fileOperations/uncollatedFileOperation/uncollatedFileOperation.C at line 626.
[4] 
FOAM parallel run exiting
[4] 
[5] 
[5] 
[5] --> FOAM FATAL ERROR: (openfoam-2312 patch=240220)
[5] cannot find file "/butterfly2/hlavatyo/bread/breadBakingFoamTechMathGroup/ZZ_cases/2026/V29/exp0_nonDef_False/V36_NOTmanyIter_3e-10_kOp_0.2_kCl_0.2_nu_0.15_mu0_219_muV1_600_mS_0.00025_lambda_0.42_kH_16_kHB_17_r0_0.0018_per_9e-16/processor5/constant/D"
[5] 
[5]     From virtual Foam::autoPtr<Foam::ISstream> Foam::fileOperations::uncollatedFileOperation::readStream(Foam::regIOobject&, const Foam::fileName&, const Foam::word&, bool) const
[5]     in file global/fileOperations/uncollatedFileOperation/uncollatedFileOperation.C at line 626.
[5] 
FOAM parallel run exiting
[5] 
[6] 
[6] 
[6] --> FOAM FATAL ERROR: (openfoam-2312 patch=240220)
[6] cannot find file "/butterfly2/hlavatyo/bread/breadBakingFoamTechMathGroup/ZZ_cases/2026/V29/exp0_nonDef_False/V36_NOTmanyIter_3e-10_kOp_0.2_kCl_0.2_nu_0.15_mu0_219_muV1_600_mS_0.00025_lambda_0.42_kH_16_kHB_17_r0_0.0018_per_9e-16/processor6/constant/D"
[6] 
[6]     From virtual Foam::autoPtr<Foam::ISstream> Foam::fileOperations::uncollatedFileOperation::readStream(Foam::regIOobject&, const Foam::fileName&, const Foam::word&, bool) const
[6]     in file global/fileOperations/uncollatedFileOperation/uncollatedFileOperation.C at line 626.
[6] 
FOAM parallel run exiting
[6] 
[3] 
[3] 
[3] --> FOAM FATAL ERROR: (openfoam-2312 patch=240220)
[3] cannot find file "/butterfly2/hlavatyo/bread/breadBakingFoamTechMathGroup/ZZ_cases/2026/V29/exp0_nonDef_False/V36_NOTmanyIter_3e-10_kOp_0.2_kCl_0.2_nu_0.15_mu0_219_muV1_600_mS_0.00025_lambda_0.42_kH_16_kHB_17_r0_0.0018_per_9e-16/processor3/constant/D"
[3] 
[3]     From virtual Foam::autoPtr<Foam::ISstream> Foam::fileOperations::uncollatedFileOperation::readStream(Foam::regIOobject&, const Foam::fileName&, const Foam::word&, bool) const
[3]     in file global/fileOperations/uncollatedFileOperation/uncollatedFileOperation.C at line 626.
[3] 
FOAM parallel run exiting
[3] 
--------------------------------------------------------------------------
MPI_ABORT was invoked on rank 5 in communicator MPI_COMM_WORLD
with errorcode 1.

NOTE: invoking MPI_ABORT causes Open MPI to kill all MPI processes.
You may or may not see output from other processes, depending on
exactly when Open MPI kills them.
--------------------------------------------------------------------------
[butterfly:2351679] 7 more processes have sent help message help-mpi-api.txt / mpi-abort
[butterfly:2351679] Set MCA parameter "orte_base_help_aggregate" to 0 to see all help / error messages
I will execute commands in ../ZZ_cases/2026/V29/exp0_nonDef_False/V36_NOTmanyIter_3e-10_kOp_0.2_kCl_0.2_nu_0.15_mu0_219_muV1_600_mS_0.00025_lambda_0.42_kH_16_kHB_17_r0_0.0018_per_9e-16/:
	1. foamJob -parallel -screen TLFProbe -point "(0.0336 0.025907 0)" > log.TPoint3
No protocol specified
[0] [7] 
[7] 
[7] --> FOAM FATAL ERROR: (openfoam-2312 patch=240220)
[1] 
[1] 
[1] --> FOAM FATAL ERROR: (openfoam-2312 patch=240220)
[1] cannot find file "/butterfly2/hlavatyo/bread/breadBakingFoamTechMathGroup/ZZ_cases/2026/V29/exp0_nonDef_False/V36_NOTmanyIter_3e-10_kOp_0.2_kCl_0.2_nu_0.15_mu0_219_muV1_600_mS_0.00025_lambda_0.42_kH_16_kHB_17_r0_0.0018_per_9e-16/processor1/constant/D"
[1] 
[2] 
[2] 
[2] --> FOAM FATAL ERROR: (openfoam-2312 patch=240220)
[2] cannot find file "/butterfly2/hlavatyo/bread/breadBakingFoamTechMathGroup/ZZ_cases/2026/V29/exp0_nonDef_False/V36_NOTmanyIter_3e-10_kOp_0.2_kCl_0.2_nu_0.15_mu0_219_muV1_600_mS_0.00025_lambda_0.42_kH_16_kHB_17_r0_0.0018_per_9e-16/processor2/constant/D"
[2] 
[2]     From virtual Foam::autoPtr<Foam::ISstream> Foam::fileOperations::uncollatedFileOperation::readStream(Foam::regIOobject&, const Foam::fileName&, const Foam::word&, bool) const
[2]     in file global/fileOperations/uncollatedFileOperation/uncollatedFileOperation.C at line 626.
[2] 
FOAM parallel run exiting
[2] 
[3] 
[3] 
[3] --> FOAM FATAL ERROR: (openfoam-2312 patch=240220)
[3] cannot find file "/butterfly2/hlavatyo/bread/breadBakingFoamTechMathGroup/ZZ_cases/2026/V29/exp0_nonDef_False/V36_NOTmanyIter_3e-10_kOp_0.2_kCl_0.2_nu_0.15_mu0_219_muV1_600_mS_0.00025_lambda_0.42_kH_16_kHB_17_r0_0.0018_per_9e-16/processor3/constant/D"
[3] 
[3]     From virtual Foam::autoPtr<Foam::ISstream> Foam::fileOperations::uncollatedFileOperation::readStream(Foam::regIOobject&, const Foam::fileName&, const Foam::word&, bool) const
[3]     in file global/fileOperations/uncollatedFileOperation/uncollatedFileOperation.C at line 626.
[3] 
FOAM parallel run exiting
[3] 
[4] 
[4] 
[4] --> FOAM FATAL ERROR: (openfoam-2312 patch=240220)
[4] cannot find file "/butterfly2/hlavatyo/bread/breadBakingFoamTechMathGroup/ZZ_cases/2026/V29/exp0_nonDef_False/V36_NOTmanyIter_3e-10_kOp_0.2_kCl_0.2_nu_0.15_mu0_219_muV1_600_mS_0.00025_lambda_0.42_kH_16_kHB_17_r0_0.0018_per_9e-16/processor4/constant/D"
[4] 
[4]     From virtual Foam::autoPtr<Foam::ISstream> Foam::fileOperations::uncollatedFileOperation::readStream(Foam::regIOobject&, const Foam::fileName&, const Foam::word&, bool) const
[4]     in file global/fileOperations/uncollatedFileOperation/uncollatedFileOperation.C at line 626.
[4] 
FOAM parallel run exiting
[4] 
[5] 
[5] 
[5] --> FOAM FATAL ERROR: (openfoam-2312 patch=240220)
[5] cannot find file "/butterfly2/hlavatyo/bread/breadBakingFoamTechMathGroup/ZZ_cases/2026/V29/exp0_nonDef_False/V36_NOTmanyIter_3e-10_kOp_0.2_kCl_0.2_nu_0.15_mu0_219_muV1_600_mS_0.00025_lambda_0.42_kH_16_kHB_17_r0_0.0018_per_9e-16/processor5/constant/D"
[5] 
[5]     From virtual Foam::autoPtr<Foam::ISstream> Foam::fileOperations::uncollatedFileOperation::readStream(Foam::regIOobject&, const Foam::fileName&, const Foam::word&, bool) const
[5]     in file global/fileOperations/uncollatedFileOperation/uncollatedFileOperation.C at line 626.
[5] 
FOAM parallel run exiting
[5] 
[6] 
[6] 
[6] --> FOAM FATAL ERROR: (openfoam-2312 patch=240220)
[6] cannot find file "/butterfly2/hlavatyo/bread/breadBakingFoamTechMathGroup/ZZ_cases/2026/V29/exp0_nonDef_False/V36_NOTmanyIter_3e-10_kOp_0.2_kCl_0.2_nu_0.15_mu0_219_muV1_600_mS_0.00025_lambda_0.42_kH_16_kHB_17_r0_0.0018_per_9e-16/processor6/constant/D"
[6] 
[6]     From virtual Foam::autoPtr<Foam::ISstream> Foam::fileOperations::uncollatedFileOperation::readStream(Foam::regIOobject&, const Foam::fileName&, const Foam::word&, bool) const
[6]     in file global/fileOperations/uncollatedFileOperation/uncollatedFileOperation.C at line 626.
[6] 
FOAM parallel run exiting
[6] 

[0] 
[0] --> FOAM FATAL ERROR: (openfoam-2312 patch=240220)
[0] cannot find file "/butterfly2/hlavatyo/bread/breadBakingFoamTechMathGroup/ZZ_cases/2026/V29/exp0_nonDef_False/V36_NOTmanyIter_3e-10_kOp_0.2_kCl_0.2_nu_0.15_mu0_219_muV1_600_mS_0.00025_lambda_0.42_kH_16_kHB_17_r0_0.0018_per_9e-16/processor0/constant/D"
[0] 
[0]     From virtual Foam::autoPtr<Foam::ISstream> Foam::fileOperations::uncollatedFileOperation::readStream(Foam::regIOobject&, const Foam::fileName&, const Foam::word&, bool) const
[0]     in file global/fileOperations/uncollatedFileOperation/uncollatedFileOperation.C at line 626.
[0] 
FOAM parallel run exiting
[0] 
[1]     From virtual Foam::autoPtr<Foam::ISstream> Foam::fileOperations::uncollatedFileOperation::readStream(Foam::regIOobject&, const Foam::fileName&, const Foam::word&, bool) const
[1]     in file global/fileOperations/uncollatedFileOperation/uncollatedFileOperation.C at line 626.
[1] 
FOAM parallel run exiting
[1] 
[7] cannot find file "/butterfly2/hlavatyo/bread/breadBakingFoamTechMathGroup/ZZ_cases/2026/V29/exp0_nonDef_False/V36_NOTmanyIter_3e-10_kOp_0.2_kCl_0.2_nu_0.15_mu0_219_muV1_600_mS_0.00025_lambda_0.42_kH_16_kHB_17_r0_0.0018_per_9e-16/processor7/constant/D"
[7] 
[7]     From virtual Foam::autoPtr<Foam::ISstream> Foam::fileOperations::uncollatedFileOperation::readStream(Foam::regIOobject&, const Foam::fileName&, const Foam::word&, bool) const
[7]     in file global/fileOperations/uncollatedFileOperation/uncollatedFileOperation.C at line 626.
[7] 
FOAM parallel run exiting
[7] 
--------------------------------------------------------------------------
MPI_ABORT was invoked on rank 0 in communicator MPI_COMM_WORLD
with errorcode 1.

NOTE: invoking MPI_ABORT causes Open MPI to kill all MPI processes.
You may or may not see output from other processes, depending on
exactly when Open MPI kills them.
--------------------------------------------------------------------------
[butterfly:2354632] 7 more processes have sent help message help-mpi-api.txt / mpi-abort
[butterfly:2354632] Set MCA parameter "orte_base_help_aggregate" to 0 to see all help / error messages
I will execute commands in ../ZZ_cases/2026/V29/exp0_nonDef_False/V36_NOTmanyIter_3e-10_kOp_0.2_kCl_0.2_nu_0.15_mu0_219_muV1_600_mS_0.00025_lambda_0.42_kH_16_kHB_17_r0_0.0018_per_9e-16/:
	1. foamJob -parallel -screen TLFProbe -point "(0.0146 0.047604 0)" > log.TPoint4
No protocol specified
[4] 
[4] 
[4] --> FOAM FATAL ERROR: (openfoam-2312 patch=240220)
[4] cannot find file "/butterfly2/hlavatyo/bread/breadBakingFoamTechMathGroup/ZZ_cases/2026/V29/exp0_nonDef_False/V36_NOTmanyIter_3e-10_kOp_0.2_kCl_0.2_nu_0.15_mu0_219_muV1_600_mS_0.00025_lambda_0.42_kH_16_kHB_17_r0_0.0018_per_9e-16/processor4/constant/D"
[4] 
[4]     From virtual Foam::autoPtr<Foam::ISstream> Foam::fileOperations::uncollatedFileOperation::readStream(Foam::regIOobject&, const Foam::fileName&, const Foam::word&, bool) const
[4]     in file global/fileOperations/uncollatedFileOperation/uncollatedFileOperation.C at line 626.
[4] 
FOAM parallel run exiting
[4] 
[5] 
[5] 
[5] --> FOAM FATAL ERROR: (openfoam-2312 patch=240220)
[5] cannot find file "/butterfly2/hlavatyo/bread/breadBakingFoamTechMathGroup/ZZ_cases/2026/V29/exp0_nonDef_False/V36_NOTmanyIter_3e-10_kOp_0.2_kCl_0.2_nu_0.15_mu0_219_muV1_600_mS_0.00025_lambda_0.42_kH_16_kHB_17_r0_0.0018_per_9e-16/processor5/constant/D"
[5] 
[5]     From virtual Foam::autoPtr<Foam::ISstream> Foam::fileOperations::uncollatedFileOperation::readStream(Foam::regIOobject&, const Foam::fileName&, const Foam::word&, bool) const
[5]     in file global/fileOperations/uncollatedFileOperation/uncollatedFileOperation.C at line 626.
[5] 
FOAM parallel run exiting
[5] 
[6] 
[6] 
[6] --> FOAM FATAL ERROR: (openfoam-2312 patch=240220)
[6] cannot find file "/butterfly2/hlavatyo/bread/breadBakingFoamTechMathGroup/ZZ_cases/2026/V29/exp0_nonDef_False/V36_NOTmanyIter_3e-10_kOp_0.2_kCl_0.2_nu_0.15_mu0_219_muV1_600_mS_0.00025_lambda_0.42_kH_16_kHB_17_r0_0.0018_per_9e-16/processor6/constant/D"
[6] 
[6]     From virtual Foam::autoPtr<Foam::ISstream> Foam::fileOperations::uncollatedFileOperation::readStream(Foam::regIOobject&, const Foam::fileName&, const Foam::word&, bool) const
[6]     in file global/fileOperations/uncollatedFileOperation/uncollatedFileOperation.C at line 626.
[6] 
FOAM parallel run exiting
[6] 
[7] 
[7] 
[7] --> FOAM FATAL ERROR: (openfoam-2312 patch=240220)
[7] cannot find file "/butterfly2/hlavatyo/bread/breadBakingFoamTechMathGroup/ZZ_cases/2026/V29/exp0_nonDef_False/V36_NOTmanyIter_3e-10_kOp_0.2_kCl_0.2_nu_0.15_mu0_219_muV1_600_mS_0.00025_lambda_0.42_kH_16_kHB_17_r0_0.0018_per_9e-16/processor7/constant/D"
[7] 
[7]     From virtual Foam::autoPtr<Foam::ISstream> Foam::fileOperations::uncollatedFileOperation::readStream(Foam::regIOobject&, const Foam::fileName&, const Foam::word&, bool) const
[7]     in file global/fileOperations/uncollatedFileOperation/uncollatedFileOperation.C at line 626.
[7] 
FOAM parallel run exiting
[7] 
[0] 
[0] 
[0] --> FOAM FATAL ERROR: (openfoam-2312 patch=240220)
[0] cannot find file "/butterfly2/hlavatyo/bread/breadBakingFoamTechMathGroup/ZZ_cases/2026/V29/exp0_nonDef_False/V36_NOTmanyIter_3e-10_kOp_0.2_kCl_0.2_nu_0.15_mu0_219_muV1_600_mS_0.00025_lambda_0.42_kH_16_kHB_17_r0_0.0018_per_9e-16/processor0/constant/D"
[0] 
[0]     From virtual Foam::autoPtr<Foam::ISstream> Foam::fileOperations::uncollatedFileOperation::readStream(Foam::regIOobject&, const Foam::fileName&, const Foam::word&, bool) const
[0]     in file global/fileOperations/uncollatedFileOperation/uncollatedFileOperation.C at line 626.
[0] 
FOAM parallel run exiting
[0] 
[1] 
[1] 
[1] --> FOAM FATAL ERROR: (openfoam-2312 patch=240220)
[1] cannot find file "/butterfly2/hlavatyo/bread/breadBakingFoamTechMathGroup/ZZ_cases/2026/V29/exp0_nonDef_False/V36_NOTmanyIter_3e-10_kOp_0.2_kCl_0.2_nu_0.15_mu0_219_muV1_600_mS_0.00025_lambda_0.42_kH_16_kHB_17_r0_0.0018_per_9e-16/processor1/constant/D"
[1] 
[1]     From virtual Foam::autoPtr<Foam::ISstream> Foam::fileOperations::uncollatedFileOperation::readStream(Foam::regIOobject&, const Foam::fileName&, const Foam::word&, bool) const
[1]     in file global/fileOperations/uncollatedFileOperation/uncollatedFileOperation.C at line 626.
[1] 
FOAM parallel run exiting
[1] 
[2] 
[2] 
[2] --> FOAM FATAL ERROR: (openfoam-2312 patch=240220)
[2] cannot find file "/butterfly2/hlavatyo/bread/breadBakingFoamTechMathGroup/ZZ_cases/2026/V29/exp0_nonDef_False/V36_NOTmanyIter_3e-10_kOp_0.2_kCl_0.2_nu_0.15_mu0_219_muV1_600_mS_0.00025_lambda_0.42_kH_16_kHB_17_r0_0.0018_per_9e-16/processor2/constant/D"
[2] 
[2]     From virtual Foam::autoPtr<Foam::ISstream> Foam::fileOperations::uncollatedFileOperation::readStream(Foam::regIOobject&, const Foam::fileName&, const Foam::word&, bool) const
[2]     in file global/fileOperations/uncollatedFileOperation/uncollatedFileOperation.C at line 626.
[2] 
FOAM parallel run exiting
[2] 
[3] 
[3] 
[3] --> FOAM FATAL ERROR: (openfoam-2312 patch=240220)
[3] cannot find file "/butterfly2/hlavatyo/bread/breadBakingFoamTechMathGroup/ZZ_cases/2026/V29/exp0_nonDef_False/V36_NOTmanyIter_3e-10_kOp_0.2_kCl_0.2_nu_0.15_mu0_219_muV1_600_mS_0.00025_lambda_0.42_kH_16_kHB_17_r0_0.0018_per_9e-16/processor3/constant/D"
[3] 
[3]     From virtual Foam::autoPtr<Foam::ISstream> Foam::fileOperations::uncollatedFileOperation::readStream(Foam::regIOobject&, const Foam::fileName&, const Foam::word&, bool) const
[3]     in file global/fileOperations/uncollatedFileOperation/uncollatedFileOperation.C at line 626.
[3] 
FOAM parallel run exiting
[3] 
--------------------------------------------------------------------------
MPI_ABORT was invoked on rank 4 in communicator MPI_COMM_WORLD
with errorcode 1.

NOTE: invoking MPI_ABORT causes Open MPI to kill all MPI processes.
You may or may not see output from other processes, depending on
exactly when Open MPI kills them.
--------------------------------------------------------------------------
[butterfly:2357566] 7 more processes have sent help message help-mpi-api.txt / mpi-abort
[butterfly:2357566] Set MCA parameter "orte_base_help_aggregate" to 0 to see all help / error messages
Traceback (most recent call last):
  File "runBread2DOurExpFreeBread2026Kynuti.py", line 503, in <module>
    with open(baseCase.dir + '/postProcessing/probeOur/%d/D'%latestTime, 'r') as fl:
FileNotFoundError: [Errno 2] No such file or directory: '../ZZ_cases/2026/V29/exp0_nonDef_False/V36_NOTmanyIter_3e-10_kOp_0.2_kCl_0.2_nu_0.15_mu0_219_muV1_600_mS_0.00025_lambda_0.42_kH_16_kHB_17_r0_0.0018_per_9e-16//postProcessing/probeOur/0/D'
New OpenFOAMCase has been initialized, starting directory is:
	/butterfly2/hlavatyo/bread/breadBakingFoamTechMathGroup/pyCtrlScripts
OpenFOAMCase.baseCase has been set to :
	../tutorials/bread3DOurExp/
OpenFOAMCase directory has been changed from:
	../tutorials/bread3DOurExp/ to ../ZZ_cases/2026/V29/exp0_nonDef_False/V35_NOTmanyIter_3e-10_kOp_0.2_kCl_0.2_nu_0.15_mu0_219_muV1_600_mS_0.001_lambda_0.42_kH_16_kHB_17_r0_0.0018_per_9e-16/
OpenFOAMCase.baseDir has been copied to OpenFOAMCase.dir:
	 ../tutorials/bread3DOurExp/ --> ../ZZ_cases/2026/V29/exp0_nonDef_False/V35_NOTmanyIter_3e-10_kOp_0.2_kCl_0.2_nu_0.15_mu0_219_muV1_600_mS_0.001_lambda_0.42_kH_16_kHB_17_r0_0.0018_per_9e-16/
In 0.org/omegaV, trying to change parameter kM in subDict sides:
	In 0.org/omegaV, I have change val of kM parameter from 0.01; to 0.01 in subDict sides.
In 0.org/omegaV, trying to change parameter kM in subDict bottom:
	In 0.org/omegaV, I have change val of kM parameter from 1e-5; to 0.007 in subDict bottom.
In 0.org/omegaV, trying to change parameter kM in subDict bottom2:
	In 0.org/omegaV, I have change val of kM parameter from 1e-5; to 0.007 in subDict bottom2.
In 0.org/omegaC, trying to change parameter kM in subDict sides:
	In 0.org/omegaC, I have change val of kM parameter from 1e-5; to 0.01 in subDict sides.
In 0.org/omegaC, trying to change parameter kM in subDict bottom:
	In 0.org/omegaC, I have change val of kM parameter from 1e-5; to 0.007 in subDict bottom.
In 0.org/omegaC, trying to change parameter kM in subDict bottom2:
	In 0.org/omegaC, I have change val of kM parameter from 1e-5; to 0.007 in subDict bottom2.
In 0.org/T, trying to change parameter alpha in subDict sides:
	In 0.org/T, I have change val of alpha parameter from 9.5; to 16 in subDict sides.
In 0.org/T, trying to change parameter alpha in subDict bottom:
	In 0.org/T, I have change val of alpha parameter from 9.5; to 17 in subDict bottom.
In 0.org/T, trying to change parameter alpha in subDict bottom2:
	In 0.org/T, I have change val of alpha parameter from 9.5; to 17 in subDict bottom2.
In 0.org/T, trying to change parameter internalField in subDict :
	In 0.org/T, I have change val of internalField parameter from uniform 302.5; to uniform 297 in subDict .
Loading all sheets from: ../Experiments2026/10_02_2026/Lab_test_2026_02_10.xlsm
  Sheet 'DATALOG': 32538 rows × 5 columns
  Sheet 'Data_Termo_1': 11554 rows × 25 columns
  Sheet 'Data_Termo_2': 6241 rows × 25 columns
  Sheet 'Data_Termo_3': 2547 rows × 25 columns
In constant/transportProperties, trying to change parameter withDeformation in subDict :
	In constant/transportProperties, I have change val of withDeformation parameter from 1; to 1 in subDict .
In constant/transportProperties, trying to change parameter permGLViscG in subDict :
	In constant/transportProperties, I have change val of permGLViscG parameter from 9e-13; to 9e-16 in subDict .
In constant/transportProperties, trying to change parameter tortOpen in subDict :
	In constant/transportProperties, I have change val of tortOpen parameter from 2; to 2.4 in subDict .
In constant/transportProperties, trying to change parameter tortClosed in subDict :
	In constant/transportProperties, I have change val of tortClosed parameter from 10; to 70 in subDict .
In constant/thermophysicalProperties, trying to change parameter lambda in subDict solid:
	In constant/thermophysicalProperties, I have change val of lambda parameter from 0.47; to 0.42 in subDict solid.
In constant/thermophysicalProperties, trying to change parameter rho in subDict solid:
	In constant/thermophysicalProperties, I have change val of rho parameter from 700; to 764 in subDict solid.
In constant/thermophysicalProperties, trying to change parameter Cp in subDict solid:
	In constant/thermophysicalProperties, I have change val of Cp parameter from 600; to 1130 in subDict solid.
In constant/thermophysicalProperties, trying to change parameter Cp in subDict liquid:
	In constant/thermophysicalProperties, I have change val of Cp parameter from 4200; to 4200 in subDict liquid.
In constant/thermophysicalProperties, trying to change parameter Cp in subDict CO2:
	In constant/thermophysicalProperties, I have change val of Cp parameter from 853; to 853 in subDict CO2.
In constant/thermophysicalProperties, trying to change parameter Cp in subDict vapor:
	In constant/thermophysicalProperties, I have change val of Cp parameter from 1878; to 1878 in subDict vapor.
In constant/thermophysicalProperties, trying to change parameter D in subDict transport:
	In constant/thermophysicalProperties, I have change val of D parameter from 5e-06; to 2.6e-05 in subDict transport.
In constant/thermophysicalProperties, trying to change parameter Dl in subDict transport:
	In constant/thermophysicalProperties, I have change val of Dl parameter from 5e-10; to 3e-10 in subDict transport.
	In constant/thermophysicalProperties, I have change val of Dl parameter from 2e-11; to 3e-10 in subDict transport.
	In constant/thermophysicalProperties, I have change val of Dl parameter from 5e-12; to 3e-10 in subDict transport.
	In constant/thermophysicalProperties, I have change val of Dl parameter from 8e-12; to 3e-10 in subDict transport.
	In constant/thermophysicalProperties, I have change val of Dl parameter from 2e-11; to 3e-10 in subDict transport.
	In constant/thermophysicalProperties, I have change val of Dl parameter from 2e-10; to 3e-10 in subDict transport.
	In constant/thermophysicalProperties, I have change val of Dl parameter from 1e-9; to 3e-10 in subDict transport.
	In constant/thermophysicalProperties, I have change val of Dl parameter from 5e-10; to 3e-10 in subDict transport.
	In constant/thermophysicalProperties, I have change val of Dl parameter from 1.5e-11; to 3e-10 in subDict transport.
In constant/reactiveProperties, trying to change parameter kMPCOpen in subDict evaporation:
	In constant/reactiveProperties, I have change val of kMPCOpen parameter from 0.42; to 0.2 in subDict evaporation.
In constant/reactiveProperties, trying to change parameter kMPCClosed in subDict evaporation:
	In constant/reactiveProperties, I have change val of kMPCClosed parameter from 0.42; to 0.2 in subDict evaporation.
In constant/reactiveProperties, trying to change parameter R0 in subDict fermentation:
	In constant/reactiveProperties, I have change val of R0 parameter from 0.0022; to 0.0018 in subDict fermentation.
In constant/reactiveProperties, trying to change parameter Tm in subDict fermentation:
	In constant/reactiveProperties, I have change val of Tm parameter from 314; to 313 in subDict fermentation.
In constant/reactiveProperties, trying to change parameter deltaT in subDict fermentation:
	In constant/reactiveProperties, I have change val of deltaT parameter from 10; to 14 in subDict fermentation.
In system/controlDict, trying to change parameter endTime in subDict :
	In system/controlDict, I have change val of endTime parameter from 900; to 2400 in subDict .
In system/controlDict, trying to change parameter deltaT in subDict :
	In system/controlDict, I have change val of deltaT parameter from 1; to 10 in subDict .
In system/controlDict, trying to change parameter writeInterval in subDict :
	In system/controlDict, I have change val of writeInterval parameter from 20; to 200 in subDict .
	In system/controlDict, I have change val of writeInterval parameter from 20; to 200 in subDict .
In system/fvSolution, trying to change parameter nOuterCorrectors in subDict PIMPLE:
	In system/fvSolution, I have change val of nOuterCorrectors parameter from 250; to 1000 in subDict PIMPLE.
In system/fvSolution, trying to change parameter D in subDict fields:
	In system/fvSolution, I have change val of D parameter from 0.1; to 0.1 in subDict fields.
In system/fvSolution, trying to change parameter DFinal in subDict fields:
	In system/fvSolution, I have change val of DFinal parameter from 0.1; to 1 in subDict fields.
In system/fvSolution, trying to change parameter omegaV in subDict fields:
	In system/fvSolution, I have change val of omegaV parameter from 0.1; to 1 in subDict fields.
In system/fvSolution, trying to change parameter omegaC in subDict fields:
--> FOAM IOWarning :
    Found [v1012] 'convertToMeters' entry instead of 'scale' in dictionary "system/blockMeshDict"

    This keyword is 156 months old.

Created 'V35_NOTmanyIter_3e-10_kOp_0.2_kCl_0.2_nu_0.15_mu0_219_muV1_600_mS_0.001_lambda_0.42_kH_16_kHB_17_r0_0.0018_per_9e-16.OpenFOAM'
No protocol specified
[3] [stack trace]
[3] =============
[3] #1  Foam::sigFpe::sigHandler(int) in /usr/lib/openfoam/openfoam2312/platforms/linux64GccDPInt32Opt/lib/libOpenFOAM.so
[3] #2  ? in /lib/x86_64-linux-gnu/libpthread.so.0
[3] #3  ? in /lib/x86_64-linux-gnu/libm.so.6
[3] #4  powf64 in /lib/x86_64-linux-gnu/libm.so.6
[3] #5  Foam::pow(Foam::Field<double>&, Foam::UList<double> const&, double const&) in /usr/lib/openfoam/openfoam2312/platforms/linux64GccDPInt32Opt/lib/libOpenFOAM.so
[3] #6  void Foam::pow<Foam::fvPatchField, Foam::volMesh>(Foam::GeometricField<double, Foam::fvPatchField, Foam::volMesh>&, Foam::GeometricField<double, Foam::fvPatchField, Foam::volMesh> const&, Foam::dimensioned<double> const&) in ~/OpenFOAM/hlavatyo-v2312/platforms/linux64GccDPInt32Opt/bin/breadBakingFoam
[3] #7  Foam::tmp<Foam::GeometricField<double, Foam::fvPatchField, Foam::volMesh> > Foam::pow<Foam::fvPatchField, Foam::volMesh>(Foam::GeometricField<double, Foam::fvPatchField, Foam::volMesh> const&, Foam::dimensioned<double> const&) in ~/OpenFOAM/hlavatyo-v2312/platforms/linux64GccDPInt32Opt/bin/breadBakingFoam
[3] #8  Foam::tmp<Foam::GeometricField<double, Foam::fvPatchField, Foam::volMesh> > Foam::pow<Foam::fvPatchField, Foam::volMesh>(Foam::GeometricField<double, Foam::fvPatchField, Foam::volMesh> const&, double const&) in ~/OpenFOAM/hlavatyo-v2312/platforms/linux64GccDPInt32Opt/bin/breadBakingFoam
[3] #9  ? in ~/OpenFOAM/hlavatyo-v2312/platforms/linux64GccDPInt32Opt/bin/breadBakingFoam
[3] #10  __libc_start_main in /lib/x86_64-linux-gnu/libc.so.6
[3] #11  ? in ~/OpenFOAM/hlavatyo-v2312/platforms/linux64GccDPInt32Opt/bin/breadBakingFoam
[3] =============
[butterfly:2253654] *** Process received signal ***
[butterfly:2253654] Signal: Floating point exception (8)
[butterfly:2253654] Signal code:  (-6)
[butterfly:2253654] Failing at address: 0x19800226356
[butterfly:2253654] [ 0] /lib/x86_64-linux-gnu/libpthread.so.0(+0x14420)[0x1547a2751420]
[butterfly:2253654] [ 1] /lib/x86_64-linux-gnu/libpthread.so.0(raise+0xcb)[0x1547a27512ab]
[butterfly:2253654] [ 2] /lib/x86_64-linux-gnu/libpthread.so.0(+0x14420)[0x1547a2751420]
[butterfly:2253654] [ 3] /lib/x86_64-linux-gnu/libm.so.6(+0x7c470)[0x1547a27f9470]
[butterfly:2253654] [ 4] /lib/x86_64-linux-gnu/libm.so.6(powf64+0x18)[0x1547a27be278]
[butterfly:2253654] [ 5] /usr/lib/openfoam/openfoam2312/platforms/linux64GccDPInt32Opt/lib/libOpenFOAM.so(_ZN4Foam3powERNS_5FieldIdEERKNS_5UListIdEERKd+0x39)[0x1547a33d7b09]
[butterfly:2253654] [ 6] breadBakingFoam(_ZN4Foam3powINS_12fvPatchFieldENS_7volMeshEEEvRNS_14GeometricFieldIdT_T0_EERKS6_RKNS_11dimensionedIdEE+0x9f)[0x560bd1d3294f]
[butterfly:2253654] [ 7] breadBakingFoam(_ZN4Foam3powINS_12fvPatchFieldENS_7volMeshEEENS_3tmpINS_14GeometricFieldIdT_T0_EEEERKS7_RKNS_11dimensionedIdEE+0x2ab)[0x560bd1d8740b]
[butterfly:2253654] [ 8] breadBakingFoam(_ZN4Foam3powINS_12fvPatchFieldENS_7volMeshEEENS_3tmpINS_14GeometricFieldIdT_T0_EEEERKS7_RKd+0x5f)[0x560bd1d8763f]
[butterfly:2253654] [ 9] breadBakingFoam(+0x3de6e)[0x560bd1d0be6e]
[butterfly:2253654] [10] /lib/x86_64-linux-gnu/libc.so.6(__libc_start_main+0xf3)[0x1547a256f083]
[butterfly:2253654] [11] breadBakingFoam(+0x4b0ee)[0x560bd1d190ee]
[butterfly:2253654] *** End of error message ***
--------------------------------------------------------------------------
Primary job  terminated normally, but 1 process returned
a non-zero exit code. Per user-direction, the job has been aborted.
--------------------------------------------------------------------------
--------------------------------------------------------------------------
mpirun noticed that process rank 3 with PID 0 on node butterfly exited on signal 8 (Floating point exception).
--------------------------------------------------------------------------
No protocol specified
No protocol specified
[3] [stack trace]
[3] =============
[3] #1  Foam::sigFpe::sigHandler(int) in /usr/lib/openfoam/openfoam2312/platforms/linux64GccDPInt32Opt/lib/libOpenFOAM.so
[3] #2  ? in /lib/x86_64-linux-gnu/libpthread.so.0
[3] #3  ? in /lib/x86_64-linux-gnu/libm.so.6
[3] #4  Foam::log(Foam::Field<double>&, Foam::UList<double> const&) in /usr/lib/openfoam/openfoam2312/platforms/linux64GccDPInt32Opt/lib/libOpenFOAM.so
[3] #5  void Foam::log<Foam::fvPatchField, Foam::volMesh>(Foam::GeometricField<double, Foam::fvPatchField, Foam::volMesh>&, Foam::GeometricField<double, Foam::fvPatchField, Foam::volMesh> const&) in /usr/lib/openfoam/openfoam2312/platforms/linux64GccDPInt32Opt/lib/libfiniteVolume.so
[3] #6  Foam::tmp<Foam::GeometricField<double, Foam::fvPatchField, Foam::volMesh> > Foam::log<Foam::fvPatchField, Foam::volMesh>(Foam::GeometricField<double, Foam::fvPatchField, Foam::volMesh> const&) in ~/OpenFOAM/hlavatyo-v2312/platforms/linux64GccDPInt32Opt/lib/libsolids4FoamModels.so
[3] #7  Foam::viscoBread::correct(Foam::GeometricField<Foam::SymmTensor<double>, Foam::fvPatchField, Foam::volMesh>&) in ~/OpenFOAM/hlavatyo-v2312/platforms/linux64GccDPInt32Opt/lib/libsolids4FoamModels.so
[3] #8  Foam::solidModels::breadBakingSolid::evolve() in ~/OpenFOAM/hlavatyo-v2312/platforms/linux64GccDPInt32Opt/lib/libsolids4FoamModels.so
[3] #9  ? in ~/OpenFOAM/hlavatyo-v2312/platforms/linux64GccDPInt32Opt/bin/breadBakingFoam
[3] #10  __libc_start_main in /lib/x86_64-linux-gnu/libc.so.6
[3] #11  ? in ~/OpenFOAM/hlavatyo-v2312/platforms/linux64GccDPInt32Opt/bin/breadBakingFoam
[3] =============
[butterfly:2526869] *** Process received signal ***
[butterfly:2526869] Signal: Floating point exception (8)
[butterfly:2526869] Signal code:  (-6)
[butterfly:2526869] Failing at address: 0x19800268e95
[butterfly:2526869] [ 0] /lib/x86_64-linux-gnu/libpthread.so.0(+0x14420)[0x1511e4d8c420]
[butterfly:2526869] [ 1] /lib/x86_64-linux-gnu/libpthread.so.0(raise+0xcb)[0x1511e4d8c2ab]
[butterfly:2526869] [ 2] /lib/x86_64-linux-gnu/libpthread.so.0(+0x14420)[0x1511e4d8c420]
[butterfly:2526869] [ 3] /lib/x86_64-linux-gnu/libm.so.6(+0x7c470)[0x1511e4e34470]
[butterfly:2526869] [ 4] /usr/lib/openfoam/openfoam2312/platforms/linux64GccDPInt32Opt/lib/libOpenFOAM.so(_ZN4Foam3logERNS_5FieldIdEERKNS_5UListIdEE+0x33)[0x1511e5a132c3]
[butterfly:2526869] [ 5] /usr/lib/openfoam/openfoam2312/platforms/linux64GccDPInt32Opt/lib/libfiniteVolume.so(_ZN4Foam3logINS_12fvPatchFieldENS_7volMeshEEEvRNS_14GeometricFieldIdT_T0_EERKS6_+0x45)[0x1511ea00a665]
[butterfly:2526869] [ 6] /butterfly1/hlavatyo/OpenFOAM/hlavatyo-v2312/platforms/linux64GccDPInt32Opt/lib/libsolids4FoamModels.so(_ZN4Foam3logINS_12fvPatchFieldENS_7volMeshEEENS_3tmpINS_14GeometricFieldIdT_T0_EEEERKS7_+0x183)[0x1511e6546643]
[butterfly:2526869] [ 7] /butterfly1/hlavatyo/OpenFOAM/hlavatyo-v2312/platforms/linux64GccDPInt32Opt/lib/libsolids4FoamModels.so(_ZN4Foam10viscoBread7correctERNS_14GeometricFieldINS_10SymmTensorIdEENS_12fvPatchFieldENS_7volMeshEEE+0xf06)[0x1511e653f756]
[butterfly:2526869] [ 8] /butterfly1/hlavatyo/OpenFOAM/hlavatyo-v2312/platforms/linux64GccDPInt32Opt/lib/libsolids4FoamModels.so(_ZN4Foam11solidModels16breadBakingSolid6evolveEv+0x447)[0x1511e62a1e87]
[butterfly:2526869] [ 9] breadBakingFoam(+0x45a29)[0x5642a62e8a29]
[butterfly:2526869] [10] /lib/x86_64-linux-gnu/libc.so.6(__libc_start_main+0xf3)[0x1511e4baa083]
[butterfly:2526869] [11] breadBakingFoam(+0x4b0ee)[0x5642a62ee0ee]
[butterfly:2526869] *** End of error message ***
--------------------------------------------------------------------------
Primary job  terminated normally, but 1 process returned
a non-zero exit code. Per user-direction, the job has been aborted.
--------------------------------------------------------------------------
--------------------------------------------------------------------------
mpirun noticed that process rank 3 with PID 0 on node butterfly exited on signal 8 (Floating point exception).
--------------------------------------------------------------------------
No protocol specified
[0] [stack trace]
[0] =============
[0] #1  Foam::sigFpe::sigHandler(int) in /usr/lib/openfoam/openfoam2312/platforms/linux64GccDPInt32Opt/lib/libOpenFOAM.so
[0] #2  ? in /lib/x86_64-linux-gnu/libpthread.so.0
[0] #3  ? in /lib/x86_64-linux-gnu/libm.so.6
[0] #4  powf64 in /lib/x86_64-linux-gnu/libm.so.6
[0] #5  Foam::pow(Foam::Field<double>&, Foam::UList<double> const&, double const&) in /usr/lib/openfoam/openfoam2312/platforms/linux64GccDPInt32Opt/lib/libOpenFOAM.so
[0] #6  void Foam::pow<Foam::fvPatchField, Foam::volMesh>(Foam::GeometricField<double, Foam::fvPatchField, Foam::volMesh>&, Foam::GeometricField<double, Foam::fvPatchField, Foam::volMesh> const&, Foam::dimensioned<double> const&) in ~/OpenFOAM/hlavatyo-v2312/platforms/linux64GccDPInt32Opt/bin/breadBakingFoam
[0] #7  Foam::tmp<Foam::GeometricField<double, Foam::fvPatchField, Foam::volMesh> > Foam::pow<Foam::fvPatchField, Foam::volMesh>(Foam::tmp<Foam::GeometricField<double, Foam::fvPatchField, Foam::volMesh> > const&, Foam::dimensioned<double> const&) in ~/OpenFOAM/hlavatyo-v2312/platforms/linux64GccDPInt32Opt/bin/breadBakingFoam
[0] #8  Foam::tmp<Foam::GeometricField<double, Foam::fvPatchField, Foam::volMesh> > Foam::pow<Foam::fvPatchField, Foam::volMesh>(Foam::tmp<Foam::GeometricField<double, Foam::fvPatchField, Foam::volMesh> > const&, double const&) in ~/OpenFOAM/hlavatyo-v2312/platforms/linux64GccDPInt32Opt/bin/breadBakingFoam
[0] #9  ? in ~/OpenFOAM/hlavatyo-v2312/platforms/linux64GccDPInt32Opt/bin/breadBakingFoam
[0] #10  __libc_start_main in /lib/x86_64-linux-gnu/libc.so.6
[0] #11  ? in ~/OpenFOAM/hlavatyo-v2312/platforms/linux64GccDPInt32Opt/bin/breadBakingFoam
[0] =============
[butterfly:2530181] *** Process received signal ***
[butterfly:2530181] Signal: Floating point exception (8)
[butterfly:2530181] Signal code:  (-6)
[butterfly:2530181] Failing at address: 0x19800269b85
[butterfly:2530181] [ 0] /lib/x86_64-linux-gnu/libpthread.so.0(+0x14420)[0x14e107642420]
[butterfly:2530181] [ 1] /lib/x86_64-linux-gnu/libpthread.so.0(raise+0xcb)[0x14e1076422ab]
[butterfly:2530181] [ 2] /lib/x86_64-linux-gnu/libpthread.so.0(+0x14420)[0x14e107642420]
[butterfly:2530181] [ 3] /lib/x86_64-linux-gnu/libm.so.6(+0x7c470)[0x14e1076ea470]
[butterfly:2530181] [ 4] /lib/x86_64-linux-gnu/libm.so.6(powf64+0x18)[0x14e1076af278]
[butterfly:2530181] [ 5] /usr/lib/openfoam/openfoam2312/platforms/linux64GccDPInt32Opt/lib/libOpenFOAM.so(_ZN4Foam3powERNS_5FieldIdEERKNS_5UListIdEERKd+0x39)[0x14e1082c8b09]
[butterfly:2530181] [ 6] breadBakingFoam(_ZN4Foam3powINS_12fvPatchFieldENS_7volMeshEEEvRNS_14GeometricFieldIdT_T0_EERKS6_RKNS_11dimensionedIdEE+0x4c)[0x55e1737dd8fc]
[butterfly:2530181] [ 7] breadBakingFoam(_ZN4Foam3powINS_12fvPatchFieldENS_7volMeshEEENS_3tmpINS_14GeometricFieldIdT_T0_EEEERKS8_RKNS_11dimensionedIdEE+0x2a3)[0x55e1738371a3]
[butterfly:2530181] [ 8] breadBakingFoam(_ZN4Foam3powINS_12fvPatchFieldENS_7volMeshEEENS_3tmpINS_14GeometricFieldIdT_T0_EEEERKS8_RKd+0x5f)[0x55e1738373df]
[butterfly:2530181] [ 9] breadBakingFoam(+0x3ca3c)[0x55e1737b5a3c]
[butterfly:2530181] [10] /lib/x86_64-linux-gnu/libc.so.6(__libc_start_main+0xf3)[0x14e107460083]
[butterfly:2530181] [11] breadBakingFoam(+0x4b0ee)[0x55e1737c40ee]
[butterfly:2530181] *** End of error message ***
--------------------------------------------------------------------------
Primary job  terminated normally, but 1 process returned
a non-zero exit code. Per user-direction, the job has been aborted.
--------------------------------------------------------------------------
--------------------------------------------------------------------------
mpirun noticed that process rank 0 with PID 0 on node butterfly exited on signal 8 (Floating point exception).
--------------------------------------------------------------------------
No protocol specified
No protocol specified
No protocol specified
No protocol specified
No protocol specified
No protocol specified
No protocol specified
No protocol specified
	In system/fvSolution, I have change val of omegaC parameter from 0.1; to 1 in subDict fields.
In system/fvSolution, trying to change parameter pG in subDict fields:
	In system/fvSolution, I have change val of pG parameter from 0.1; to 1 in subDict fields.
In constant/mechanicalProperties, trying to change parameter E in subDict bread:
	In constant/mechanicalProperties, I have change val of E parameter from 12000; to 10000 in subDict bread.
In constant/mechanicalProperties, trying to change parameter mu0Raw in subDict bread:
	In constant/mechanicalProperties, I have change val of mu0Raw parameter from 300; to 219 in subDict bread.
In constant/mechanicalProperties, trying to change parameter kappa0Raw in subDict bread:
	In constant/mechanicalProperties, I have change val of kappa0Raw parameter from 1000; to 93.85714285714286 in subDict bread.
In constant/mechanicalProperties, trying to change parameter muV1Raw in subDict bread:
	In constant/mechanicalProperties, I have change val of muV1Raw parameter from 3000; to 600 in subDict bread.
In constant/mechanicalProperties, trying to change parameter muV2Raw in subDict bread:
	In constant/mechanicalProperties, I have change val of muV2Raw parameter from 3000; to 0 in subDict bread.
In constant/mechanicalProperties, trying to change parameter kappaVRaw in subDict bread:
	In constant/mechanicalProperties, I have change val of kappaVRaw parameter from 6000; to 257.14285714285717 in subDict bread.
In constant/mechanicalProperties, trying to change parameter mu0Baked in subDict bread:
	In constant/mechanicalProperties, I have change val of mu0Baked parameter from 12500; to 2190 in subDict bread.
In constant/mechanicalProperties, trying to change parameter kappa0Baked in subDict bread:
	In constant/mechanicalProperties, I have change val of kappa0Baked parameter from 40000; to 938.5714285714287 in subDict bread.
In constant/mechanicalProperties, trying to change parameter tau1 in subDict bread:
	In constant/mechanicalProperties, I have change val of tau1 parameter from 1; to 15 in subDict bread.
In constant/mechanicalProperties, trying to change parameter tau2 in subDict bread:
	In constant/mechanicalProperties, I have change val of tau2 parameter from 1; to 1 in subDict bread.
In constant/mechanicalProperties, trying to change parameter tGelat in subDict bread:
	In constant/mechanicalProperties, I have change val of tGelat parameter from 65; to 65 in subDict bread.
I will execute commands in ../ZZ_cases/2026/V29/exp0_nonDef_False/V35_NOTmanyIter_3e-10_kOp_0.2_kCl_0.2_nu_0.15_mu0_219_muV1_600_mS_0.001_lambda_0.42_kH_16_kHB_17_r0_0.0018_per_9e-16/:
	1. chmod 755 ./* -R
	2. blockMesh > log.blockMesh
I will execute commands in ../ZZ_cases/2026/V29/exp0_nonDef_False/V35_NOTmanyIter_3e-10_kOp_0.2_kCl_0.2_nu_0.15_mu0_219_muV1_600_mS_0.001_lambda_0.42_kH_16_kHB_17_r0_0.0018_per_9e-16/:
	1. extrudeMesh > log.extrudeMesh
	2. rm -rf 0
	3. cp -r 0.org 0
	4. paraFoam -touch
In system/decomposeParDict, trying to change parameter numberOfSubdomains in subDict :
	In system/decomposeParDict, I have change val of numberOfSubdomains parameter from 2; to 8 in subDict .
I will execute commands in ../ZZ_cases/2026/V29/exp0_nonDef_False/V35_NOTmanyIter_3e-10_kOp_0.2_kCl_0.2_nu_0.15_mu0_219_muV1_600_mS_0.001_lambda_0.42_kH_16_kHB_17_r0_0.0018_per_9e-16/:
	1. decomposePar > log.decomposePar
	2. foamJob -parallel -screen breadBakingFoam > log.breadBakingFoam
In system/controlDict, trying to change parameter endTime in subDict :
	In system/controlDict, I have change val of endTime parameter from 2400; to 2850 in subDict .
In system/controlDict, trying to change parameter deltaT in subDict :
	In system/controlDict, I have change val of deltaT parameter from 10; to 2 in subDict .
In system/fvSolution, trying to change parameter nOuterCorrectors in subDict PIMPLE:
	In system/fvSolution, I have change val of nOuterCorrectors parameter from 1000; to 400 in subDict PIMPLE.
In system/fvSolution, trying to change parameter omegaV in subDict fields:
	In system/fvSolution, I have change val of omegaV parameter from 1; to 0.2 in subDict fields.
In system/fvSolution, trying to change parameter omegaC in subDict fields:
	In system/fvSolution, I have change val of omegaC parameter from 1; to 0.2 in subDict fields.
In system/fvSolution, trying to change parameter pG in subDict fields:
	In system/fvSolution, I have change val of pG parameter from 1; to 0.2 in subDict fields.
In system/controlDict, trying to change parameter writeInterval in subDict :
	In system/controlDict, I have change val of writeInterval parameter from 200; to 20 in subDict .
	In system/controlDict, I have change val of writeInterval parameter from 200; to 20 in subDict .
I will execute commands in ../ZZ_cases/2026/V29/exp0_nonDef_False/V35_NOTmanyIter_3e-10_kOp_0.2_kCl_0.2_nu_0.15_mu0_219_muV1_600_mS_0.001_lambda_0.42_kH_16_kHB_17_r0_0.0018_per_9e-16/:
	1. foamJob -parallel -screen breadBakingFoam > log.breadBakingFoam_2
In system/controlDict, trying to change parameter endTime in subDict :
	In system/controlDict, I have change val of endTime parameter from 2850; to 3650 in subDict .
In system/controlDict, trying to change parameter deltaT in subDict :
	In system/controlDict, I have change val of deltaT parameter from 2; to 1 in subDict .
In constant/transportProperties, trying to change parameter withDeformation in subDict :
	In constant/transportProperties, I have change val of withDeformation parameter from 1; to 0 in subDict .
In system/fvSolution, trying to change parameter omegaV in subDict fields:
	In system/fvSolution, I have change val of omegaV parameter from 0.2; to 0.1 in subDict fields.
In system/fvSolution, trying to change parameter pG in subDict fields:
	In system/fvSolution, I have change val of pG parameter from 0.2; to 0.1 in subDict fields.
In system/fvSolution, trying to change parameter nOuterCorrectors in subDict PIMPLE:
	In system/fvSolution, I have change val of nOuterCorrectors parameter from 400; to 50 in subDict PIMPLE.
I will execute commands in ../ZZ_cases/2026/V29/exp0_nonDef_False/V35_NOTmanyIter_3e-10_kOp_0.2_kCl_0.2_nu_0.15_mu0_219_muV1_600_mS_0.001_lambda_0.42_kH_16_kHB_17_r0_0.0018_per_9e-16/:
	1. foamJob -parallel -screen breadBakingFoam > log.breadBakingFoam_3
Found OpenFOAMCase parallel times are:
	[0.0, 1000.0, 2460.0, 2540.0, 2480.0, 800.0, 2400.0, 1600.0, 2000.0, 2440.0, 1200.0, 1400.0, 2420.0, 1800.0, 2520.0, 200.0, 2200.0, 400.0, 2500.0, 2560.0, 600.0],
latestTime:
	2560
I will execute commands in ../ZZ_cases/2026/V29/exp0_nonDef_False/V35_NOTmanyIter_3e-10_kOp_0.2_kCl_0.2_nu_0.15_mu0_219_muV1_600_mS_0.001_lambda_0.42_kH_16_kHB_17_r0_0.0018_per_9e-16/:
	1. rm -rf processor*/0
	2. foamJob -parallel -screen postProcess -func "probeOur" -dict system/probeOur > log.postProcess
	3. foamJob -parallel -screen TLFProbe -point "(1e-3 1e-3 0)" > log.TPoint6
	4. foamJob -parallel -screen intMoisture > log.intMoisture
	5. foamJob -parallel -screen intWeigth > log.intWeigth
I will execute commands in ../ZZ_cases/2026/V29/exp0_nonDef_False/V35_NOTmanyIter_3e-10_kOp_0.2_kCl_0.2_nu_0.15_mu0_219_muV1_600_mS_0.001_lambda_0.42_kH_16_kHB_17_r0_0.0018_per_9e-16/:
	1. foamJob -parallel -screen TLFProbe -point "(0.0445 0.03128 0)" > log.TPoint1
I will execute commands in ../ZZ_cases/2026/V29/exp0_nonDef_False/V35_NOTmanyIter_3e-10_kOp_0.2_kCl_0.2_nu_0.15_mu0_219_muV1_600_mS_0.001_lambda_0.42_kH_16_kHB_17_r0_0.0018_per_9e-16/:
	1. foamJob -parallel -screen TLFProbe -point "(0.0435 0.010417 0)" > log.TPoint2
I will execute commands in ../ZZ_cases/2026/V29/exp0_nonDef_False/V35_NOTmanyIter_3e-10_kOp_0.2_kCl_0.2_nu_0.15_mu0_219_muV1_600_mS_0.001_lambda_0.42_kH_16_kHB_17_r0_0.0018_per_9e-16/:
	1. foamJob -parallel -screen TLFProbe -point "(0.0336 0.025907 0)" > log.TPoint3
I will execute commands in ../ZZ_cases/2026/V29/exp0_nonDef_False/V35_NOTmanyIter_3e-10_kOp_0.2_kCl_0.2_nu_0.15_mu0_219_muV1_600_mS_0.001_lambda_0.42_kH_16_kHB_17_r0_0.0018_per_9e-16/:
	1. foamJob -parallel -screen TLFProbe -point "(0.0146 0.047604 0)" > log.TPoint4
Loading all sheets from: ../Experiments2026/10_02_2026/Lab_test_2026_02_10.xlsm
  Sheet 'DATALOG': 32538 rows × 5 columns
  Sheet 'Data_Termo_1': 11554 rows × 25 columns
  Sheet 'Data_Termo_2': 6241 rows × 25 columns
  Sheet 'Data_Termo_3': 2547 rows × 25 columns
Loading all sheets from: ../Experiments2026/10_02_2026/Exp_2/opcua_log_20260210_144124.xlsx
  Sheet 'Sheet1': 1338 rows × 8 columns
Loading all sheets from: ../Experiments2026/10_02_2026/Lab_test_2026_02_10.xlsm
  Sheet 'DATALOG': 32538 rows × 5 columns
  Sheet 'Data_Termo_1': 11554 rows × 25 columns
  Sheet 'Data_Termo_2': 6241 rows × 25 columns
  Sheet 'Data_Termo_3': 2547 rows × 25 columns
Loading all sheets from: ../Experiments2026/10_02_2026/Exp_3/opcua_log_20260210_153553.xlsx
  Sheet 'Sheet1': 893 rows × 8 columns
Loading all sheets from: ../Experiments2026/11_02_2026/Lab_test_2026_02_11.xlsm
  Sheet 'Thermometers': 19 rows × 10 columns
  Sheet 'DATALOG': 19196 rows × 5 columns
  Sheet 'Data_Termo_1': 14022 rows × 25 columns
  Sheet 'Data_Termo_2': 10978 rows × 25 columns
  Sheet 'Data_Termo_3': 7613 rows × 25 columns
  Sheet 'Data_Termo_4': 3804 rows × 25 columns
Loading all sheets from: ../Experiments2026/11_02_2026/Exp_1/opcua_log_20260211_115313.xlsx
  Sheet 'Sheet1': 767 rows × 8 columns
Loading all sheets from: ../Experiments2026/11_02_2026/Lab_test_2026_02_11.xlsm
  Sheet 'Thermometers': 19 rows × 10 columns
  Sheet 'DATALOG': 19196 rows × 5 columns
  Sheet 'Data_Termo_1': 14022 rows × 25 columns
  Sheet 'Data_Termo_2': 10978 rows × 25 columns
  Sheet 'Data_Termo_3': 7613 rows × 25 columns
  Sheet 'Data_Termo_4': 3804 rows × 25 columns
Loading all sheets from: ../Experiments2026/11_02_2026/Exp_2/opcua_log_20260211_125251.xlsx
  Sheet 'Sheet1': 836 rows × 8 columns
Loading all sheets from: ../Experiments2026/11_02_2026/Lab_test_2026_02_11.xlsm
  Sheet 'Thermometers': 19 rows × 10 columns
  Sheet 'DATALOG': 19196 rows × 5 columns
  Sheet 'Data_Termo_1': 14022 rows × 25 columns
  Sheet 'Data_Termo_2': 10978 rows × 25 columns
  Sheet 'Data_Termo_3': 7613 rows × 25 columns
  Sheet 'Data_Termo_4': 3804 rows × 25 columns
Loading all sheets from: ../Experiments2026/11_02_2026/Exp_3/opcua_log_20260211_135519.xlsx
  Sheet 'Sheet1': 773 rows × 8 columns
Loading all sheets from: ../Experiments2026/11_02_2026/Lab_test_2026_02_11.xlsm
  Sheet 'Thermometers': 19 rows × 10 columns
  Sheet 'DATALOG': 19196 rows × 5 columns
  Sheet 'Data_Termo_1': 14022 rows × 25 columns
  Sheet 'Data_Termo_2': 10978 rows × 25 columns
  Sheet 'Data_Termo_3': 7613 rows × 25 columns
  Sheet 'Data_Termo_4': 3804 rows × 25 columns
Loading all sheets from: ../Experiments2026/11_02_2026/Exp_4/opcua_log_20260211_150638.xlsx
  Sheet 'Sheet1': 907 rows × 8 columns
[[2.00000000e+02 6.43742174e-03]
 [4.00000000e+02 6.43742453e-03]
 [6.00000000e+02 6.43742812e-03]
 [8.00000000e+02 6.43743269e-03]
 [1.00000000e+03 6.43743844e-03]
 [1.20000000e+03 6.43744549e-03]
 [1.40000000e+03 6.43745392e-03]
 [1.60000000e+03 6.43746377e-03]
 [1.80000000e+03 6.43747507e-03]
 [2.00000000e+03 6.43748789e-03]
 [2.20000000e+03 6.43750233e-03]
 [2.40000000e+03 6.43751849e-03]
 [2.42000000e+03 6.43755334e-03]
 [2.44000000e+03 6.43760773e-03]
 [2.46000000e+03 6.43773618e-03]
 [2.48000000e+03 6.43778181e-03]
 [2.50000000e+03 6.43782115e-03]
 [2.52000000e+03 6.43786117e-03]
 [2.54000000e+03 6.43790221e-03]
 [2.56000000e+03 6.43794506e-03]]
(20, 2)
--------------------------------------------------------------------------
Primary job  terminated normally, but 1 process returned
a non-zero exit code. Per user-direction, the job has been aborted.
--------------------------------------------------------------------------
--------------------------------------------------------------------------
mpirun noticed that process rank 0 with PID 0 on node butterfly exited on signal 15 (Terminated).
--------------------------------------------------------------------------
No protocol specified
--------------------------------------------------------------------------
Primary job  terminated normally, but 1 process returned
a non-zero exit code. Per user-direction, the job has been aborted.
--------------------------------------------------------------------------
--------------------------------------------------------------------------
mpirun noticed that process rank 1 with PID 0 on node butterfly exited on signal 15 (Terminated).
--------------------------------------------------------------------------
No protocol specified
No protocol specified
No protocol specified
No protocol specified
No protocol specified
No protocol specified
No protocol specified
No protocol specified
	In system/fvSolution, I have change val of omegaC parameter from 0.1; to 0.5 in subDict fields.
In system/fvSolution, trying to change parameter pG in subDict fields:
	In system/fvSolution, I have change val of pG parameter from 0.1; to 0.5 in subDict fields.
In constant/mechanicalProperties, trying to change parameter E in subDict bread:
	In constant/mechanicalProperties, I have change val of E parameter from 12000; to 10000 in subDict bread.
In constant/mechanicalProperties, trying to change parameter mu0Raw in subDict bread:
	In constant/mechanicalProperties, I have change val of mu0Raw parameter from 300; to 219 in subDict bread.
In constant/mechanicalProperties, trying to change parameter kappa0Raw in subDict bread:
	In constant/mechanicalProperties, I have change val of kappa0Raw parameter from 1000; to 93.85714285714286 in subDict bread.
In constant/mechanicalProperties, trying to change parameter muV1Raw in subDict bread:
	In constant/mechanicalProperties, I have change val of muV1Raw parameter from 3000; to 600 in subDict bread.
In constant/mechanicalProperties, trying to change parameter muV2Raw in subDict bread:
	In constant/mechanicalProperties, I have change val of muV2Raw parameter from 3000; to 0 in subDict bread.
In constant/mechanicalProperties, trying to change parameter kappaVRaw in subDict bread:
	In constant/mechanicalProperties, I have change val of kappaVRaw parameter from 6000; to 257.14285714285717 in subDict bread.
In constant/mechanicalProperties, trying to change parameter mu0Baked in subDict bread:
	In constant/mechanicalProperties, I have change val of mu0Baked parameter from 12500; to 2190 in subDict bread.
In constant/mechanicalProperties, trying to change parameter kappa0Baked in subDict bread:
	In constant/mechanicalProperties, I have change val of kappa0Baked parameter from 40000; to 938.5714285714287 in subDict bread.
In constant/mechanicalProperties, trying to change parameter tau1 in subDict bread:
	In constant/mechanicalProperties, I have change val of tau1 parameter from 1; to 15 in subDict bread.
In constant/mechanicalProperties, trying to change parameter tau2 in subDict bread:
	In constant/mechanicalProperties, I have change val of tau2 parameter from 1; to 1 in subDict bread.
In constant/mechanicalProperties, trying to change parameter tGelat in subDict bread:
	In constant/mechanicalProperties, I have change val of tGelat parameter from 65; to 65 in subDict bread.
I will execute commands in ../ZZ_cases/2026/V29/exp0_nonDef_False/V37_manyIter_3e-10_kOp_0.2_kCl_0.2_nu_0.15_mu0_219_muV1_600_mS_0.00025_lambda_0.42_kH_16_kHB_17_r0_0.0018_per_9e-16/:
	1. chmod 755 ./* -R
	2. blockMesh > log.blockMesh
I will execute commands in ../ZZ_cases/2026/V29/exp0_nonDef_False/V37_manyIter_3e-10_kOp_0.2_kCl_0.2_nu_0.15_mu0_219_muV1_600_mS_0.00025_lambda_0.42_kH_16_kHB_17_r0_0.0018_per_9e-16/:
	1. extrudeMesh > log.extrudeMesh
	2. rm -rf 0
	3. cp -r 0.org 0
	4. paraFoam -touch
In system/decomposeParDict, trying to change parameter numberOfSubdomains in subDict :
	In system/decomposeParDict, I have change val of numberOfSubdomains parameter from 2; to 8 in subDict .
I will execute commands in ../ZZ_cases/2026/V29/exp0_nonDef_False/V37_manyIter_3e-10_kOp_0.2_kCl_0.2_nu_0.15_mu0_219_muV1_600_mS_0.00025_lambda_0.42_kH_16_kHB_17_r0_0.0018_per_9e-16/:
	1. decomposePar > log.decomposePar
	2. foamJob -parallel -screen breadBakingFoam > log.breadBakingFoam
In system/controlDict, trying to change parameter endTime in subDict :
	In system/controlDict, I have change val of endTime parameter from 2400; to 2850 in subDict .
In system/controlDict, trying to change parameter deltaT in subDict :
	In system/controlDict, I have change val of deltaT parameter from 40; to 2 in subDict .
In system/fvSolution, trying to change parameter nOuterCorrectors in subDict PIMPLE:
	In system/fvSolution, I have change val of nOuterCorrectors parameter from 4000; to 2000 in subDict PIMPLE.
In system/fvSolution, trying to change parameter omegaV in subDict fields:
	In system/fvSolution, I have change val of omegaV parameter from 0.5; to 0.2 in subDict fields.
In system/fvSolution, trying to change parameter omegaC in subDict fields:
	In system/fvSolution, I have change val of omegaC parameter from 0.5; to 0.2 in subDict fields.
In system/fvSolution, trying to change parameter pG in subDict fields:
	In system/fvSolution, I have change val of pG parameter from 0.5; to 0.2 in subDict fields.
In system/controlDict, trying to change parameter writeInterval in subDict :
	In system/controlDict, I have change val of writeInterval parameter from 200; to 20 in subDict .
	In system/controlDict, I have change val of writeInterval parameter from 200; to 20 in subDict .
I will execute commands in ../ZZ_cases/2026/V29/exp0_nonDef_False/V37_manyIter_3e-10_kOp_0.2_kCl_0.2_nu_0.15_mu0_219_muV1_600_mS_0.00025_lambda_0.42_kH_16_kHB_17_r0_0.0018_per_9e-16/:
	1. foamJob -parallel -screen breadBakingFoam > log.breadBakingFoam_2
In system/controlDict, trying to change parameter endTime in subDict :
	In system/controlDict, I have change val of endTime parameter from 2850; to 3650 in subDict .
In system/controlDict, trying to change parameter deltaT in subDict :
	In system/controlDict, I have change val of deltaT parameter from 2; to 1 in subDict .
In constant/transportProperties, trying to change parameter withDeformation in subDict :
	In constant/transportProperties, I have change val of withDeformation parameter from 1; to 0 in subDict .
In system/fvSolution, trying to change parameter omegaV in subDict fields:
	In system/fvSolution, I have change val of omegaV parameter from 0.2; to 0.1 in subDict fields.
In system/fvSolution, trying to change parameter pG in subDict fields:
	In system/fvSolution, I have change val of pG parameter from 0.2; to 0.1 in subDict fields.
In system/fvSolution, trying to change parameter nOuterCorrectors in subDict PIMPLE:
	In system/fvSolution, I have change val of nOuterCorrectors parameter from 2000; to 50 in subDict PIMPLE.
I will execute commands in ../ZZ_cases/2026/V29/exp0_nonDef_False/V37_manyIter_3e-10_kOp_0.2_kCl_0.2_nu_0.15_mu0_219_muV1_600_mS_0.00025_lambda_0.42_kH_16_kHB_17_r0_0.0018_per_9e-16/:
	1. foamJob -parallel -screen breadBakingFoam > log.breadBakingFoam_3
Found OpenFOAMCase parallel times are:
	[2160.0, 2020.0, 2140.0, 0.0, 1880.0, 2100.0, 1000.0, 1840.0, 800.0, 1600.0, 1820.0, 1920.0, 2000.0, 1960.0, 2180.0, 1200.0, 1400.0, 1800.0, 1980.0, 200.0, 400.0, 2120.0, 1940.0, 2040.0, 2080.0, 1860.0, 1900.0, 600.0, 2060.0],
latestTime:
	2180
I will execute commands in ../ZZ_cases/2026/V29/exp0_nonDef_False/V37_manyIter_3e-10_kOp_0.2_kCl_0.2_nu_0.15_mu0_219_muV1_600_mS_0.00025_lambda_0.42_kH_16_kHB_17_r0_0.0018_per_9e-16/:
	1. rm -rf processor*/0
	2. foamJob -parallel -screen postProcess -func "probeOur" -dict system/probeOur > log.postProcess
	3. foamJob -parallel -screen TLFProbe -point "(1e-3 1e-3 0)" > log.TPoint6
	4. foamJob -parallel -screen intMoisture > log.intMoisture
	5. foamJob -parallel -screen intWeigth > log.intWeigth
I will execute commands in ../ZZ_cases/2026/V29/exp0_nonDef_False/V37_manyIter_3e-10_kOp_0.2_kCl_0.2_nu_0.15_mu0_219_muV1_600_mS_0.00025_lambda_0.42_kH_16_kHB_17_r0_0.0018_per_9e-16/:
	1. foamJob -parallel -screen TLFProbe -point "(0.0445 0.03128 0)" > log.TPoint1
I will execute commands in ../ZZ_cases/2026/V29/exp0_nonDef_False/V37_manyIter_3e-10_kOp_0.2_kCl_0.2_nu_0.15_mu0_219_muV1_600_mS_0.00025_lambda_0.42_kH_16_kHB_17_r0_0.0018_per_9e-16/:
	1. foamJob -parallel -screen TLFProbe -point "(0.0435 0.010417 0)" > log.TPoint2
I will execute commands in ../ZZ_cases/2026/V29/exp0_nonDef_False/V37_manyIter_3e-10_kOp_0.2_kCl_0.2_nu_0.15_mu0_219_muV1_600_mS_0.00025_lambda_0.42_kH_16_kHB_17_r0_0.0018_per_9e-16/:
	1. foamJob -parallel -screen TLFProbe -point "(0.0336 0.025907 0)" > log.TPoint3
I will execute commands in ../ZZ_cases/2026/V29/exp0_nonDef_False/V37_manyIter_3e-10_kOp_0.2_kCl_0.2_nu_0.15_mu0_219_muV1_600_mS_0.00025_lambda_0.42_kH_16_kHB_17_r0_0.0018_per_9e-16/:
	1. foamJob -parallel -screen TLFProbe -point "(0.0146 0.047604 0)" > log.TPoint4
Loading all sheets from: ../Experiments2026/10_02_2026/Lab_test_2026_02_10.xlsm
  Sheet 'DATALOG': 32538 rows × 5 columns
  Sheet 'Data_Termo_1': 11554 rows × 25 columns
  Sheet 'Data_Termo_2': 6241 rows × 25 columns
  Sheet 'Data_Termo_3': 2547 rows × 25 columns
Loading all sheets from: ../Experiments2026/10_02_2026/Exp_2/opcua_log_20260210_144124.xlsx
  Sheet 'Sheet1': 1338 rows × 8 columns
Loading all sheets from: ../Experiments2026/10_02_2026/Lab_test_2026_02_10.xlsm
  Sheet 'DATALOG': 32538 rows × 5 columns
  Sheet 'Data_Termo_1': 11554 rows × 25 columns
  Sheet 'Data_Termo_2': 6241 rows × 25 columns
  Sheet 'Data_Termo_3': 2547 rows × 25 columns
Loading all sheets from: ../Experiments2026/10_02_2026/Exp_3/opcua_log_20260210_153553.xlsx
  Sheet 'Sheet1': 893 rows × 8 columns
Loading all sheets from: ../Experiments2026/11_02_2026/Lab_test_2026_02_11.xlsm
  Sheet 'Thermometers': 19 rows × 10 columns
  Sheet 'DATALOG': 19196 rows × 5 columns
  Sheet 'Data_Termo_1': 14022 rows × 25 columns
  Sheet 'Data_Termo_2': 10978 rows × 25 columns
  Sheet 'Data_Termo_3': 7613 rows × 25 columns
  Sheet 'Data_Termo_4': 3804 rows × 25 columns
Loading all sheets from: ../Experiments2026/11_02_2026/Exp_1/opcua_log_20260211_115313.xlsx
  Sheet 'Sheet1': 767 rows × 8 columns
Loading all sheets from: ../Experiments2026/11_02_2026/Lab_test_2026_02_11.xlsm
  Sheet 'Thermometers': 19 rows × 10 columns
  Sheet 'DATALOG': 19196 rows × 5 columns
  Sheet 'Data_Termo_1': 14022 rows × 25 columns
  Sheet 'Data_Termo_2': 10978 rows × 25 columns
  Sheet 'Data_Termo_3': 7613 rows × 25 columns
  Sheet 'Data_Termo_4': 3804 rows × 25 columns
Loading all sheets from: ../Experiments2026/11_02_2026/Exp_2/opcua_log_20260211_125251.xlsx
  Sheet 'Sheet1': 836 rows × 8 columns
Loading all sheets from: ../Experiments2026/11_02_2026/Lab_test_2026_02_11.xlsm
  Sheet 'Thermometers': 19 rows × 10 columns
  Sheet 'DATALOG': 19196 rows × 5 columns
  Sheet 'Data_Termo_1': 14022 rows × 25 columns
  Sheet 'Data_Termo_2': 10978 rows × 25 columns
  Sheet 'Data_Termo_3': 7613 rows × 25 columns
  Sheet 'Data_Termo_4': 3804 rows × 25 columns
Loading all sheets from: ../Experiments2026/11_02_2026/Exp_3/opcua_log_20260211_135519.xlsx
  Sheet 'Sheet1': 773 rows × 8 columns
Loading all sheets from: ../Experiments2026/11_02_2026/Lab_test_2026_02_11.xlsm
  Sheet 'Thermometers': 19 rows × 10 columns
  Sheet 'DATALOG': 19196 rows × 5 columns
  Sheet 'Data_Termo_1': 14022 rows × 25 columns
  Sheet 'Data_Termo_2': 10978 rows × 25 columns
  Sheet 'Data_Termo_3': 7613 rows × 25 columns
  Sheet 'Data_Termo_4': 3804 rows × 25 columns
Loading all sheets from: ../Experiments2026/11_02_2026/Exp_4/opcua_log_20260211_150638.xlsx
  Sheet 'Sheet1': 907 rows × 8 columns
[[2.00000000e+02 6.44085143e-03]
 [4.00000000e+02 6.44085423e-03]
 [6.00000000e+02 6.44085782e-03]
 [8.00000000e+02 6.44086239e-03]
 [1.00000000e+03 6.44086814e-03]
 [1.20000000e+03 6.44087519e-03]
 [1.40000000e+03 6.44088362e-03]
 [1.60000000e+03 6.44089346e-03]
 [1.80000000e+03 6.44090477e-03]
 [1.82000000e+03 6.44090668e-03]
 [1.84000000e+03 6.44090793e-03]
 [1.86000000e+03 6.44090918e-03]
 [1.88000000e+03 6.44091046e-03]
 [1.90000000e+03 6.44091174e-03]
 [1.92000000e+03 6.44091304e-03]
 [1.94000000e+03 6.44091436e-03]
 [1.96000000e+03 6.44091569e-03]
 [1.98000000e+03 6.44091705e-03]
 [2.00000000e+03 6.44091841e-03]
 [2.02000000e+03 6.44091980e-03]
 [2.04000000e+03 6.44092119e-03]
 [2.06000000e+03 6.44092260e-03]
 [2.08000000e+03 6.44092404e-03]
 [2.10000000e+03 6.44092548e-03]
 [2.12000000e+03 6.44092695e-03]
 [2.14000000e+03 6.44092843e-03]
 [2.16000000e+03 6.44092993e-03]
 [2.18000000e+03 6.44093144e-03]]
(28, 2)
--> FOAM IOWarning :
    Found [v1012] 'convertToMeters' entry instead of 'scale' in dictionary "system/blockMeshDict"

    This keyword is 156 months old.

Created '165_Dl_5e-11_kOp_0.2_kCl_0.2_torOp_2.4_torCl_70_lambdaS_0.42_R0_0.0198_perm_1.3e-14.OpenFOAM'
New OpenFOAMCase has been initialized, starting directory is:
	/butterfly2/hlavatyo/bread/breadBakingFoamTechMathGroup/pyCtrlScripts
OpenFOAMCase.baseCase has been set to :
	../tutorials/breadAx2D/
OpenFOAMCase directory has been changed from:
	../tutorials/breadAx2D/ to ../ZZ_cases/00_breads/165_Dl_5e-11_kOp_0.2_kCl_0.2_torOp_2.4_torCl_70_lambdaS_0.42_R0_0.0198_perm_1.3e-14/
OpenFOAMCase.baseDir has been copied to OpenFOAMCase.dir:
	 ../tutorials/breadAx2D/ --> ../ZZ_cases/00_breads/165_Dl_5e-11_kOp_0.2_kCl_0.2_torOp_2.4_torCl_70_lambdaS_0.42_R0_0.0198_perm_1.3e-14/
In 0.org/T, trying to change parameter alpha in subDict sides:
	In 0.org/T, I have change val of alpha parameter from 10; to 10 in subDict sides.
In 0.org/T, trying to change parameter alpha in subDict bottom:
	In 0.org/T, I have change val of alpha parameter from 10; to 10 in subDict bottom.
In constant/transportProperties, trying to change parameter withDeformation in subDict :
	In constant/transportProperties, I have change val of withDeformation parameter from 1; to 1 in subDict .
In constant/transportProperties, trying to change parameter permGLViscG in subDict :
	In constant/transportProperties, I have change val of permGLViscG parameter from 9e-13; to 1.3e-14 in subDict .
In constant/transportProperties, trying to change parameter tortOpen in subDict :
	In constant/transportProperties, I have change val of tortOpen parameter from 10; to 2.4 in subDict .
In constant/transportProperties, trying to change parameter tortClosed in subDict :
	In constant/transportProperties, I have change val of tortClosed parameter from 10; to 70 in subDict .
In constant/thermophysicalProperties, trying to change parameter lambda in subDict solid:
	In constant/thermophysicalProperties, I have change val of lambda parameter from 0.47; to 0.42 in subDict solid.
In constant/thermophysicalProperties, trying to change parameter rho in subDict solid:
	In constant/thermophysicalProperties, I have change val of rho parameter from 700; to 507 in subDict solid.
In constant/thermophysicalProperties, trying to change parameter Cp in subDict solid:
	In constant/thermophysicalProperties, I have change val of Cp parameter from 600; to 1130 in subDict solid.
In constant/thermophysicalProperties, trying to change parameter Cp in subDict liquid:
	In constant/thermophysicalProperties, I have change val of Cp parameter from 4200; to 4200 in subDict liquid.
In constant/thermophysicalProperties, trying to change parameter Cp in subDict CO2:
	In constant/thermophysicalProperties, I have change val of Cp parameter from 853; to 853 in subDict CO2.
In constant/thermophysicalProperties, trying to change parameter Cp in subDict vapor:
	In constant/thermophysicalProperties, I have change val of Cp parameter from 1878; to 1878 in subDict vapor.
In constant/thermophysicalProperties, trying to change parameter D in subDict transport:
	In constant/thermophysicalProperties, I have change val of D parameter from 5e-06; to 2.6e-05 in subDict transport.
In constant/thermophysicalProperties, trying to change parameter Dl in subDict transport:
	In constant/thermophysicalProperties, I have change val of Dl parameter from 5e-12; to 5e-11 in subDict transport.
	In constant/thermophysicalProperties, I have change val of Dl parameter from 1e-11; to 5e-11 in subDict transport.
	In constant/thermophysicalProperties, I have change val of Dl parameter from 8e-12; to 5e-11 in subDict transport.
	In constant/thermophysicalProperties, I have change val of Dl parameter from 1e-10; to 5e-11 in subDict transport.
	In constant/thermophysicalProperties, I have change val of Dl parameter from 2e-11; to 5e-11 in subDict transport.
In constant/reactiveProperties, trying to change parameter kMPCOpen in subDict evaporation:
	In constant/reactiveProperties, I have change val of kMPCOpen parameter from 0.42; to 0.2 in subDict evaporation.
In constant/reactiveProperties, trying to change parameter kMPCClosed in subDict evaporation:
	In constant/reactiveProperties, I have change val of kMPCClosed parameter from 0.42; to 0.2 in subDict evaporation.
In constant/reactiveProperties, trying to change parameter R0 in subDict fermentation:
	In constant/reactiveProperties, I have change val of R0 parameter from 0.0022; to 0.0198 in subDict fermentation.
In constant/reactiveProperties, trying to change parameter Tm in subDict fermentation:
	In constant/reactiveProperties, I have change val of Tm parameter from 314; to 313 in subDict fermentation.
In constant/reactiveProperties, trying to change parameter deltaT in subDict fermentation:
	In constant/reactiveProperties, I have change val of deltaT parameter from 10; to 10 in subDict fermentation.
In system/controlDict, trying to change parameter endTime in subDict :
	In system/controlDict, I have change val of endTime parameter from 900; to 360 in subDict .
In system/controlDict, trying to change parameter deltaT in subDict :
	In system/controlDict, I have change val of deltaT parameter from 1; to 1 in subDict .
In system/controlDict, trying to change parameter writeInterval in subDict :
	In system/controlDict, I have change val of writeInterval parameter from 20; to 10 in subDict .
	In system/controlDict, I have change val of writeInterval parameter from 20; to 10 in subDict .
In system/fvSolution, trying to change parameter nOuterCorrectors in subDict PIMPLE:
	In system/fvSolution, I have change val of nOuterCorrectors parameter from 250; to 100 in subDict PIMPLE.
In system/fvSolution, trying to change parameter D in subDict fields:
	In system/fvSolution, I have change val of D parameter from 0.1; to 0.1 in subDict fields.
In system/fvSolution, trying to change parameter DFinal in subDict fields:
	In system/fvSolution, I have change val of DFinal parameter from 0.1; to 1 in subDict fields.
In constant/mechanicalProperties, trying to change parameter E in subDict bread:
	In constant/mechanicalProperties, I have change val of E parameter from 12000; to 30000 in subDict bread.
In constant/mechanicalProperties, trying to change parameter mu0Raw in subDict bread:
	In constant/mechanicalProperties, I have change val of mu0Raw parameter from 300; to 219 in subDict bread.
In constant/mechanicalProperties, trying to change parameter kappa0Raw in subDict bread:
	In constant/mechanicalProperties, I have change val of kappa0Raw parameter from 1000; to 93.85714285714286 in subDict bread.
In constant/mechanicalProperties, trying to change parameter muV1Raw in subDict bread:
	In constant/mechanicalProperties, I have change val of muV1Raw parameter from 3000; to 600 in subDict bread.
In constant/mechanicalProperties, trying to change parameter muV2Raw in subDict bread:
	In constant/mechanicalProperties, I have change val of muV2Raw parameter from 3000; to 0 in subDict bread.
In constant/mechanicalProperties, trying to change parameter mu0Baked in subDict bread:
	In constant/mechanicalProperties, I have change val of mu0Baked parameter from 12500; to 219 in subDict bread.
In constant/mechanicalProperties, trying to change parameter kappa0Baked in subDict bread:
	In constant/mechanicalProperties, I have change val of kappa0Baked parameter from 40000; to 93.85714285714286 in subDict bread.
In constant/mechanicalProperties, trying to change parameter tau1 in subDict bread:
	In constant/mechanicalProperties, I have change val of tau1 parameter from 1; to 15 in subDict bread.
In constant/mechanicalProperties, trying to change parameter tau2 in subDict bread:
	In constant/mechanicalProperties, I have change val of tau2 parameter from 1; to 1 in subDict bread.
In constant/mechanicalProperties, trying to change parameter tGelat in subDict bread:
	In constant/mechanicalProperties, I have change val of tGelat parameter from 65; to 65 in subDict bread.
I will execute commands in ../ZZ_cases/00_breads/165_Dl_5e-11_kOp_0.2_kCl_0.2_torOp_2.4_torCl_70_lambdaS_0.42_R0_0.0198_perm_1.3e-14/:
	1. chmod 755 ./* -R
	2. blockMesh > log.blockMesh
	3. rm -rf 0
	4. cp -r 0.org 0
	5. paraFoam -touch
In system/decomposeParDict, trying to change parameter numberOfSubdomains in subDict :
No protocol specified
[0] [stack trace]
[0] =============
[0] #1  Foam::sigFpe::sigHandler(int) in /usr/lib/openfoam/openfoam2312/platforms/linux64GccDPInt32Opt/lib/libOpenFOAM.so
[0] #2  ? in /lib/x86_64-linux-gnu/libpthread.so.0
[0] #3  ? in /lib/x86_64-linux-gnu/libm.so.6
[0] #4  Foam::log(Foam::Field<double>&, Foam::UList<double> const&) in /usr/lib/openfoam/openfoam2312/platforms/linux64GccDPInt32Opt/lib/libOpenFOAM.so
[0] #5  void Foam::log<Foam::fvPatchField, Foam::volMesh>(Foam::GeometricField<double, Foam::fvPatchField, Foam::volMesh>&, Foam::GeometricField<double, Foam::fvPatchField, Foam::volMesh> const&) in /usr/lib/openfoam/openfoam2312/platforms/linux64GccDPInt32Opt/lib/libfiniteVolume.so
[0] #6  Foam::tmp<Foam::GeometricField<double, Foam::fvPatchField, Foam::volMesh> > Foam::log<Foam::fvPatchField, Foam::volMesh>(Foam::GeometricField<double, Foam::fvPatchField, Foam::volMesh> const&) in ~/OpenFOAM/hlavatyo-v2312/platforms/linux64GccDPInt32Opt/lib/libsolids4FoamModels.so
[0] #7  Foam::viscoBread::correct(Foam::GeometricField<Foam::SymmTensor<double>, Foam::fvPatchField, Foam::volMesh>&) in ~/OpenFOAM/hlavatyo-v2312/platforms/linux64GccDPInt32Opt/lib/libsolids4FoamModels.so
[0] #8  Foam::solidModels::breadBakingSolid::evolve() in ~/OpenFOAM/hlavatyo-v2312/platforms/linux64GccDPInt32Opt/lib/libsolids4FoamModels.so
[0] #9  ? in ~/OpenFOAM/hlavatyo-v2312/platforms/linux64GccDPInt32Opt/bin/breadBakingFoam
[0] #10  __libc_start_main in /lib/x86_64-linux-gnu/libc.so.6
[0] #11  ? in ~/OpenFOAM/hlavatyo-v2312/platforms/linux64GccDPInt32Opt/bin/breadBakingFoam
[0] =============
[butterfly:3933091] *** Process received signal ***
[butterfly:3933091] Signal: Floating point exception (8)
[butterfly:3933091] Signal code:  (-6)
[butterfly:3933091] Failing at address: 0x198003c03a3
[butterfly:3933091] [ 0] /lib/x86_64-linux-gnu/libpthread.so.0(+0x14420)[0x14d572d9e420]
[butterfly:3933091] [ 1] /lib/x86_64-linux-gnu/libpthread.so.0(raise+0xcb)[0x14d572d9e2ab]
[butterfly:3933091] [ 2] /lib/x86_64-linux-gnu/libpthread.so.0(+0x14420)[0x14d572d9e420]
[butterfly:3933091] [ 3] /lib/x86_64-linux-gnu/libm.so.6(+0x7c470)[0x14d572e46470]
[butterfly:3933091] [ 4] /usr/lib/openfoam/openfoam2312/platforms/linux64GccDPInt32Opt/lib/libOpenFOAM.so(_ZN4Foam3logERNS_5FieldIdEERKNS_5UListIdEE+0x33)[0x14d573a252c3]
[butterfly:3933091] [ 5] /usr/lib/openfoam/openfoam2312/platforms/linux64GccDPInt32Opt/lib/libfiniteVolume.so(_ZN4Foam3logINS_12fvPatchFieldENS_7volMeshEEEvRNS_14GeometricFieldIdT_T0_EERKS6_+0x45)[0x14d57801c665]
[butterfly:3933091] [ 6] /butterfly1/hlavatyo/OpenFOAM/hlavatyo-v2312/platforms/linux64GccDPInt32Opt/lib/libsolids4FoamModels.so(_ZN4Foam3logINS_12fvPatchFieldENS_7volMeshEEENS_3tmpINS_14GeometricFieldIdT_T0_EEEERKS7_+0x183)[0x14d574558643]
[butterfly:3933091] [ 7] /butterfly1/hlavatyo/OpenFOAM/hlavatyo-v2312/platforms/linux64GccDPInt32Opt/lib/libsolids4FoamModels.so(_ZN4Foam10viscoBread7correctERNS_14GeometricFieldINS_10SymmTensorIdEENS_12fvPatchFieldENS_7volMeshEEE+0xf06)[0x14d574551756]
[butterfly:3933091] [ 8] /butterfly1/hlavatyo/OpenFOAM/hlavatyo-v2312/platforms/linux64GccDPInt32Opt/lib/libsolids4FoamModels.so(_ZN4Foam11solidModels16breadBakingSolid6evolveEv+0x447)[0x14d5742b3e87]
[butterfly:3933091] [ 9] breadBakingFoam(+0x45603)[0x560c92acb603]
[butterfly:3933091] [10] /lib/x86_64-linux-gnu/libc.so.6(__libc_start_main+0xf3)[0x14d572bbc083]
[butterfly:3933091] [11] breadBakingFoam(+0x4a88e)[0x560c92ad088e]
[butterfly:3933091] *** End of error message ***
--------------------------------------------------------------------------
Primary job  terminated normally, but 1 process returned
a non-zero exit code. Per user-direction, the job has been aborted.
--------------------------------------------------------------------------
--------------------------------------------------------------------------
mpirun noticed that process rank 0 with PID 0 on node butterfly exited on signal 8 (Floating point exception).
--------------------------------------------------------------------------
No protocol specified
[0] [stack trace]
[0] =============
[0] #1  Foam::sigFpe::sigHandler(int) in /usr/lib/openfoam/openfoam2312/platforms/linux64GccDPInt32Opt/lib/libOpenFOAM.so
[0] #2  ? in /lib/x86_64-linux-gnu/libpthread.so.0
[0] #3  ? in /lib/x86_64-linux-gnu/libm.so.6
[0] #4  powf64 in /lib/x86_64-linux-gnu/libm.so.6
[0] #5  Foam::pow(Foam::Field<double>&, Foam::UList<double> const&, double const&) in /usr/lib/openfoam/openfoam2312/platforms/linux64GccDPInt32Opt/lib/libOpenFOAM.so
[0] #6  void Foam::pow<Foam::fvPatchField, Foam::volMesh>(Foam::GeometricField<double, Foam::fvPatchField, Foam::volMesh>&, Foam::GeometricField<double, Foam::fvPatchField, Foam::volMesh> const&, Foam::dimensioned<double> const&) in ~/OpenFOAM/hlavatyo-v2312/platforms/linux64GccDPInt32Opt/bin/breadBakingFoam
[0] #7  Foam::tmp<Foam::GeometricField<double, Foam::fvPatchField, Foam::volMesh> > Foam::pow<Foam::fvPatchField, Foam::volMesh>(Foam::tmp<Foam::GeometricField<double, Foam::fvPatchField, Foam::volMesh> > const&, Foam::dimensioned<double> const&) in ~/OpenFOAM/hlavatyo-v2312/platforms/linux64GccDPInt32Opt/bin/breadBakingFoam
[0] #8  Foam::tmp<Foam::GeometricField<double, Foam::fvPatchField, Foam::volMesh> > Foam::pow<Foam::fvPatchField, Foam::volMesh>(Foam::tmp<Foam::GeometricField<double, Foam::fvPatchField, Foam::volMesh> > const&, double const&) in ~/OpenFOAM/hlavatyo-v2312/platforms/linux64GccDPInt32Opt/bin/breadBakingFoam
[0] #9  ? in ~/OpenFOAM/hlavatyo-v2312/platforms/linux64GccDPInt32Opt/bin/breadBakingFoam
[0] #10  __libc_start_main in /lib/x86_64-linux-gnu/libc.so.6
[0] #11  ? in ~/OpenFOAM/hlavatyo-v2312/platforms/linux64GccDPInt32Opt/bin/breadBakingFoam
[0] =============
[butterfly:3941641] *** Process received signal ***
[butterfly:3941641] Signal: Floating point exception (8)
[butterfly:3941641] Signal code:  (-6)
[butterfly:3941641] Failing at address: 0x198003c2509
[butterfly:3941641] [ 0] /lib/x86_64-linux-gnu/libpthread.so.0(+0x14420)[0x14a64b244420]
[butterfly:3941641] [ 1] /lib/x86_64-linux-gnu/libpthread.so.0(raise+0xcb)[0x14a64b2442ab]
[butterfly:3941641] [ 2] /lib/x86_64-linux-gnu/libpthread.so.0(+0x14420)[0x14a64b244420]
[butterfly:3941641] [ 3] /lib/x86_64-linux-gnu/libm.so.6(+0x7c470)[0x14a64b2ec470]
[butterfly:3941641] [ 4] /lib/x86_64-linux-gnu/libm.so.6(powf64+0x18)[0x14a64b2b1278]
[butterfly:3941641] [ 5] /usr/lib/openfoam/openfoam2312/platforms/linux64GccDPInt32Opt/lib/libOpenFOAM.so(_ZN4Foam3powERNS_5FieldIdEERKNS_5UListIdEERKd+0x39)[0x14a64becab09]
[butterfly:3941641] [ 6] breadBakingFoam(_ZN4Foam3powINS_12fvPatchFieldENS_7volMeshEEEvRNS_14GeometricFieldIdT_T0_EERKS6_RKNS_11dimensionedIdEE+0x4c)[0x5580a0743efc]
[butterfly:3941641] [ 7] breadBakingFoam(_ZN4Foam3powINS_12fvPatchFieldENS_7volMeshEEENS_3tmpINS_14GeometricFieldIdT_T0_EEEERKS8_RKNS_11dimensionedIdEE+0x2a3)[0x5580a079d9f3]
[butterfly:3941641] [ 8] breadBakingFoam(_ZN4Foam3powINS_12fvPatchFieldENS_7volMeshEEENS_3tmpINS_14GeometricFieldIdT_T0_EEEERKS8_RKd+0x5f)[0x5580a079dc2f]
[butterfly:3941641] [ 9] breadBakingFoam(+0x3ca2d)[0x5580a071ca2d]
[butterfly:3941641] [10] /lib/x86_64-linux-gnu/libc.so.6(__libc_start_main+0xf3)[0x14a64b062083]
[butterfly:3941641] [11] breadBakingFoam(+0x4a88e)[0x5580a072a88e]
[butterfly:3941641] *** End of error message ***
--------------------------------------------------------------------------
Primary job  terminated normally, but 1 process returned
a non-zero exit code. Per user-direction, the job has been aborted.
--------------------------------------------------------------------------
--------------------------------------------------------------------------
mpirun noticed that process rank 0 with PID 0 on node butterfly exited on signal 8 (Floating point exception).
--------------------------------------------------------------------------
No protocol specified
No protocol specified
No protocol specified
	In system/decomposeParDict, I have change val of numberOfSubdomains parameter from 2; to 4 in subDict .
I will execute commands in ../ZZ_cases/00_breads/165_Dl_5e-11_kOp_0.2_kCl_0.2_torOp_2.4_torCl_70_lambdaS_0.42_R0_0.0198_perm_1.3e-14/:
	1. decomposePar > log.decomposePar
	2. foamJob -parallel -screen breadBakingFoam > log.breadBakingFoam
In system/controlDict, trying to change parameter endTime in subDict :
	In system/controlDict, I have change val of endTime parameter from 360; to 900 in subDict .
In constant/transportProperties, trying to change parameter withDeformation in subDict :
	In constant/transportProperties, I have change val of withDeformation parameter from 1; to 0 in subDict .
I will execute commands in ../ZZ_cases/00_breads/165_Dl_5e-11_kOp_0.2_kCl_0.2_torOp_2.4_torCl_70_lambdaS_0.42_R0_0.0198_perm_1.3e-14/:
	1. foamJob -parallel -screen breadBakingFoam > log.breadBakingFoam_2
Found OpenFOAMCase parallel times are:
	[0.0, 30.0, 10.0, 50.0, 60.0, 20.0, 40.0],
latestTime:
	60
I will execute commands in ../ZZ_cases/00_breads/165_Dl_5e-11_kOp_0.2_kCl_0.2_torOp_2.4_torCl_70_lambdaS_0.42_R0_0.0198_perm_1.3e-14/:
	1. foamJob -parallel -screen postProcess -func "probeZhang" -dict system/probeZhang > log.postProcess
	2. foamJob -parallel -screen postProcess -func "patchIntegrate(CO2Flux,name=sides)" > log.CO2Flux
	3. rm -rf processor*/0
	4. foamJob -parallel -screen intMoisture > log.intMoisture
New OpenFOAMCase has been initialized, starting directory is:
	/butterfly2/hlavatyo/bread/breadBakingFoamTechMathGroup/pyCtrlScripts
OpenFOAMCase.baseCase has been set to :
	../tutorials/bread3DOurExp/
OpenFOAMCase directory has been changed from:
	../tutorials/bread3DOurExp/ to ../ZZ_cases/2026/V29/exp0_nonDef_False/V21_phiLinLCorr_Dl_3e-10_kOp_0.18_kCl_0.18_nu_0.15_mu0_219_muV1_1000_mS_0.001_lambda_0.42_kH_16_kHB_25_r0_0.0018_per_9e-16/
OpenFOAMCase.baseDir has been copied to OpenFOAMCase.dir:
	 ../tutorials/bread3DOurExp/ --> ../ZZ_cases/2026/V29/exp0_nonDef_False/V21_phiLinLCorr_Dl_3e-10_kOp_0.18_kCl_0.18_nu_0.15_mu0_219_muV1_1000_mS_0.001_lambda_0.42_kH_16_kHB_25_r0_0.0018_per_9e-16/
In 0.org/omegaV, trying to change parameter kM in subDict sides:
	In 0.org/omegaV, I have change val of kM parameter from 0.01; to 0.01 in subDict sides.
In 0.org/omegaV, trying to change parameter kM in subDict bottom:
	In 0.org/omegaV, I have change val of kM parameter from 1e-5; to 0.001 in subDict bottom.
In 0.org/omegaV, trying to change parameter kM in subDict bottom2:
	In 0.org/omegaV, I have change val of kM parameter from 1e-5; to 0.001 in subDict bottom2.
In 0.org/omegaC, trying to change parameter kM in subDict sides:
	In 0.org/omegaC, I have change val of kM parameter from 1e-5; to 0.01 in subDict sides.
In 0.org/omegaC, trying to change parameter kM in subDict bottom:
	In 0.org/omegaC, I have change val of kM parameter from 1e-5; to 0.001 in subDict bottom.
In 0.org/omegaC, trying to change parameter kM in subDict bottom2:
	In 0.org/omegaC, I have change val of kM parameter from 1e-5; to 0.001 in subDict bottom2.
In 0.org/T, trying to change parameter alpha in subDict sides:
	In 0.org/T, I have change val of alpha parameter from 9.5; to 16 in subDict sides.
In 0.org/T, trying to change parameter alpha in subDict bottom:
	In 0.org/T, I have change val of alpha parameter from 9.5; to 25 in subDict bottom.
In 0.org/T, trying to change parameter alpha in subDict bottom2:
	In 0.org/T, I have change val of alpha parameter from 9.5; to 25 in subDict bottom2.
In 0.org/T, trying to change parameter internalField in subDict :
	In 0.org/T, I have change val of internalField parameter from uniform 302.5; to uniform 297 in subDict .
Loading all sheets from: ../Experiments2026/10_02_2026/Lab_test_2026_02_10.xlsm
  Sheet 'DATALOG': 32538 rows × 5 columns
  Sheet 'Data_Termo_1': 11554 rows × 25 columns
  Sheet 'Data_Termo_2': 6241 rows × 25 columns
  Sheet 'Data_Termo_3': 2547 rows × 25 columns
In constant/transportProperties, trying to change parameter withDeformation in subDict :
	In constant/transportProperties, I have change val of withDeformation parameter from 1; to 1 in subDict .
In constant/transportProperties, trying to change parameter permGLViscG in subDict :
	In constant/transportProperties, I have change val of permGLViscG parameter from 9e-13; to 9e-16 in subDict .
In constant/transportProperties, trying to change parameter tortOpen in subDict :
	In constant/transportProperties, I have change val of tortOpen parameter from 2; to 2.4 in subDict .
In constant/transportProperties, trying to change parameter tortClosed in subDict :
	In constant/transportProperties, I have change val of tortClosed parameter from 10; to 70 in subDict .
In constant/thermophysicalProperties, trying to change parameter lambda in subDict solid:
	In constant/thermophysicalProperties, I have change val of lambda parameter from 0.47; to 0.42 in subDict solid.
In constant/thermophysicalProperties, trying to change parameter rho in subDict solid:
	In constant/thermophysicalProperties, I have change val of rho parameter from 700; to 764 in subDict solid.
In constant/thermophysicalProperties, trying to change parameter Cp in subDict solid:
	In constant/thermophysicalProperties, I have change val of Cp parameter from 600; to 1130 in subDict solid.
In constant/thermophysicalProperties, trying to change parameter Cp in subDict liquid:
	In constant/thermophysicalProperties, I have change val of Cp parameter from 4200; to 4200 in subDict liquid.
In constant/thermophysicalProperties, trying to change parameter Cp in subDict CO2:
	In constant/thermophysicalProperties, I have change val of Cp parameter from 853; to 853 in subDict CO2.
In constant/thermophysicalProperties, trying to change parameter Cp in subDict vapor:
	In constant/thermophysicalProperties, I have change val of Cp parameter from 1878; to 1878 in subDict vapor.
In constant/thermophysicalProperties, trying to change parameter D in subDict transport:
	In constant/thermophysicalProperties, I have change val of D parameter from 5e-06; to 2.6e-05 in subDict transport.
In constant/thermophysicalProperties, trying to change parameter Dl in subDict transport:
	In constant/thermophysicalProperties, I have change val of Dl parameter from 5e-10; to 3e-10 in subDict transport.
	In constant/thermophysicalProperties, I have change val of Dl parameter from 2e-11; to 3e-10 in subDict transport.
	In constant/thermophysicalProperties, I have change val of Dl parameter from 5e-12; to 3e-10 in subDict transport.
	In constant/thermophysicalProperties, I have change val of Dl parameter from 8e-12; to 3e-10 in subDict transport.
	In constant/thermophysicalProperties, I have change val of Dl parameter from 2e-11; to 3e-10 in subDict transport.
	In constant/thermophysicalProperties, I have change val of Dl parameter from 2e-10; to 3e-10 in subDict transport.
	In constant/thermophysicalProperties, I have change val of Dl parameter from 1e-9; to 3e-10 in subDict transport.
	In constant/thermophysicalProperties, I have change val of Dl parameter from 5e-10; to 3e-10 in subDict transport.
	In constant/thermophysicalProperties, I have change val of Dl parameter from 1.5e-11; to 3e-10 in subDict transport.
In constant/reactiveProperties, trying to change parameter kMPCOpen in subDict evaporation:
	In constant/reactiveProperties, I have change val of kMPCOpen parameter from 0.42; to 0.18 in subDict evaporation.
In constant/reactiveProperties, trying to change parameter kMPCClosed in subDict evaporation:
	In constant/reactiveProperties, I have change val of kMPCClosed parameter from 0.42; to 0.18 in subDict evaporation.
In constant/reactiveProperties, trying to change parameter R0 in subDict fermentation:
	In constant/reactiveProperties, I have change val of R0 parameter from 0.0022; to 0.0018 in subDict fermentation.
In constant/reactiveProperties, trying to change parameter Tm in subDict fermentation:
	In constant/reactiveProperties, I have change val of Tm parameter from 314; to 313 in subDict fermentation.
In constant/reactiveProperties, trying to change parameter deltaT in subDict fermentation:
	In constant/reactiveProperties, I have change val of deltaT parameter from 10; to 14 in subDict fermentation.
In system/controlDict, trying to change parameter endTime in subDict :
	In system/controlDict, I have change val of endTime parameter from 900; to 2400 in subDict .
In system/controlDict, trying to change parameter deltaT in subDict :
	In system/controlDict, I have change val of deltaT parameter from 1; to 40 in subDict .
In system/controlDict, trying to change parameter writeInterval in subDict :
	In system/controlDict, I have change val of writeInterval parameter from 20; to 200 in subDict .
	In system/controlDict, I have change val of writeInterval parameter from 20; to 200 in subDict .
In system/fvSolution, trying to change parameter nOuterCorrectors in subDict PIMPLE:
	In system/fvSolution, I have change val of nOuterCorrectors parameter from 250; to 300 in subDict PIMPLE.
In system/fvSolution, trying to change parameter D in subDict fields:
	In system/fvSolution, I have change val of D parameter from 0.1; to 0.1 in subDict fields.
In system/fvSolution, trying to change parameter DFinal in subDict fields:
	In system/fvSolution, I have change val of DFinal parameter from 0.1; to 1 in subDict fields.
In system/fvSolution, trying to change parameter omegaV in subDict fields:
	In system/fvSolution, I have change val of omegaV parameter from 0.1; to 1 in subDict fields.
--> FOAM IOWarning :
    Found [v1012] 'convertToMeters' entry instead of 'scale' in dictionary "system/blockMeshDict"

    This keyword is 156 months old.

Created 'V21_phiLinLCorr_Dl_3e-10_kOp_0.18_kCl_0.18_nu_0.15_mu0_219_muV1_1000_mS_0.001_lambda_0.42_kH_16_kHB_25_r0_0.0018_per_9e-16.OpenFOAM'
No protocol specified
No protocol specified
[5] [stack trace]
[5] =============
[5] #1  Foam::sigFpe::sigHandler(int) in /usr/lib/openfoam/openfoam2312/platforms/linux64GccDPInt32Opt/lib/libOpenFOAM.so
[5] #2  ? in /lib/x86_64-linux-gnu/libpthread.so.0
[5] #3  ? in /lib/x86_64-linux-gnu/libm.so.6
[5] #4  powf64 in /lib/x86_64-linux-gnu/libm.so.6
[5] #5  Foam::pow(Foam::Field<double>&, Foam::UList<double> const&, double const&) in /usr/lib/openfoam/openfoam2312/platforms/linux64GccDPInt32Opt/lib/libOpenFOAM.so
[5] #6  void Foam::pow<Foam::fvPatchField, Foam::volMesh>(Foam::GeometricField<double, Foam::fvPatchField, Foam::volMesh>&, Foam::GeometricField<double, Foam::fvPatchField, Foam::volMesh> const&, Foam::dimensioned<double> const&) in ~/OpenFOAM/hlavatyo-v2312/platforms/linux64GccDPInt32Opt/bin/breadBakingFoam
[5] #7  Foam::tmp<Foam::GeometricField<double, Foam::fvPatchField, Foam::volMesh> > Foam::pow<Foam::fvPatchField, Foam::volMesh>(Foam::tmp<Foam::GeometricField<double, Foam::fvPatchField, Foam::volMesh> > const&, Foam::dimensioned<double> const&) in ~/OpenFOAM/hlavatyo-v2312/platforms/linux64GccDPInt32Opt/bin/breadBakingFoam
[5] #8  Foam::tmp<Foam::GeometricField<double, Foam::fvPatchField, Foam::volMesh> > Foam::pow<Foam::fvPatchField, Foam::volMesh>(Foam::tmp<Foam::GeometricField<double, Foam::fvPatchField, Foam::volMesh> > const&, double const&) in ~/OpenFOAM/hlavatyo-v2312/platforms/linux64GccDPInt32Opt/bin/breadBakingFoam
[5] #9  ? in ~/OpenFOAM/hlavatyo-v2312/platforms/linux64GccDPInt32Opt/bin/breadBakingFoam
[5] #10  __libc_start_main in /lib/x86_64-linux-gnu/libc.so.6
[5] #11  ? in ~/OpenFOAM/hlavatyo-v2312/platforms/linux64GccDPInt32Opt/bin/breadBakingFoam
[5] =============
[butterfly:4182493] *** Process received signal ***
[butterfly:4182493] Signal: Floating point exception (8)
[butterfly:4182493] Signal code:  (-6)
[butterfly:4182493] Failing at address: 0x198003fd1dd
[butterfly:4182493] [ 0] /lib/x86_64-linux-gnu/libpthread.so.0(+0x14420)[0x14cefa36d420]
[butterfly:4182493] [ 1] /lib/x86_64-linux-gnu/libpthread.so.0(raise+0xcb)[0x14cefa36d2ab]
[butterfly:4182493] [ 2] /lib/x86_64-linux-gnu/libpthread.so.0(+0x14420)[0x14cefa36d420]
[butterfly:4182493] [ 3] /lib/x86_64-linux-gnu/libm.so.6(+0x7c470)[0x14cefa415470]
[butterfly:4182493] [ 4] /lib/x86_64-linux-gnu/libm.so.6(powf64+0x18)[0x14cefa3da278]
[butterfly:4182493] [ 5] /usr/lib/openfoam/openfoam2312/platforms/linux64GccDPInt32Opt/lib/libOpenFOAM.so(_ZN4Foam3powERNS_5FieldIdEERKNS_5UListIdEERKd+0x39)[0x14cefaff3b09]
[butterfly:4182493] [ 6] breadBakingFoam(_ZN4Foam3powINS_12fvPatchFieldENS_7volMeshEEEvRNS_14GeometricFieldIdT_T0_EERKS6_RKNS_11dimensionedIdEE+0x4c)[0x5589bfcfbcfc]
[butterfly:4182493] [ 7] breadBakingFoam(_ZN4Foam3powINS_12fvPatchFieldENS_7volMeshEEENS_3tmpINS_14GeometricFieldIdT_T0_EEEERKS8_RKNS_11dimensionedIdEE+0x2a3)[0x5589bfd55163]
[butterfly:4182493] [ 8] breadBakingFoam(_ZN4Foam3powINS_12fvPatchFieldENS_7volMeshEEENS_3tmpINS_14GeometricFieldIdT_T0_EEEERKS8_RKd+0x5f)[0x5589bfd5539f]
[butterfly:4182493] [ 9] breadBakingFoam(+0x40b86)[0x5589bfcd8b86]
[butterfly:4182493] [10] /lib/x86_64-linux-gnu/libc.so.6(__libc_start_main+0xf3)[0x14cefa18b083]
[butterfly:4182493] [11] breadBakingFoam(+0x4a43e)[0x5589bfce243e]
[butterfly:4182493] *** End of error message ***
--------------------------------------------------------------------------
Primary job  terminated normally, but 1 process returned
a non-zero exit code. Per user-direction, the job has been aborted.
--------------------------------------------------------------------------
--------------------------------------------------------------------------
mpirun noticed that process rank 5 with PID 0 on node butterfly exited on signal 8 (Floating point exception).
--------------------------------------------------------------------------
No protocol specified
[0] [stack trace]
[0] =============
[0] #1  Foam::sigFpe::sigHandler(int) in /usr/lib/openfoam/openfoam2312/platforms/linux64GccDPInt32Opt/lib/libOpenFOAM.so
[0] #2  ? in /lib/x86_64-linux-gnu/libpthread.so.0
[0] #3  ? in /lib/x86_64-linux-gnu/libm.so.6
[0] #4  powf64 in /lib/x86_64-linux-gnu/libm.so.6
[0] #5  Foam::pow(Foam::Field<double>&, Foam::UList<double> const&, double const&) in /usr/lib/openfoam/openfoam2312/platforms/linux64GccDPInt32Opt/lib/libOpenFOAM.so
[0] #6  void Foam::pow<Foam::fvPatchField, Foam::volMesh>(Foam::GeometricField<double, Foam::fvPatchField, Foam::volMesh>&, Foam::GeometricField<double, Foam::fvPatchField, Foam::volMesh> const&, Foam::dimensioned<double> const&) in ~/OpenFOAM/hlavatyo-v2312/platforms/linux64GccDPInt32Opt/bin/breadBakingFoam
[0] #7  Foam::tmp<Foam::GeometricField<double, Foam::fvPatchField, Foam::volMesh> > Foam::pow<Foam::fvPatchField, Foam::volMesh>(Foam::tmp<Foam::GeometricField<double, Foam::fvPatchField, Foam::volMesh> > const&, Foam::dimensioned<double> const&) in ~/OpenFOAM/hlavatyo-v2312/platforms/linux64GccDPInt32Opt/bin/breadBakingFoam
[0] #8  Foam::tmp<Foam::GeometricField<double, Foam::fvPatchField, Foam::volMesh> > Foam::pow<Foam::fvPatchField, Foam::volMesh>(Foam::tmp<Foam::GeometricField<double, Foam::fvPatchField, Foam::volMesh> > const&, double const&) in ~/OpenFOAM/hlavatyo-v2312/platforms/linux64GccDPInt32Opt/bin/breadBakingFoam
[0] #9  ? in ~/OpenFOAM/hlavatyo-v2312/platforms/linux64GccDPInt32Opt/bin/breadBakingFoam
[0] #10  __libc_start_main in /lib/x86_64-linux-gnu/libc.so.6
[0] #11  ? in ~/OpenFOAM/hlavatyo-v2312/platforms/linux64GccDPInt32Opt/bin/breadBakingFoam
[0] =============
[butterfly:4188512] *** Process received signal ***
[butterfly:4188512] Signal: Floating point exception (8)
[butterfly:4188512] Signal code:  (-6)
[butterfly:4188512] Failing at address: 0x198003fe960
[butterfly:4188512] [ 0] /lib/x86_64-linux-gnu/libpthread.so.0(+0x14420)[0x1541702ab420]
[butterfly:4188512] [ 1] /lib/x86_64-linux-gnu/libpthread.so.0(raise+0xcb)[0x1541702ab2ab]
[butterfly:4188512] [ 2] /lib/x86_64-linux-gnu/libpthread.so.0(+0x14420)[0x1541702ab420]
[butterfly:4188512] [ 3] /lib/x86_64-linux-gnu/libm.so.6(+0x7c470)[0x154170353470]
[butterfly:4188512] [ 4] /lib/x86_64-linux-gnu/libm.so.6(powf64+0x18)[0x154170318278]
[butterfly:4188512] [ 5] /usr/lib/openfoam/openfoam2312/platforms/linux64GccDPInt32Opt/lib/libOpenFOAM.so(_ZN4Foam3powERNS_5FieldIdEERKNS_5UListIdEERKd+0x39)[0x154170f31b09]
[butterfly:4188512] [ 6] breadBakingFoam(_ZN4Foam3powINS_12fvPatchFieldENS_7volMeshEEEvRNS_14GeometricFieldIdT_T0_EERKS6_RKNS_11dimensionedIdEE+0x4c)[0x56092709ccfc]
[butterfly:4188512] [ 7] breadBakingFoam(_ZN4Foam3powINS_12fvPatchFieldENS_7volMeshEEENS_3tmpINS_14GeometricFieldIdT_T0_EEEERKS8_RKNS_11dimensionedIdEE+0x2a3)[0x5609270f6163]
[butterfly:4188512] [ 8] breadBakingFoam(_ZN4Foam3powINS_12fvPatchFieldENS_7volMeshEEENS_3tmpINS_14GeometricFieldIdT_T0_EEEERKS8_RKd+0x5f)[0x5609270f639f]
[butterfly:4188512] [ 9] breadBakingFoam(+0x3c96d)[0x56092707596d]
[butterfly:4188512] [10] /lib/x86_64-linux-gnu/libc.so.6(__libc_start_main+0xf3)[0x1541700c9083]
[butterfly:4188512] [11] breadBakingFoam(+0x4a43e)[0x56092708343e]
[butterfly:4188512] *** End of error message ***
--------------------------------------------------------------------------
Primary job  terminated normally, but 1 process returned
a non-zero exit code. Per user-direction, the job has been aborted.
--------------------------------------------------------------------------
--------------------------------------------------------------------------
mpirun noticed that process rank 0 with PID 0 on node butterfly exited on signal 8 (Floating point exception).
--------------------------------------------------------------------------
No protocol specified
No protocol specified
No protocol specified
No protocol specified
No protocol specified
No protocol specified
No protocol specified
In system/fvSolution, trying to change parameter omegaC in subDict fields:
	In system/fvSolution, I have change val of omegaC parameter from 0.1; to 1 in subDict fields.
In system/fvSolution, trying to change parameter pG in subDict fields:
	In system/fvSolution, I have change val of pG parameter from 0.1; to 1 in subDict fields.
In constant/mechanicalProperties, trying to change parameter E in subDict bread:
	In constant/mechanicalProperties, I have change val of E parameter from 12000; to 10000 in subDict bread.
In constant/mechanicalProperties, trying to change parameter mu0Raw in subDict bread:
	In constant/mechanicalProperties, I have change val of mu0Raw parameter from 300; to 219 in subDict bread.
In constant/mechanicalProperties, trying to change parameter kappa0Raw in subDict bread:
	In constant/mechanicalProperties, I have change val of kappa0Raw parameter from 1000; to 93.85714285714286 in subDict bread.
In constant/mechanicalProperties, trying to change parameter muV1Raw in subDict bread:
	In constant/mechanicalProperties, I have change val of muV1Raw parameter from 3000; to 1000 in subDict bread.
In constant/mechanicalProperties, trying to change parameter muV2Raw in subDict bread:
	In constant/mechanicalProperties, I have change val of muV2Raw parameter from 3000; to 0 in subDict bread.
In constant/mechanicalProperties, trying to change parameter kappaVRaw in subDict bread:
	In constant/mechanicalProperties, I have change val of kappaVRaw parameter from 6000; to 428.5714285714286 in subDict bread.
In constant/mechanicalProperties, trying to change parameter mu0Baked in subDict bread:
	In constant/mechanicalProperties, I have change val of mu0Baked parameter from 12500; to 3285 in subDict bread.
In constant/mechanicalProperties, trying to change parameter kappa0Baked in subDict bread:
	In constant/mechanicalProperties, I have change val of kappa0Baked parameter from 40000; to 1407.857142857143 in subDict bread.
In constant/mechanicalProperties, trying to change parameter tau1 in subDict bread:
	In constant/mechanicalProperties, I have change val of tau1 parameter from 1; to 15 in subDict bread.
In constant/mechanicalProperties, trying to change parameter tau2 in subDict bread:
	In constant/mechanicalProperties, I have change val of tau2 parameter from 1; to 1 in subDict bread.
In constant/mechanicalProperties, trying to change parameter tGelat in subDict bread:
	In constant/mechanicalProperties, I have change val of tGelat parameter from 65; to 65 in subDict bread.
I will execute commands in ../ZZ_cases/2026/V29/exp0_nonDef_False/V21_phiLinLCorr_Dl_3e-10_kOp_0.18_kCl_0.18_nu_0.15_mu0_219_muV1_1000_mS_0.001_lambda_0.42_kH_16_kHB_25_r0_0.0018_per_9e-16/:
	1. chmod 755 ./* -R
	2. blockMesh > log.blockMesh
I will execute commands in ../ZZ_cases/2026/V29/exp0_nonDef_False/V21_phiLinLCorr_Dl_3e-10_kOp_0.18_kCl_0.18_nu_0.15_mu0_219_muV1_1000_mS_0.001_lambda_0.42_kH_16_kHB_25_r0_0.0018_per_9e-16/:
	1. extrudeMesh > log.extrudeMesh
	2. rm -rf 0
	3. cp -r 0.org 0
	4. paraFoam -touch
In system/decomposeParDict, trying to change parameter numberOfSubdomains in subDict :
	In system/decomposeParDict, I have change val of numberOfSubdomains parameter from 2; to 8 in subDict .
I will execute commands in ../ZZ_cases/2026/V29/exp0_nonDef_False/V21_phiLinLCorr_Dl_3e-10_kOp_0.18_kCl_0.18_nu_0.15_mu0_219_muV1_1000_mS_0.001_lambda_0.42_kH_16_kHB_25_r0_0.0018_per_9e-16/:
	1. decomposePar > log.decomposePar
	2. foamJob -parallel -screen breadBakingFoam > log.breadBakingFoam
In system/controlDict, trying to change parameter endTime in subDict :
	In system/controlDict, I have change val of endTime parameter from 2400; to 2850 in subDict .
In system/controlDict, trying to change parameter deltaT in subDict :
	In system/controlDict, I have change val of deltaT parameter from 40; to 1 in subDict .
In system/fvSolution, trying to change parameter nOuterCorrectors in subDict PIMPLE:
	In system/fvSolution, I have change val of nOuterCorrectors parameter from 300; to 300 in subDict PIMPLE.
In system/fvSolution, trying to change parameter omegaV in subDict fields:
	In system/fvSolution, I have change val of omegaV parameter from 1; to 0.8 in subDict fields.
In system/fvSolution, trying to change parameter omegaC in subDict fields:
	In system/fvSolution, I have change val of omegaC parameter from 1; to 0.8 in subDict fields.
In system/fvSolution, trying to change parameter pG in subDict fields:
	In system/fvSolution, I have change val of pG parameter from 1; to 1 in subDict fields.
In system/controlDict, trying to change parameter writeInterval in subDict :
	In system/controlDict, I have change val of writeInterval parameter from 200; to 20 in subDict .
	In system/controlDict, I have change val of writeInterval parameter from 200; to 20 in subDict .
I will execute commands in ../ZZ_cases/2026/V29/exp0_nonDef_False/V21_phiLinLCorr_Dl_3e-10_kOp_0.18_kCl_0.18_nu_0.15_mu0_219_muV1_1000_mS_0.001_lambda_0.42_kH_16_kHB_25_r0_0.0018_per_9e-16/:
	1. foamJob -parallel -screen breadBakingFoam > log.breadBakingFoam_2
In system/controlDict, trying to change parameter endTime in subDict :
	In system/controlDict, I have change val of endTime parameter from 2850; to 3650 in subDict .
In system/controlDict, trying to change parameter deltaT in subDict :
	In system/controlDict, I have change val of deltaT parameter from 1; to 1 in subDict .
In constant/transportProperties, trying to change parameter withDeformation in subDict :
	In constant/transportProperties, I have change val of withDeformation parameter from 1; to 0 in subDict .
In system/fvSolution, trying to change parameter omegaV in subDict fields:
	In system/fvSolution, I have change val of omegaV parameter from 0.8; to 0.05 in subDict fields.
In system/fvSolution, trying to change parameter omegaC in subDict fields:
	In system/fvSolution, I have change val of omegaC parameter from 0.8; to 0.05 in subDict fields.
In system/fvSolution, trying to change parameter pG in subDict fields:
	In system/fvSolution, I have change val of pG parameter from 1; to 0.05 in subDict fields.
In system/fvSolution, trying to change parameter nOuterCorrectors in subDict PIMPLE:
	In system/fvSolution, I have change val of nOuterCorrectors parameter from 300; to 50 in subDict PIMPLE.
I will execute commands in ../ZZ_cases/2026/V29/exp0_nonDef_False/V21_phiLinLCorr_Dl_3e-10_kOp_0.18_kCl_0.18_nu_0.15_mu0_219_muV1_1000_mS_0.001_lambda_0.42_kH_16_kHB_25_r0_0.0018_per_9e-16/:
	1. foamJob -parallel -screen breadBakingFoam > log.breadBakingFoam_3
Found OpenFOAMCase parallel times are:
	[0.0, 2640.0, 1000.0, 2600.0, 2460.0, 2540.0, 2480.0, 800.0, 2400.0, 2580.0, 1600.0, 2000.0, 2440.0, 1200.0, 1400.0, 2420.0, 1800.0, 2520.0, 200.0, 2200.0, 400.0, 2500.0, 2560.0, 2620.0, 600.0],
latestTime:
	2640
I will execute commands in ../ZZ_cases/2026/V29/exp0_nonDef_False/V21_phiLinLCorr_Dl_3e-10_kOp_0.18_kCl_0.18_nu_0.15_mu0_219_muV1_1000_mS_0.001_lambda_0.42_kH_16_kHB_25_r0_0.0018_per_9e-16/:
	1. rm -rf processor*/0
	2. foamJob -parallel -screen postProcess -func "probeOur" -dict system/probeOur > log.postProcess
	3. foamJob -parallel -screen TLFProbe -point "(1e-3 1e-3 0)" > log.TPoint6
	4. foamJob -parallel -screen intMoisture > log.intMoisture
	5. foamJob -parallel -screen intWeigth > log.intWeigth
I will execute commands in ../ZZ_cases/2026/V29/exp0_nonDef_False/V21_phiLinLCorr_Dl_3e-10_kOp_0.18_kCl_0.18_nu_0.15_mu0_219_muV1_1000_mS_0.001_lambda_0.42_kH_16_kHB_25_r0_0.0018_per_9e-16/:
	1. foamJob -parallel -screen TLFProbe -point "(0.0445 0.03128 0)" > log.TPoint1
I will execute commands in ../ZZ_cases/2026/V29/exp0_nonDef_False/V21_phiLinLCorr_Dl_3e-10_kOp_0.18_kCl_0.18_nu_0.15_mu0_219_muV1_1000_mS_0.001_lambda_0.42_kH_16_kHB_25_r0_0.0018_per_9e-16/:
	1. foamJob -parallel -screen TLFProbe -point "(0.0435 0.010417 0)" > log.TPoint2
I will execute commands in ../ZZ_cases/2026/V29/exp0_nonDef_False/V21_phiLinLCorr_Dl_3e-10_kOp_0.18_kCl_0.18_nu_0.15_mu0_219_muV1_1000_mS_0.001_lambda_0.42_kH_16_kHB_25_r0_0.0018_per_9e-16/:
	1. foamJob -parallel -screen TLFProbe -point "(0.0336 0.025907 0)" > log.TPoint3
No protocol specified
I will execute commands in ../ZZ_cases/2026/V29/exp0_nonDef_False/V21_phiLinLCorr_Dl_3e-10_kOp_0.18_kCl_0.18_nu_0.15_mu0_219_muV1_1000_mS_0.001_lambda_0.42_kH_16_kHB_25_r0_0.0018_per_9e-16/:
	1. foamJob -parallel -screen TLFProbe -point "(0.0146 0.047604 0)" > log.TPoint4
Loading all sheets from: ../Experiments2026/10_02_2026/Lab_test_2026_02_10.xlsm
  Sheet 'DATALOG': 32538 rows × 5 columns
  Sheet 'Data_Termo_1': 11554 rows × 25 columns
  Sheet 'Data_Termo_2': 6241 rows × 25 columns
  Sheet 'Data_Termo_3': 2547 rows × 25 columns
Loading all sheets from: ../Experiments2026/10_02_2026/Exp_2/opcua_log_20260210_144124.xlsx
  Sheet 'Sheet1': 1338 rows × 8 columns
Loading all sheets from: ../Experiments2026/10_02_2026/Lab_test_2026_02_10.xlsm
  Sheet 'DATALOG': 32538 rows × 5 columns
  Sheet 'Data_Termo_1': 11554 rows × 25 columns
  Sheet 'Data_Termo_2': 6241 rows × 25 columns
  Sheet 'Data_Termo_3': 2547 rows × 25 columns
Loading all sheets from: ../Experiments2026/10_02_2026/Exp_3/opcua_log_20260210_153553.xlsx
  Sheet 'Sheet1': 893 rows × 8 columns
Loading all sheets from: ../Experiments2026/11_02_2026/Lab_test_2026_02_11.xlsm
  Sheet 'Thermometers': 19 rows × 10 columns
  Sheet 'DATALOG': 19196 rows × 5 columns
  Sheet 'Data_Termo_1': 14022 rows × 25 columns
  Sheet 'Data_Termo_2': 10978 rows × 25 columns
  Sheet 'Data_Termo_3': 7613 rows × 25 columns
  Sheet 'Data_Termo_4': 3804 rows × 25 columns
Loading all sheets from: ../Experiments2026/11_02_2026/Exp_1/opcua_log_20260211_115313.xlsx
  Sheet 'Sheet1': 767 rows × 8 columns
Loading all sheets from: ../Experiments2026/11_02_2026/Lab_test_2026_02_11.xlsm
  Sheet 'Thermometers': 19 rows × 10 columns
  Sheet 'DATALOG': 19196 rows × 5 columns
  Sheet 'Data_Termo_1': 14022 rows × 25 columns
  Sheet 'Data_Termo_2': 10978 rows × 25 columns
  Sheet 'Data_Termo_3': 7613 rows × 25 columns
  Sheet 'Data_Termo_4': 3804 rows × 25 columns
Loading all sheets from: ../Experiments2026/11_02_2026/Exp_2/opcua_log_20260211_125251.xlsx
  Sheet 'Sheet1': 836 rows × 8 columns
Loading all sheets from: ../Experiments2026/11_02_2026/Lab_test_2026_02_11.xlsm
  Sheet 'Thermometers': 19 rows × 10 columns
  Sheet 'DATALOG': 19196 rows × 5 columns
  Sheet 'Data_Termo_1': 14022 rows × 25 columns
  Sheet 'Data_Termo_2': 10978 rows × 25 columns
  Sheet 'Data_Termo_3': 7613 rows × 25 columns
  Sheet 'Data_Termo_4': 3804 rows × 25 columns
Loading all sheets from: ../Experiments2026/11_02_2026/Exp_3/opcua_log_20260211_135519.xlsx
  Sheet 'Sheet1': 773 rows × 8 columns
Loading all sheets from: ../Experiments2026/11_02_2026/Lab_test_2026_02_11.xlsm
  Sheet 'Thermometers': 19 rows × 10 columns
  Sheet 'DATALOG': 19196 rows × 5 columns
  Sheet 'Data_Termo_1': 14022 rows × 25 columns
  Sheet 'Data_Termo_2': 10978 rows × 25 columns
  Sheet 'Data_Termo_3': 7613 rows × 25 columns
  Sheet 'Data_Termo_4': 3804 rows × 25 columns
Loading all sheets from: ../Experiments2026/11_02_2026/Exp_4/opcua_log_20260211_150638.xlsx
  Sheet 'Sheet1': 907 rows × 8 columns
[[2.00000000e+02 6.43795797e-03]
 [4.00000000e+02 6.43796309e-03]
 [6.00000000e+02 6.43796898e-03]
 [8.00000000e+02 6.43797572e-03]
 [1.00000000e+03 6.43798342e-03]
 [1.20000000e+03 6.43799218e-03]
 [1.40000000e+03 6.43800209e-03]
 [1.60000000e+03 6.43801323e-03]
 [1.80000000e+03 6.43802570e-03]
 [2.00000000e+03 6.43803963e-03]
 [2.20000000e+03 6.43805514e-03]
 [2.40000000e+03 6.43807241e-03]
 [2.42000000e+03 6.43808084e-03]
 [2.44000000e+03 6.43809341e-03]
 [2.46000000e+03 6.43811235e-03]
 [2.48000000e+03 6.43813783e-03]
 [2.50000000e+03 6.43817019e-03]
 [2.52000000e+03 6.43820894e-03]
 [2.54000000e+03 6.43825131e-03]
 [2.56000000e+03 6.43829594e-03]
 [2.58000000e+03 6.43834497e-03]
 [2.60000000e+03 6.43840344e-03]
 [2.62000000e+03 6.43848329e-03]
 [2.64000000e+03 6.43855442e-03]]
(24, 2)
New OpenFOAMCase has been initialized, starting directory is:
	/butterfly2/hlavatyo/bread/breadBakingFoamTechMathGroup/pyCtrlScripts
OpenFOAMCase.baseCase has been set to :
	../tutorials/bread3DOurExp/
OpenFOAMCase directory has been changed from:
	../tutorials/bread3DOurExp/ to ../ZZ_cases/2026/V29/exp0_nonDef_False/V21_phiLinLCorr_Dl_3e-10_kOp_0.18_kCl_0.18_nu_0.15_mu0_219_muV1_1000_mS_0.001_lambda_0.42_kH_16_kHB_25_r0_0.0018_per_9e-16/
OpenFOAMCase.baseDir has been copied to OpenFOAMCase.dir:
	 ../tutorials/bread3DOurExp/ --> ../ZZ_cases/2026/V29/exp0_nonDef_False/V21_phiLinLCorr_Dl_3e-10_kOp_0.18_kCl_0.18_nu_0.15_mu0_219_muV1_1000_mS_0.001_lambda_0.42_kH_16_kHB_25_r0_0.0018_per_9e-16/
In 0.org/omegaV, trying to change parameter kM in subDict sides:
	In 0.org/omegaV, I have change val of kM parameter from 0.01; to 0.01 in subDict sides.
In 0.org/omegaV, trying to change parameter kM in subDict bottom:
	In 0.org/omegaV, I have change val of kM parameter from 1e-5; to 0.001 in subDict bottom.
In 0.org/omegaV, trying to change parameter kM in subDict bottom2:
	In 0.org/omegaV, I have change val of kM parameter from 1e-5; to 0.001 in subDict bottom2.
In 0.org/omegaC, trying to change parameter kM in subDict sides:
	In 0.org/omegaC, I have change val of kM parameter from 1e-5; to 0.01 in subDict sides.
In 0.org/omegaC, trying to change parameter kM in subDict bottom:
	In 0.org/omegaC, I have change val of kM parameter from 1e-5; to 0.001 in subDict bottom.
In 0.org/omegaC, trying to change parameter kM in subDict bottom2:
	In 0.org/omegaC, I have change val of kM parameter from 1e-5; to 0.001 in subDict bottom2.
In 0.org/T, trying to change parameter alpha in subDict sides:
	In 0.org/T, I have change val of alpha parameter from 9.5; to 16 in subDict sides.
In 0.org/T, trying to change parameter alpha in subDict bottom:
	In 0.org/T, I have change val of alpha parameter from 9.5; to 25 in subDict bottom.
In 0.org/T, trying to change parameter alpha in subDict bottom2:
	In 0.org/T, I have change val of alpha parameter from 9.5; to 25 in subDict bottom2.
In 0.org/T, trying to change parameter internalField in subDict :
	In 0.org/T, I have change val of internalField parameter from uniform 302.5; to uniform 297 in subDict .
Loading all sheets from: ../Experiments2026/10_02_2026/Lab_test_2026_02_10.xlsm
  Sheet 'DATALOG': 32538 rows × 5 columns
  Sheet 'Data_Termo_1': 11554 rows × 25 columns
  Sheet 'Data_Termo_2': 6241 rows × 25 columns
  Sheet 'Data_Termo_3': 2547 rows × 25 columns
In constant/transportProperties, trying to change parameter withDeformation in subDict :
	In constant/transportProperties, I have change val of withDeformation parameter from 1; to 1 in subDict .
In constant/transportProperties, trying to change parameter permGLViscG in subDict :
	In constant/transportProperties, I have change val of permGLViscG parameter from 9e-13; to 9e-16 in subDict .
In constant/transportProperties, trying to change parameter tortOpen in subDict :
	In constant/transportProperties, I have change val of tortOpen parameter from 2; to 2.4 in subDict .
In constant/transportProperties, trying to change parameter tortClosed in subDict :
	In constant/transportProperties, I have change val of tortClosed parameter from 10; to 70 in subDict .
In constant/thermophysicalProperties, trying to change parameter lambda in subDict solid:
	In constant/thermophysicalProperties, I have change val of lambda parameter from 0.47; to 0.42 in subDict solid.
In constant/thermophysicalProperties, trying to change parameter rho in subDict solid:
	In constant/thermophysicalProperties, I have change val of rho parameter from 700; to 764 in subDict solid.
In constant/thermophysicalProperties, trying to change parameter Cp in subDict solid:
	In constant/thermophysicalProperties, I have change val of Cp parameter from 600; to 1130 in subDict solid.
In constant/thermophysicalProperties, trying to change parameter Cp in subDict liquid:
	In constant/thermophysicalProperties, I have change val of Cp parameter from 4200; to 4200 in subDict liquid.
In constant/thermophysicalProperties, trying to change parameter Cp in subDict CO2:
	In constant/thermophysicalProperties, I have change val of Cp parameter from 853; to 853 in subDict CO2.
In constant/thermophysicalProperties, trying to change parameter Cp in subDict vapor:
	In constant/thermophysicalProperties, I have change val of Cp parameter from 1878; to 1878 in subDict vapor.
In constant/thermophysicalProperties, trying to change parameter D in subDict transport:
	In constant/thermophysicalProperties, I have change val of D parameter from 5e-06; to 2.6e-05 in subDict transport.
In constant/thermophysicalProperties, trying to change parameter Dl in subDict transport:
	In constant/thermophysicalProperties, I have change val of Dl parameter from 5e-10; to 3e-10 in subDict transport.
	In constant/thermophysicalProperties, I have change val of Dl parameter from 2e-11; to 3e-10 in subDict transport.
	In constant/thermophysicalProperties, I have change val of Dl parameter from 5e-12; to 3e-10 in subDict transport.
	In constant/thermophysicalProperties, I have change val of Dl parameter from 8e-12; to 3e-10 in subDict transport.
	In constant/thermophysicalProperties, I have change val of Dl parameter from 2e-11; to 3e-10 in subDict transport.
	In constant/thermophysicalProperties, I have change val of Dl parameter from 2e-10; to 3e-10 in subDict transport.
	In constant/thermophysicalProperties, I have change val of Dl parameter from 1e-9; to 3e-10 in subDict transport.
	In constant/thermophysicalProperties, I have change val of Dl parameter from 5e-10; to 3e-10 in subDict transport.
	In constant/thermophysicalProperties, I have change val of Dl parameter from 1.5e-11; to 3e-10 in subDict transport.
In constant/reactiveProperties, trying to change parameter kMPCOpen in subDict evaporation:
	In constant/reactiveProperties, I have change val of kMPCOpen parameter from 0.42; to 0.18 in subDict evaporation.
In constant/reactiveProperties, trying to change parameter kMPCClosed in subDict evaporation:
	In constant/reactiveProperties, I have change val of kMPCClosed parameter from 0.42; to 0.18 in subDict evaporation.
In constant/reactiveProperties, trying to change parameter R0 in subDict fermentation:
	In constant/reactiveProperties, I have change val of R0 parameter from 0.0022; to 0.0018 in subDict fermentation.
In constant/reactiveProperties, trying to change parameter Tm in subDict fermentation:
	In constant/reactiveProperties, I have change val of Tm parameter from 314; to 313 in subDict fermentation.
In constant/reactiveProperties, trying to change parameter deltaT in subDict fermentation:
	In constant/reactiveProperties, I have change val of deltaT parameter from 10; to 14 in subDict fermentation.
In system/controlDict, trying to change parameter endTime in subDict :
	In system/controlDict, I have change val of endTime parameter from 900; to 2400 in subDict .
In system/controlDict, trying to change parameter deltaT in subDict :
	In system/controlDict, I have change val of deltaT parameter from 1; to 40 in subDict .
In system/controlDict, trying to change parameter writeInterval in subDict :
	In system/controlDict, I have change val of writeInterval parameter from 20; to 200 in subDict .
	In system/controlDict, I have change val of writeInterval parameter from 20; to 200 in subDict .
In system/fvSolution, trying to change parameter nOuterCorrectors in subDict PIMPLE:
	In system/fvSolution, I have change val of nOuterCorrectors parameter from 250; to 300 in subDict PIMPLE.
In system/fvSolution, trying to change parameter D in subDict fields:
	In system/fvSolution, I have change val of D parameter from 0.1; to 0.1 in subDict fields.
In system/fvSolution, trying to change parameter DFinal in subDict fields:
	In system/fvSolution, I have change val of DFinal parameter from 0.1; to 1 in subDict fields.
In system/fvSolution, trying to change parameter omegaV in subDict fields:
	In system/fvSolution, I have change val of omegaV parameter from 0.1; to 1 in subDict fields.
--> FOAM IOWarning :
    Found [v1012] 'convertToMeters' entry instead of 'scale' in dictionary "system/blockMeshDict"

    This keyword is 156 months old.

Created 'V21_phiLinLCorr_Dl_3e-10_kOp_0.18_kCl_0.18_nu_0.15_mu0_219_muV1_1000_mS_0.001_lambda_0.42_kH_16_kHB_25_r0_0.0018_per_9e-16.OpenFOAM'
No protocol specified
No protocol specified
[5] [0] [stack trace]
[5] =============
[5] #1  Foam::sigFpe::sigHandler(int) in /usr/lib/openfoam/openfoam2312/platforms/linux64GccDPInt32Opt/lib/libOpenFOAM.so
[5] #2  ? in /lib/x86_64-linux-gnu/libpthread.so.0
[5] #3  ? in /lib/x86_64-linux-gnu/libm.so.6
[5] #4  Foam::log(Foam::Field<double>&, Foam::UList<double> const&)[stack trace]
[0] =============
[0] #1  Foam::sigFpe::sigHandler(int) in /usr/lib/openfoam/openfoam2312/platforms/linux64GccDPInt32Opt/lib/libOpenFOAM.so
[0] #2  ? in /lib/x86_64-linux-gnu/libpthread.so.0
[0] #3  ? in /lib/x86_64-linux-gnu/libm.so.6
[0] #4  Foam::log(Foam::Field<double>&, Foam::UList<double> const&) in /usr/lib/openfoam/openfoam2312/platforms/linux64GccDPInt32Opt/lib/libOpenFOAM.so
[0] #5  void Foam::log<Foam::fvPatchField, Foam::volMesh>(Foam::GeometricField<double, Foam::fvPatchField, Foam::volMesh>&, Foam::GeometricField<double, Foam::fvPatchField, Foam::volMesh> const&) in /usr/lib/openfoam/openfoam2312/platforms/linux64GccDPInt32Opt/lib/libOpenFOAM.so
[5] #5  void Foam::log<Foam::fvPatchField, Foam::volMesh>(Foam::GeometricField<double, Foam::fvPatchField, Foam::volMesh>&, Foam::GeometricField<double, Foam::fvPatchField, Foam::volMesh> const&) in /usr/lib/openfoam/openfoam2312/platforms/linux64GccDPInt32Opt/lib/libfiniteVolume.so
 in /usr/lib/openfoam/openfoam2312/platforms/linux64GccDPInt32Opt/lib/libfiniteVolume.so
[0] #6  [5] #6  Foam::tmp<Foam::GeometricField<double, Foam::fvPatchField, Foam::volMesh> > Foam::log<Foam::fvPatchField, Foam::volMesh>(Foam::GeometricField<double, Foam::fvPatchField, Foam::volMesh> const&)Foam::tmp<Foam::GeometricField<double, Foam::fvPatchField, Foam::volMesh> > Foam::log<Foam::fvPatchField, Foam::volMesh>(Foam::GeometricField<double, Foam::fvPatchField, Foam::volMesh> const&) in ~/OpenFOAM/hlavatyo-v2312/platforms/linux64GccDPInt32Opt/lib/libsolids4FoamModels.so
 in ~/OpenFOAM/hlavatyo-v2312/platforms/linux64GccDPInt32Opt/lib/libsolids4FoamModels.so
[5] #7  Foam::viscoBread::correct(Foam::GeometricField<Foam::SymmTensor<double>, Foam::fvPatchField, Foam::volMesh>&)[0] #7  Foam::viscoBread::correct(Foam::GeometricField<Foam::SymmTensor<double>, Foam::fvPatchField, Foam::volMesh>&) in ~/OpenFOAM/hlavatyo-v2312/platforms/linux64GccDPInt32Opt/lib/libsolids4FoamModels.so
[0] #8  Foam::solidModels::breadBakingSolid::evolve() in ~/OpenFOAM/hlavatyo-v2312/platforms/linux64GccDPInt32Opt/lib/libsolids4FoamModels.so
[5] #8  Foam::solidModels::breadBakingSolid::evolve() in ~/OpenFOAM/hlavatyo-v2312/platforms/linux64GccDPInt32Opt/lib/libsolids4FoamModels.so
[0] #9  ? in ~/OpenFOAM/hlavatyo-v2312/platforms/linux64GccDPInt32Opt/lib/libsolids4FoamModels.so
[5] #9  ? in ~/OpenFOAM/hlavatyo-v2312/platforms/linux64GccDPInt32Opt/bin/breadBakingFoam
[0] #10  __libc_start_main in /lib/x86_64-linux-gnu/libc.so.6
[0] #11  ? in ~/OpenFOAM/hlavatyo-v2312/platforms/linux64GccDPInt32Opt/bin/breadBakingFoam
[5] #10  __libc_start_main in /lib/x86_64-linux-gnu/libc.so.6
[5] #11   in ~/OpenFOAM/hlavatyo-v2312/platforms/linux64GccDPInt32Opt/bin/breadBakingFoam
[0] =============
[butterfly:26123] *** Process received signal ***
[butterfly:26123] Signal: Floating point exception (8)
[butterfly:26123] Signal code:  (-6)
[butterfly:26123] Failing at address: 0x1980000660b
[butterfly:26123] [ 0] /lib/x86_64-linux-gnu/libpthread.so.0(+0x14420)[0x14bfacfc5420]
[butterfly:26123] [ 1] /lib/x86_64-linux-gnu/libpthread.so.0(raise+0xcb)[0x14bfacfc52ab]
[butterfly:26123] [ 2] /lib/x86_64-linux-gnu/libpthread.so.0(+0x14420)[0x14bfacfc5420]
[butterfly:26123] [ 3] /lib/x86_64-linux-gnu/libm.so.6(+0x7c470)[0x14bfad06d470]
[butterfly:26123] [ 4] ?/usr/lib/openfoam/openfoam2312/platforms/linux64GccDPInt32Opt/lib/libOpenFOAM.so(_ZN4Foam3logERNS_5FieldIdEERKNS_5UListIdEE+0x33)[0x14bfadc4c2c3]
[butterfly:26123] [ 5] /usr/lib/openfoam/openfoam2312/platforms/linux64GccDPInt32Opt/lib/libfiniteVolume.so(_ZN4Foam3logINS_12fvPatchFieldENS_7volMeshEEEvRNS_14GeometricFieldIdT_T0_EERKS6_+0x45)[0x14bfb2243665]
[butterfly:26123] [ 6] /butterfly1/hlavatyo/OpenFOAM/hlavatyo-v2312/platforms/linux64GccDPInt32Opt/lib/libsolids4FoamModels.so(_ZN4Foam3logINS_12fvPatchFieldENS_7volMeshEEENS_3tmpINS_14GeometricFieldIdT_T0_EEEERKS7_+0x183)[0x14bfae77f643]
[butterfly:26123] [ 7] /butterfly1/hlavatyo/OpenFOAM/hlavatyo-v2312/platforms/linux64GccDPInt32Opt/lib/libsolids4FoamModels.so(_ZN4Foam10viscoBread7correctERNS_14GeometricFieldINS_10SymmTensorIdEENS_12fvPatchFieldENS_7volMeshEEE+0xf06)[0x14bfae778756]
[butterfly:26123] [ 8] /butterfly1/hlavatyo/OpenFOAM/hlavatyo-v2312/platforms/linux64GccDPInt32Opt/lib/libsolids4FoamModels.so(_ZN4Foam11solidModels16breadBakingSolid6evolveEv+0x447)[0x14bfae4dae87]
[butterfly:26123] [ 9] breadBakingFoam(+0x4527c)[0x55ae2418a27c]
[butterfly:26123] [10] /lib/x86_64-linux-gnu/libc.so.6(__libc_start_main+0xf3)[0x14bfacde3083]
[butterfly:26123] [11] breadBakingFoam(+0x4a43e)[0x55ae2418f43e]
[butterfly:26123] *** End of error message ***
 in ~/OpenFOAM/hlavatyo-v2312/platforms/linux64GccDPInt32Opt/bin/breadBakingFoam
[5] =============
[butterfly:26142] *** Process received signal ***
[butterfly:26142] Signal: Floating point exception (8)
[butterfly:26142] Signal code:  (-6)
[butterfly:26142] Failing at address: 0x1980000661e
[butterfly:26142] [ 0] /lib/x86_64-linux-gnu/libpthread.so.0(+0x14420)[0x1532dc0e8420]
[butterfly:26142] [ 1] /lib/x86_64-linux-gnu/libpthread.so.0(raise+0xcb)[0x1532dc0e82ab]
[butterfly:26142] [ 2] /lib/x86_64-linux-gnu/libpthread.so.0(+0x14420)[0x1532dc0e8420]
[butterfly:26142] [ 3] /lib/x86_64-linux-gnu/libm.so.6(+0x7c470)[0x1532dc190470]
[butterfly:26142] [ 4] /usr/lib/openfoam/openfoam2312/platforms/linux64GccDPInt32Opt/lib/libOpenFOAM.so(_ZN4Foam3logERNS_5FieldIdEERKNS_5UListIdEE+0x33)[0x1532dcd6f2c3]
[butterfly:26142] [ 5] /usr/lib/openfoam/openfoam2312/platforms/linux64GccDPInt32Opt/lib/libfiniteVolume.so(_ZN4Foam3logINS_12fvPatchFieldENS_7volMeshEEEvRNS_14GeometricFieldIdT_T0_EERKS6_+0x45)[0x1532e1366665]
[butterfly:26142] [ 6] /butterfly1/hlavatyo/OpenFOAM/hlavatyo-v2312/platforms/linux64GccDPInt32Opt/lib/libsolids4FoamModels.so(_ZN4Foam3logINS_12fvPatchFieldENS_7volMeshEEENS_3tmpINS_14GeometricFieldIdT_T0_EEEERKS7_+0x183)[0x1532dd8a2643]
[butterfly:26142] [ 7] /butterfly1/hlavatyo/OpenFOAM/hlavatyo-v2312/platforms/linux64GccDPInt32Opt/lib/libsolids4FoamModels.so(_ZN4Foam10viscoBread7correctERNS_14GeometricFieldINS_10SymmTensorIdEENS_12fvPatchFieldENS_7volMeshEEE+0xf06)[0x1532dd89b756]
[butterfly:26142] [ 8] /butterfly1/hlavatyo/OpenFOAM/hlavatyo-v2312/platforms/linux64GccDPInt32Opt/lib/libsolids4FoamModels.so(_ZN4Foam11solidModels16breadBakingSolid6evolveEv+0x447)[0x1532dd5fde87]
[butterfly:26142] [ 9] breadBakingFoam(+0x4527c)[0x5644d6c5627c]
[butterfly:26142] [10] /lib/x86_64-linux-gnu/libc.so.6(__libc_start_main+0xf3)[0x1532dbf06083]
[butterfly:26142] [11] breadBakingFoam(+0x4a43e)[0x5644d6c5b43e]
[butterfly:26142] *** End of error message ***
--------------------------------------------------------------------------
Primary job  terminated normally, but 1 process returned
a non-zero exit code. Per user-direction, the job has been aborted.
--------------------------------------------------------------------------
--------------------------------------------------------------------------
mpirun noticed that process rank 5 with PID 0 on node butterfly exited on signal 8 (Floating point exception).
--------------------------------------------------------------------------
No protocol specified
[5] [stack trace]
[5] =============
[5] #1  Foam::sigFpe::sigHandler(int) in /usr/lib/openfoam/openfoam2312/platforms/linux64GccDPInt32Opt/lib/libOpenFOAM.so
[5] #2  ? in /lib/x86_64-linux-gnu/libpthread.so.0
[5] #3  ? in /lib/x86_64-linux-gnu/libm.so.6
[5] #4  powf64 in /lib/x86_64-linux-gnu/libm.so.6
[5] #5  Foam::pow(Foam::Field<double>&, Foam::UList<double> const&, double const&) in /usr/lib/openfoam/openfoam2312/platforms/linux64GccDPInt32Opt/lib/libOpenFOAM.so
[5] #6  void Foam::pow<Foam::fvPatchField, Foam::volMesh>(Foam::GeometricField<double, Foam::fvPatchField, Foam::volMesh>&, Foam::GeometricField<double, Foam::fvPatchField, Foam::volMesh> const&, Foam::dimensioned<double> const&) in ~/OpenFOAM/hlavatyo-v2312/platforms/linux64GccDPInt32Opt/bin/breadBakingFoam
[5] #7  Foam::tmp<Foam::GeometricField<double, Foam::fvPatchField, Foam::volMesh> > Foam::pow<Foam::fvPatchField, Foam::volMesh>(Foam::tmp<Foam::GeometricField<double, Foam::fvPatchField, Foam::volMesh> > const&, Foam::dimensioned<double> const&) in ~/OpenFOAM/hlavatyo-v2312/platforms/linux64GccDPInt32Opt/bin/breadBakingFoam
[5] #8  Foam::tmp<Foam::GeometricField<double, Foam::fvPatchField, Foam::volMesh> > Foam::pow<Foam::fvPatchField, Foam::volMesh>(Foam::tmp<Foam::GeometricField<double, Foam::fvPatchField, Foam::volMesh> > const&, double const&) in ~/OpenFOAM/hlavatyo-v2312/platforms/linux64GccDPInt32Opt/bin/breadBakingFoam
[5] #9  ? in ~/OpenFOAM/hlavatyo-v2312/platforms/linux64GccDPInt32Opt/bin/breadBakingFoam
[5] #10  __libc_start_main in /lib/x86_64-linux-gnu/libc.so.6
[5] #11  ? in ~/OpenFOAM/hlavatyo-v2312/platforms/linux64GccDPInt32Opt/bin/breadBakingFoam
[5] =============
[butterfly:40042] *** Process received signal ***
[butterfly:40042] Signal: Floating point exception (8)
[butterfly:40042] Signal code:  (-6)
[butterfly:40042] Failing at address: 0x19800009c6a
[butterfly:40042] [ 0] /lib/x86_64-linux-gnu/libpthread.so.0(+0x14420)[0x145cc9ffe420]
[butterfly:40042] [ 1] /lib/x86_64-linux-gnu/libpthread.so.0(raise+0xcb)[0x145cc9ffe2ab]
[butterfly:40042] [ 2] /lib/x86_64-linux-gnu/libpthread.so.0(+0x14420)[0x145cc9ffe420]
[butterfly:40042] [ 3] /lib/x86_64-linux-gnu/libm.so.6(+0x7c470)[0x145cca0a6470]
[butterfly:40042] [ 4] /lib/x86_64-linux-gnu/libm.so.6(powf64+0x18)[0x145cca06b278]
[butterfly:40042] [ 5] /usr/lib/openfoam/openfoam2312/platforms/linux64GccDPInt32Opt/lib/libOpenFOAM.so(_ZN4Foam3powERNS_5FieldIdEERKNS_5UListIdEERKd+0x39)[0x145ccac84b09]
[butterfly:40042] [ 6] breadBakingFoam(_ZN4Foam3powINS_12fvPatchFieldENS_7volMeshEEEvRNS_14GeometricFieldIdT_T0_EERKS6_RKNS_11dimensionedIdEE+0x4c)[0x55d987a1fcfc]
[butterfly:40042] [ 7] breadBakingFoam(_ZN4Foam3powINS_12fvPatchFieldENS_7volMeshEEENS_3tmpINS_14GeometricFieldIdT_T0_EEEERKS8_RKNS_11dimensionedIdEE+0x2a3)[0x55d987a79163]
[butterfly:40042] [ 8] breadBakingFoam(_ZN4Foam3powINS_12fvPatchFieldENS_7volMeshEEENS_3tmpINS_14GeometricFieldIdT_T0_EEEERKS8_RKd+0x5f)[0x55d987a7939f]
[butterfly:40042] [ 9] breadBakingFoam(+0x3c96d)[0x55d9879f896d]
[butterfly:40042] [10] /lib/x86_64-linux-gnu/libc.so.6(__libc_start_main+0xf3)[0x145cc9e1c083]
[butterfly:40042] [11] breadBakingFoam(+0x4a43e)[0x55d987a0643e]
[butterfly:40042] *** End of error message ***
--------------------------------------------------------------------------
Primary job  terminated normally, but 1 process returned
a non-zero exit code. Per user-direction, the job has been aborted.
--------------------------------------------------------------------------
--------------------------------------------------------------------------
mpirun noticed that process rank 5 with PID 0 on node butterfly exited on signal 8 (Floating point exception).
--------------------------------------------------------------------------
No protocol specified
No protocol specified
No protocol specified
No protocol specified
No protocol specified
No protocol specified
No protocol specified
In system/fvSolution, trying to change parameter omegaC in subDict fields:
	In system/fvSolution, I have change val of omegaC parameter from 0.1; to 1 in subDict fields.
In system/fvSolution, trying to change parameter pG in subDict fields:
	In system/fvSolution, I have change val of pG parameter from 0.1; to 1 in subDict fields.
In constant/mechanicalProperties, trying to change parameter E in subDict bread:
	In constant/mechanicalProperties, I have change val of E parameter from 12000; to 10000 in subDict bread.
In constant/mechanicalProperties, trying to change parameter mu0Raw in subDict bread:
	In constant/mechanicalProperties, I have change val of mu0Raw parameter from 300; to 219 in subDict bread.
In constant/mechanicalProperties, trying to change parameter kappa0Raw in subDict bread:
	In constant/mechanicalProperties, I have change val of kappa0Raw parameter from 1000; to 93.85714285714286 in subDict bread.
In constant/mechanicalProperties, trying to change parameter muV1Raw in subDict bread:
	In constant/mechanicalProperties, I have change val of muV1Raw parameter from 3000; to 1000 in subDict bread.
In constant/mechanicalProperties, trying to change parameter muV2Raw in subDict bread:
	In constant/mechanicalProperties, I have change val of muV2Raw parameter from 3000; to 0 in subDict bread.
In constant/mechanicalProperties, trying to change parameter kappaVRaw in subDict bread:
	In constant/mechanicalProperties, I have change val of kappaVRaw parameter from 6000; to 428.5714285714286 in subDict bread.
In constant/mechanicalProperties, trying to change parameter mu0Baked in subDict bread:
	In constant/mechanicalProperties, I have change val of mu0Baked parameter from 12500; to 3285 in subDict bread.
In constant/mechanicalProperties, trying to change parameter kappa0Baked in subDict bread:
	In constant/mechanicalProperties, I have change val of kappa0Baked parameter from 40000; to 1407.857142857143 in subDict bread.
In constant/mechanicalProperties, trying to change parameter tau1 in subDict bread:
	In constant/mechanicalProperties, I have change val of tau1 parameter from 1; to 15 in subDict bread.
In constant/mechanicalProperties, trying to change parameter tau2 in subDict bread:
	In constant/mechanicalProperties, I have change val of tau2 parameter from 1; to 1 in subDict bread.
In constant/mechanicalProperties, trying to change parameter tGelat in subDict bread:
	In constant/mechanicalProperties, I have change val of tGelat parameter from 65; to 65 in subDict bread.
I will execute commands in ../ZZ_cases/2026/V29/exp0_nonDef_False/V21_phiLinLCorr_Dl_3e-10_kOp_0.18_kCl_0.18_nu_0.15_mu0_219_muV1_1000_mS_0.001_lambda_0.42_kH_16_kHB_25_r0_0.0018_per_9e-16/:
	1. chmod 755 ./* -R
	2. blockMesh > log.blockMesh
I will execute commands in ../ZZ_cases/2026/V29/exp0_nonDef_False/V21_phiLinLCorr_Dl_3e-10_kOp_0.18_kCl_0.18_nu_0.15_mu0_219_muV1_1000_mS_0.001_lambda_0.42_kH_16_kHB_25_r0_0.0018_per_9e-16/:
	1. extrudeMesh > log.extrudeMesh
	2. rm -rf 0
	3. cp -r 0.org 0
	4. paraFoam -touch
In system/decomposeParDict, trying to change parameter numberOfSubdomains in subDict :
	In system/decomposeParDict, I have change val of numberOfSubdomains parameter from 2; to 8 in subDict .
I will execute commands in ../ZZ_cases/2026/V29/exp0_nonDef_False/V21_phiLinLCorr_Dl_3e-10_kOp_0.18_kCl_0.18_nu_0.15_mu0_219_muV1_1000_mS_0.001_lambda_0.42_kH_16_kHB_25_r0_0.0018_per_9e-16/:
	1. decomposePar > log.decomposePar
	2. foamJob -parallel -screen breadBakingFoam > log.breadBakingFoam
In system/controlDict, trying to change parameter endTime in subDict :
	In system/controlDict, I have change val of endTime parameter from 2400; to 2850 in subDict .
In system/controlDict, trying to change parameter deltaT in subDict :
	In system/controlDict, I have change val of deltaT parameter from 40; to 1 in subDict .
In system/fvSolution, trying to change parameter nOuterCorrectors in subDict PIMPLE:
	In system/fvSolution, I have change val of nOuterCorrectors parameter from 300; to 600 in subDict PIMPLE.
In system/fvSolution, trying to change parameter omegaV in subDict fields:
	In system/fvSolution, I have change val of omegaV parameter from 1; to 1 in subDict fields.
In system/fvSolution, trying to change parameter omegaC in subDict fields:
	In system/fvSolution, I have change val of omegaC parameter from 1; to 1 in subDict fields.
In system/fvSolution, trying to change parameter pG in subDict fields:
	In system/fvSolution, I have change val of pG parameter from 1; to 1 in subDict fields.
In system/controlDict, trying to change parameter writeInterval in subDict :
	In system/controlDict, I have change val of writeInterval parameter from 200; to 20 in subDict .
	In system/controlDict, I have change val of writeInterval parameter from 200; to 20 in subDict .
I will execute commands in ../ZZ_cases/2026/V29/exp0_nonDef_False/V21_phiLinLCorr_Dl_3e-10_kOp_0.18_kCl_0.18_nu_0.15_mu0_219_muV1_1000_mS_0.001_lambda_0.42_kH_16_kHB_25_r0_0.0018_per_9e-16/:
	1. foamJob -parallel -screen breadBakingFoam > log.breadBakingFoam_2
In system/controlDict, trying to change parameter endTime in subDict :
	In system/controlDict, I have change val of endTime parameter from 2850; to 3650 in subDict .
In system/controlDict, trying to change parameter deltaT in subDict :
	In system/controlDict, I have change val of deltaT parameter from 1; to 1 in subDict .
In constant/transportProperties, trying to change parameter withDeformation in subDict :
	In constant/transportProperties, I have change val of withDeformation parameter from 1; to 0 in subDict .
In system/fvSolution, trying to change parameter omegaV in subDict fields:
	In system/fvSolution, I have change val of omegaV parameter from 1; to 0.05 in subDict fields.
In system/fvSolution, trying to change parameter omegaC in subDict fields:
	In system/fvSolution, I have change val of omegaC parameter from 1; to 0.05 in subDict fields.
In system/fvSolution, trying to change parameter pG in subDict fields:
	In system/fvSolution, I have change val of pG parameter from 1; to 0.05 in subDict fields.
In system/fvSolution, trying to change parameter nOuterCorrectors in subDict PIMPLE:
	In system/fvSolution, I have change val of nOuterCorrectors parameter from 600; to 50 in subDict PIMPLE.
I will execute commands in ../ZZ_cases/2026/V29/exp0_nonDef_False/V21_phiLinLCorr_Dl_3e-10_kOp_0.18_kCl_0.18_nu_0.15_mu0_219_muV1_1000_mS_0.001_lambda_0.42_kH_16_kHB_25_r0_0.0018_per_9e-16/:
	1. foamJob -parallel -screen breadBakingFoam > log.breadBakingFoam_3
Found OpenFOAMCase parallel times are:
	[0.0, 2640.0, 1000.0, 2600.0, 2460.0, 2540.0, 2480.0, 800.0, 2400.0, 2580.0, 1600.0, 2000.0, 2440.0, 1200.0, 1400.0, 2420.0, 1800.0, 2520.0, 200.0, 2200.0, 400.0, 2500.0, 2560.0, 2620.0, 600.0],
latestTime:
	2640
I will execute commands in ../ZZ_cases/2026/V29/exp0_nonDef_False/V21_phiLinLCorr_Dl_3e-10_kOp_0.18_kCl_0.18_nu_0.15_mu0_219_muV1_1000_mS_0.001_lambda_0.42_kH_16_kHB_25_r0_0.0018_per_9e-16/:
	1. rm -rf processor*/0
	2. foamJob -parallel -screen postProcess -func "probeOur" -dict system/probeOur > log.postProcess
	3. foamJob -parallel -screen TLFProbe -point "(1e-3 1e-3 0)" > log.TPoint6
	4. foamJob -parallel -screen intMoisture > log.intMoisture
	5. foamJob -parallel -screen intWeigth > log.intWeigth
I will execute commands in ../ZZ_cases/2026/V29/exp0_nonDef_False/V21_phiLinLCorr_Dl_3e-10_kOp_0.18_kCl_0.18_nu_0.15_mu0_219_muV1_1000_mS_0.001_lambda_0.42_kH_16_kHB_25_r0_0.0018_per_9e-16/:
	1. foamJob -parallel -screen TLFProbe -point "(0.0445 0.03128 0)" > log.TPoint1
I will execute commands in ../ZZ_cases/2026/V29/exp0_nonDef_False/V21_phiLinLCorr_Dl_3e-10_kOp_0.18_kCl_0.18_nu_0.15_mu0_219_muV1_1000_mS_0.001_lambda_0.42_kH_16_kHB_25_r0_0.0018_per_9e-16/:
	1. foamJob -parallel -screen TLFProbe -point "(0.0435 0.010417 0)" > log.TPoint2
I will execute commands in ../ZZ_cases/2026/V29/exp0_nonDef_False/V21_phiLinLCorr_Dl_3e-10_kOp_0.18_kCl_0.18_nu_0.15_mu0_219_muV1_1000_mS_0.001_lambda_0.42_kH_16_kHB_25_r0_0.0018_per_9e-16/:
	1. foamJob -parallel -screen TLFProbe -point "(0.0336 0.025907 0)" > log.TPoint3
No protocol specified
I will execute commands in ../ZZ_cases/2026/V29/exp0_nonDef_False/V21_phiLinLCorr_Dl_3e-10_kOp_0.18_kCl_0.18_nu_0.15_mu0_219_muV1_1000_mS_0.001_lambda_0.42_kH_16_kHB_25_r0_0.0018_per_9e-16/:
	1. foamJob -parallel -screen TLFProbe -point "(0.0146 0.047604 0)" > log.TPoint4
Loading all sheets from: ../Experiments2026/10_02_2026/Lab_test_2026_02_10.xlsm
  Sheet 'DATALOG': 32538 rows × 5 columns
  Sheet 'Data_Termo_1': 11554 rows × 25 columns
  Sheet 'Data_Termo_2': 6241 rows × 25 columns
  Sheet 'Data_Termo_3': 2547 rows × 25 columns
Loading all sheets from: ../Experiments2026/10_02_2026/Exp_2/opcua_log_20260210_144124.xlsx
  Sheet 'Sheet1': 1338 rows × 8 columns
Loading all sheets from: ../Experiments2026/10_02_2026/Lab_test_2026_02_10.xlsm
  Sheet 'DATALOG': 32538 rows × 5 columns
  Sheet 'Data_Termo_1': 11554 rows × 25 columns
  Sheet 'Data_Termo_2': 6241 rows × 25 columns
  Sheet 'Data_Termo_3': 2547 rows × 25 columns
Loading all sheets from: ../Experiments2026/10_02_2026/Exp_3/opcua_log_20260210_153553.xlsx
  Sheet 'Sheet1': 893 rows × 8 columns
Loading all sheets from: ../Experiments2026/11_02_2026/Lab_test_2026_02_11.xlsm
  Sheet 'Thermometers': 19 rows × 10 columns
  Sheet 'DATALOG': 19196 rows × 5 columns
  Sheet 'Data_Termo_1': 14022 rows × 25 columns
  Sheet 'Data_Termo_2': 10978 rows × 25 columns
  Sheet 'Data_Termo_3': 7613 rows × 25 columns
  Sheet 'Data_Termo_4': 3804 rows × 25 columns
Loading all sheets from: ../Experiments2026/11_02_2026/Exp_1/opcua_log_20260211_115313.xlsx
  Sheet 'Sheet1': 767 rows × 8 columns
Loading all sheets from: ../Experiments2026/11_02_2026/Lab_test_2026_02_11.xlsm
  Sheet 'Thermometers': 19 rows × 10 columns
  Sheet 'DATALOG': 19196 rows × 5 columns
  Sheet 'Data_Termo_1': 14022 rows × 25 columns
  Sheet 'Data_Termo_2': 10978 rows × 25 columns
  Sheet 'Data_Termo_3': 7613 rows × 25 columns
  Sheet 'Data_Termo_4': 3804 rows × 25 columns
Loading all sheets from: ../Experiments2026/11_02_2026/Exp_2/opcua_log_20260211_125251.xlsx
  Sheet 'Sheet1': 836 rows × 8 columns
Loading all sheets from: ../Experiments2026/11_02_2026/Lab_test_2026_02_11.xlsm
  Sheet 'Thermometers': 19 rows × 10 columns
  Sheet 'DATALOG': 19196 rows × 5 columns
  Sheet 'Data_Termo_1': 14022 rows × 25 columns
  Sheet 'Data_Termo_2': 10978 rows × 25 columns
  Sheet 'Data_Termo_3': 7613 rows × 25 columns
  Sheet 'Data_Termo_4': 3804 rows × 25 columns
Loading all sheets from: ../Experiments2026/11_02_2026/Exp_3/opcua_log_20260211_135519.xlsx
  Sheet 'Sheet1': 773 rows × 8 columns
Loading all sheets from: ../Experiments2026/11_02_2026/Lab_test_2026_02_11.xlsm
  Sheet 'Thermometers': 19 rows × 10 columns
  Sheet 'DATALOG': 19196 rows × 5 columns
  Sheet 'Data_Termo_1': 14022 rows × 25 columns
  Sheet 'Data_Termo_2': 10978 rows × 25 columns
  Sheet 'Data_Termo_3': 7613 rows × 25 columns
  Sheet 'Data_Termo_4': 3804 rows × 25 columns
Loading all sheets from: ../Experiments2026/11_02_2026/Exp_4/opcua_log_20260211_150638.xlsx
  Sheet 'Sheet1': 907 rows × 8 columns
[[2.00000000e+02 6.43795797e-03]
 [4.00000000e+02 6.43796309e-03]
 [6.00000000e+02 6.43796898e-03]
 [8.00000000e+02 6.43797572e-03]
 [1.00000000e+03 6.43798342e-03]
 [1.20000000e+03 6.43799218e-03]
 [1.40000000e+03 6.43800209e-03]
 [1.60000000e+03 6.43801323e-03]
 [1.80000000e+03 6.43802570e-03]
 [2.00000000e+03 6.43803963e-03]
 [2.20000000e+03 6.43805514e-03]
 [2.40000000e+03 6.43807241e-03]
 [2.42000000e+03 6.43808083e-03]
 [2.44000000e+03 6.43809340e-03]
 [2.46000000e+03 6.43811232e-03]
 [2.48000000e+03 6.43813777e-03]
 [2.50000000e+03 6.43817009e-03]
 [2.52000000e+03 6.43820876e-03]
 [2.54000000e+03 6.43825111e-03]
 [2.56000000e+03 6.43829570e-03]
 [2.58000000e+03 6.43834468e-03]
 [2.60000000e+03 6.43840313e-03]
 [2.62000000e+03 6.43848322e-03]
 [2.64000000e+03 6.43855437e-03]]
(24, 2)
New OpenFOAMCase has been initialized, starting directory is:
	/butterfly2/hlavatyo/bread/breadBakingFoamTechMathGroup/pyCtrlScripts
OpenFOAMCase.baseCase has been set to :
	../tutorials/bread3DOurExp/
OpenFOAMCase directory has been changed from:
	../tutorials/bread3DOurExp/ to ../ZZ_cases/2026/V29/exp0_nonDef_False/V19_phiLinLCorr_Dl_3e-10_kOp_0.18_kCl_0.18_nu_0.15_mu0_219_muV1_1000_mS_0.0007_lambda_0.42_kH_16_kHB_25_r0_0.0018_per_9e-16/
OpenFOAMCase.baseDir has been copied to OpenFOAMCase.dir:
	 ../tutorials/bread3DOurExp/ --> ../ZZ_cases/2026/V29/exp0_nonDef_False/V19_phiLinLCorr_Dl_3e-10_kOp_0.18_kCl_0.18_nu_0.15_mu0_219_muV1_1000_mS_0.0007_lambda_0.42_kH_16_kHB_25_r0_0.0018_per_9e-16/
In 0.org/omegaV, trying to change parameter kM in subDict sides:
	In 0.org/omegaV, I have change val of kM parameter from 0.01; to 0.01 in subDict sides.
In 0.org/omegaV, trying to change parameter kM in subDict bottom:
	In 0.org/omegaV, I have change val of kM parameter from 1e-5; to 0.001 in subDict bottom.
In 0.org/omegaV, trying to change parameter kM in subDict bottom2:
	In 0.org/omegaV, I have change val of kM parameter from 1e-5; to 0.001 in subDict bottom2.
In 0.org/omegaC, trying to change parameter kM in subDict sides:
	In 0.org/omegaC, I have change val of kM parameter from 1e-5; to 0.01 in subDict sides.
In 0.org/omegaC, trying to change parameter kM in subDict bottom:
	In 0.org/omegaC, I have change val of kM parameter from 1e-5; to 0.001 in subDict bottom.
In 0.org/omegaC, trying to change parameter kM in subDict bottom2:
	In 0.org/omegaC, I have change val of kM parameter from 1e-5; to 0.001 in subDict bottom2.
In 0.org/T, trying to change parameter alpha in subDict sides:
	In 0.org/T, I have change val of alpha parameter from 9.5; to 16 in subDict sides.
In 0.org/T, trying to change parameter alpha in subDict bottom:
	In 0.org/T, I have change val of alpha parameter from 9.5; to 25 in subDict bottom.
In 0.org/T, trying to change parameter alpha in subDict bottom2:
	In 0.org/T, I have change val of alpha parameter from 9.5; to 25 in subDict bottom2.
In 0.org/T, trying to change parameter internalField in subDict :
	In 0.org/T, I have change val of internalField parameter from uniform 302.5; to uniform 297 in subDict .
Loading all sheets from: ../Experiments2026/10_02_2026/Lab_test_2026_02_10.xlsm
  Sheet 'DATALOG': 32538 rows × 5 columns
  Sheet 'Data_Termo_1': 11554 rows × 25 columns
  Sheet 'Data_Termo_2': 6241 rows × 25 columns
  Sheet 'Data_Termo_3': 2547 rows × 25 columns
In constant/transportProperties, trying to change parameter withDeformation in subDict :
	In constant/transportProperties, I have change val of withDeformation parameter from 1; to 1 in subDict .
In constant/transportProperties, trying to change parameter permGLViscG in subDict :
	In constant/transportProperties, I have change val of permGLViscG parameter from 9e-13; to 9e-16 in subDict .
In constant/transportProperties, trying to change parameter tortOpen in subDict :
	In constant/transportProperties, I have change val of tortOpen parameter from 2; to 2.4 in subDict .
In constant/transportProperties, trying to change parameter tortClosed in subDict :
	In constant/transportProperties, I have change val of tortClosed parameter from 10; to 70 in subDict .
In constant/thermophysicalProperties, trying to change parameter lambda in subDict solid:
	In constant/thermophysicalProperties, I have change val of lambda parameter from 0.47; to 0.42 in subDict solid.
In constant/thermophysicalProperties, trying to change parameter rho in subDict solid:
	In constant/thermophysicalProperties, I have change val of rho parameter from 700; to 764 in subDict solid.
In constant/thermophysicalProperties, trying to change parameter Cp in subDict solid:
	In constant/thermophysicalProperties, I have change val of Cp parameter from 600; to 1130 in subDict solid.
In constant/thermophysicalProperties, trying to change parameter Cp in subDict liquid:
	In constant/thermophysicalProperties, I have change val of Cp parameter from 4200; to 4200 in subDict liquid.
In constant/thermophysicalProperties, trying to change parameter Cp in subDict CO2:
	In constant/thermophysicalProperties, I have change val of Cp parameter from 853; to 853 in subDict CO2.
In constant/thermophysicalProperties, trying to change parameter Cp in subDict vapor:
	In constant/thermophysicalProperties, I have change val of Cp parameter from 1878; to 1878 in subDict vapor.
In constant/thermophysicalProperties, trying to change parameter D in subDict transport:
	In constant/thermophysicalProperties, I have change val of D parameter from 5e-06; to 2.6e-05 in subDict transport.
In constant/thermophysicalProperties, trying to change parameter Dl in subDict transport:
	In constant/thermophysicalProperties, I have change val of Dl parameter from 5e-10; to 3e-10 in subDict transport.
	In constant/thermophysicalProperties, I have change val of Dl parameter from 2e-11; to 3e-10 in subDict transport.
	In constant/thermophysicalProperties, I have change val of Dl parameter from 5e-12; to 3e-10 in subDict transport.
	In constant/thermophysicalProperties, I have change val of Dl parameter from 8e-12; to 3e-10 in subDict transport.
	In constant/thermophysicalProperties, I have change val of Dl parameter from 2e-11; to 3e-10 in subDict transport.
	In constant/thermophysicalProperties, I have change val of Dl parameter from 2e-10; to 3e-10 in subDict transport.
	In constant/thermophysicalProperties, I have change val of Dl parameter from 1e-9; to 3e-10 in subDict transport.
	In constant/thermophysicalProperties, I have change val of Dl parameter from 5e-10; to 3e-10 in subDict transport.
	In constant/thermophysicalProperties, I have change val of Dl parameter from 1.5e-11; to 3e-10 in subDict transport.
In constant/reactiveProperties, trying to change parameter kMPCOpen in subDict evaporation:
	In constant/reactiveProperties, I have change val of kMPCOpen parameter from 0.42; to 0.18 in subDict evaporation.
In constant/reactiveProperties, trying to change parameter kMPCClosed in subDict evaporation:
	In constant/reactiveProperties, I have change val of kMPCClosed parameter from 0.42; to 0.18 in subDict evaporation.
In constant/reactiveProperties, trying to change parameter R0 in subDict fermentation:
	In constant/reactiveProperties, I have change val of R0 parameter from 0.0022; to 0.0018 in subDict fermentation.
In constant/reactiveProperties, trying to change parameter Tm in subDict fermentation:
	In constant/reactiveProperties, I have change val of Tm parameter from 314; to 313 in subDict fermentation.
In constant/reactiveProperties, trying to change parameter deltaT in subDict fermentation:
	In constant/reactiveProperties, I have change val of deltaT parameter from 10; to 14 in subDict fermentation.
In system/controlDict, trying to change parameter endTime in subDict :
	In system/controlDict, I have change val of endTime parameter from 900; to 2400 in subDict .
In system/controlDict, trying to change parameter deltaT in subDict :
	In system/controlDict, I have change val of deltaT parameter from 1; to 40 in subDict .
In system/controlDict, trying to change parameter writeInterval in subDict :
	In system/controlDict, I have change val of writeInterval parameter from 20; to 200 in subDict .
	In system/controlDict, I have change val of writeInterval parameter from 20; to 200 in subDict .
In system/fvSolution, trying to change parameter nOuterCorrectors in subDict PIMPLE:
	In system/fvSolution, I have change val of nOuterCorrectors parameter from 250; to 400 in subDict PIMPLE.
In system/fvSolution, trying to change parameter D in subDict fields:
	In system/fvSolution, I have change val of D parameter from 0.1; to 0.1 in subDict fields.
In system/fvSolution, trying to change parameter DFinal in subDict fields:
	In system/fvSolution, I have change val of DFinal parameter from 0.1; to 1 in subDict fields.
In system/fvSolution, trying to change parameter omegaV in subDict fields:
	In system/fvSolution, I have change val of omegaV parameter from 0.1; to 1 in subDict fields.
--> FOAM IOWarning :
    Found [v1012] 'convertToMeters' entry instead of 'scale' in dictionary "system/blockMeshDict"

    This keyword is 156 months old.

Created 'V19_phiLinLCorr_Dl_3e-10_kOp_0.18_kCl_0.18_nu_0.15_mu0_219_muV1_1000_mS_0.0007_lambda_0.42_kH_16_kHB_25_r0_0.0018_per_9e-16.OpenFOAM'
No protocol specified
No protocol specified
[0] [stack trace]
[0] =============
[0] #1  Foam::sigFpe::sigHandler(int) in /usr/lib/openfoam/openfoam2312/platforms/linux64GccDPInt32Opt/lib/libOpenFOAM.so
[0] #2  ? in /lib/x86_64-linux-gnu/libpthread.so.0
[0] #3  ? in /lib/x86_64-linux-gnu/libm.so.6
[0] #4  Foam::log(Foam::Field<double>&, Foam::UList<double> const&) in /usr/lib/openfoam/openfoam2312/platforms/linux64GccDPInt32Opt/lib/libOpenFOAM.so
[0] #5  void Foam::log<Foam::fvPatchField, Foam::volMesh>(Foam::GeometricField<double, Foam::fvPatchField, Foam::volMesh>&, Foam::GeometricField<double, Foam::fvPatchField, Foam::volMesh> const&) in /usr/lib/openfoam/openfoam2312/platforms/linux64GccDPInt32Opt/lib/libfiniteVolume.so
[0] #6  Foam::tmp<Foam::GeometricField<double, Foam::fvPatchField, Foam::volMesh> > Foam::log<Foam::fvPatchField, Foam::volMesh>(Foam::GeometricField<double, Foam::fvPatchField, Foam::volMesh> const&) in ~/OpenFOAM/hlavatyo-v2312/platforms/linux64GccDPInt32Opt/lib/libsolids4FoamModels.so
[0] #7  Foam::viscoBread::correct(Foam::GeometricField<Foam::SymmTensor<double>, Foam::fvPatchField, Foam::volMesh>&) in ~/OpenFOAM/hlavatyo-v2312/platforms/linux64GccDPInt32Opt/lib/libsolids4FoamModels.so
[0] #8  Foam::solidModels::breadBakingSolid::evolve() in ~/OpenFOAM/hlavatyo-v2312/platforms/linux64GccDPInt32Opt/lib/libsolids4FoamModels.so
[0] #9  ? in ~/OpenFOAM/hlavatyo-v2312/platforms/linux64GccDPInt32Opt/bin/breadBakingFoam
[0] #10  __libc_start_main in /lib/x86_64-linux-gnu/libc.so.6
[0] #11  ? in ~/OpenFOAM/hlavatyo-v2312/platforms/linux64GccDPInt32Opt/bin/breadBakingFoam
[0] =============
[butterfly:576236] *** Process received signal ***
[butterfly:576236] Signal: Floating point exception (8)
[butterfly:576236] Signal code:  (-6)
[butterfly:576236] Failing at address: 0x1980008caec
[butterfly:576236] [ 0] /lib/x86_64-linux-gnu/libpthread.so.0(+0x14420)[0x150ff8f88420]
[butterfly:576236] [ 1] /lib/x86_64-linux-gnu/libpthread.so.0(raise+0xcb)[0x150ff8f882ab]
[butterfly:576236] [ 2] /lib/x86_64-linux-gnu/libpthread.so.0(+0x14420)[0x150ff8f88420]
[butterfly:576236] [ 3] /lib/x86_64-linux-gnu/libm.so.6(+0x7c470)[0x150ff9030470]
[butterfly:576236] [ 4] /usr/lib/openfoam/openfoam2312/platforms/linux64GccDPInt32Opt/lib/libOpenFOAM.so(_ZN4Foam3logERNS_5FieldIdEERKNS_5UListIdEE+0x33)[0x150ff9c0f2c3]
[butterfly:576236] [ 5] /usr/lib/openfoam/openfoam2312/platforms/linux64GccDPInt32Opt/lib/libfiniteVolume.so(_ZN4Foam3logINS_12fvPatchFieldENS_7volMeshEEEvRNS_14GeometricFieldIdT_T0_EERKS6_+0x9c)[0x150ffe2066bc]
[butterfly:576236] [ 6] /butterfly1/hlavatyo/OpenFOAM/hlavatyo-v2312/platforms/linux64GccDPInt32Opt/lib/libsolids4FoamModels.so(_ZN4Foam3logINS_12fvPatchFieldENS_7volMeshEEENS_3tmpINS_14GeometricFieldIdT_T0_EEEERKS7_+0x183)[0x150ffa742643]
[butterfly:576236] [ 7] /butterfly1/hlavatyo/OpenFOAM/hlavatyo-v2312/platforms/linux64GccDPInt32Opt/lib/libsolids4FoamModels.so(_ZN4Foam10viscoBread7correctERNS_14GeometricFieldINS_10SymmTensorIdEENS_12fvPatchFieldENS_7volMeshEEE+0xf06)[0x150ffa73b756]
[butterfly:576236] [ 8] /butterfly1/hlavatyo/OpenFOAM/hlavatyo-v2312/platforms/linux64GccDPInt32Opt/lib/libsolids4FoamModels.so(_ZN4Foam11solidModels16breadBakingSolid6evolveEv+0x447)[0x150ffa49de87]
[butterfly:576236] [ 9] breadBakingFoam(+0x4527c)[0x55fd0d93027c]
[butterfly:576236] [10] /lib/x86_64-linux-gnu/libc.so.6(__libc_start_main+0xf3)[0x150ff8da6083]
[butterfly:576236] [11] breadBakingFoam(+0x4a43e)[0x55fd0d93543e]
[butterfly:576236] *** End of error message ***
--------------------------------------------------------------------------
Primary job  terminated normally, but 1 process returned
a non-zero exit code. Per user-direction, the job has been aborted.
--------------------------------------------------------------------------
--------------------------------------------------------------------------
mpirun noticed that process rank 0 with PID 0 on node butterfly exited on signal 8 (Floating point exception).
--------------------------------------------------------------------------
No protocol specified
No protocol specified
No protocol specified
No protocol specified
No protocol specified
No protocol specified
In system/fvSolution, trying to change parameter omegaC in subDict fields:
	In system/fvSolution, I have change val of omegaC parameter from 0.1; to 1 in subDict fields.
In system/fvSolution, trying to change parameter pG in subDict fields:
	In system/fvSolution, I have change val of pG parameter from 0.1; to 1 in subDict fields.
In constant/mechanicalProperties, trying to change parameter E in subDict bread:
	In constant/mechanicalProperties, I have change val of E parameter from 12000; to 10000 in subDict bread.
In constant/mechanicalProperties, trying to change parameter mu0Raw in subDict bread:
	In constant/mechanicalProperties, I have change val of mu0Raw parameter from 300; to 219 in subDict bread.
In constant/mechanicalProperties, trying to change parameter kappa0Raw in subDict bread:
	In constant/mechanicalProperties, I have change val of kappa0Raw parameter from 1000; to 93.85714285714286 in subDict bread.
In constant/mechanicalProperties, trying to change parameter muV1Raw in subDict bread:
	In constant/mechanicalProperties, I have change val of muV1Raw parameter from 3000; to 1000 in subDict bread.
In constant/mechanicalProperties, trying to change parameter muV2Raw in subDict bread:
	In constant/mechanicalProperties, I have change val of muV2Raw parameter from 3000; to 0 in subDict bread.
In constant/mechanicalProperties, trying to change parameter kappaVRaw in subDict bread:
	In constant/mechanicalProperties, I have change val of kappaVRaw parameter from 6000; to 428.5714285714286 in subDict bread.
In constant/mechanicalProperties, trying to change parameter mu0Baked in subDict bread:
	In constant/mechanicalProperties, I have change val of mu0Baked parameter from 12500; to 3285 in subDict bread.
In constant/mechanicalProperties, trying to change parameter kappa0Baked in subDict bread:
	In constant/mechanicalProperties, I have change val of kappa0Baked parameter from 40000; to 1407.857142857143 in subDict bread.
In constant/mechanicalProperties, trying to change parameter tau1 in subDict bread:
	In constant/mechanicalProperties, I have change val of tau1 parameter from 1; to 15 in subDict bread.
In constant/mechanicalProperties, trying to change parameter tau2 in subDict bread:
	In constant/mechanicalProperties, I have change val of tau2 parameter from 1; to 1 in subDict bread.
In constant/mechanicalProperties, trying to change parameter tGelat in subDict bread:
	In constant/mechanicalProperties, I have change val of tGelat parameter from 65; to 65 in subDict bread.
I will execute commands in ../ZZ_cases/2026/V29/exp0_nonDef_False/V19_phiLinLCorr_Dl_3e-10_kOp_0.18_kCl_0.18_nu_0.15_mu0_219_muV1_1000_mS_0.0007_lambda_0.42_kH_16_kHB_25_r0_0.0018_per_9e-16/:
	1. chmod 755 ./* -R
	2. blockMesh > log.blockMesh
I will execute commands in ../ZZ_cases/2026/V29/exp0_nonDef_False/V19_phiLinLCorr_Dl_3e-10_kOp_0.18_kCl_0.18_nu_0.15_mu0_219_muV1_1000_mS_0.0007_lambda_0.42_kH_16_kHB_25_r0_0.0018_per_9e-16/:
	1. extrudeMesh > log.extrudeMesh
	2. rm -rf 0
	3. cp -r 0.org 0
	4. paraFoam -touch
In system/decomposeParDict, trying to change parameter numberOfSubdomains in subDict :
	In system/decomposeParDict, I have change val of numberOfSubdomains parameter from 2; to 16 in subDict .
I will execute commands in ../ZZ_cases/2026/V29/exp0_nonDef_False/V19_phiLinLCorr_Dl_3e-10_kOp_0.18_kCl_0.18_nu_0.15_mu0_219_muV1_1000_mS_0.0007_lambda_0.42_kH_16_kHB_25_r0_0.0018_per_9e-16/:
	1. decomposePar > log.decomposePar
	2. foamJob -parallel -screen breadBakingFoam > log.breadBakingFoam
In system/controlDict, trying to change parameter endTime in subDict :
	In system/controlDict, I have change val of endTime parameter from 2400; to 2850 in subDict .
In system/controlDict, trying to change parameter deltaT in subDict :
	In system/controlDict, I have change val of deltaT parameter from 40; to 0.5 in subDict .
In system/fvSolution, trying to change parameter nOuterCorrectors in subDict PIMPLE:
	In system/fvSolution, I have change val of nOuterCorrectors parameter from 400; to 300 in subDict PIMPLE.
In system/fvSolution, trying to change parameter omegaV in subDict fields:
	In system/fvSolution, I have change val of omegaV parameter from 1; to 0.8 in subDict fields.
In system/fvSolution, trying to change parameter omegaC in subDict fields:
	In system/fvSolution, I have change val of omegaC parameter from 1; to 0.8 in subDict fields.
In system/fvSolution, trying to change parameter D in subDict fields:
	In system/fvSolution, I have change val of D parameter from 0.1; to 0.5 in subDict fields.
In system/fvSolution, trying to change parameter pG in subDict fields:
	In system/fvSolution, I have change val of pG parameter from 1; to 0.8 in subDict fields.
In system/controlDict, trying to change parameter writeInterval in subDict :
	In system/controlDict, I have change val of writeInterval parameter from 200; to 20 in subDict .
	In system/controlDict, I have change val of writeInterval parameter from 200; to 20 in subDict .
I will execute commands in ../ZZ_cases/2026/V29/exp0_nonDef_False/V19_phiLinLCorr_Dl_3e-10_kOp_0.18_kCl_0.18_nu_0.15_mu0_219_muV1_1000_mS_0.0007_lambda_0.42_kH_16_kHB_25_r0_0.0018_per_9e-16/:
	1. foamJob -parallel -screen breadBakingFoam > log.breadBakingFoam_2
In system/controlDict, trying to change parameter endTime in subDict :
	In system/controlDict, I have change val of endTime parameter from 2850; to 3650 in subDict .
In system/controlDict, trying to change parameter deltaT in subDict :
	In system/controlDict, I have change val of deltaT parameter from 0.5; to 1 in subDict .
In constant/transportProperties, trying to change parameter withDeformation in subDict :
	In constant/transportProperties, I have change val of withDeformation parameter from 1; to 0 in subDict .
In system/fvSolution, trying to change parameter omegaV in subDict fields:
	In system/fvSolution, I have change val of omegaV parameter from 0.8; to 0.01 in subDict fields.
In system/fvSolution, trying to change parameter omegaC in subDict fields:
	In system/fvSolution, I have change val of omegaC parameter from 0.8; to 0.01 in subDict fields.
In system/fvSolution, trying to change parameter pG in subDict fields:
	In system/fvSolution, I have change val of pG parameter from 0.8; to 0.01 in subDict fields.
In system/fvSolution, trying to change parameter nOuterCorrectors in subDict PIMPLE:
	In system/fvSolution, I have change val of nOuterCorrectors parameter from 300; to 100 in subDict PIMPLE.
I will execute commands in ../ZZ_cases/2026/V29/exp0_nonDef_False/V19_phiLinLCorr_Dl_3e-10_kOp_0.18_kCl_0.18_nu_0.15_mu0_219_muV1_1000_mS_0.0007_lambda_0.42_kH_16_kHB_25_r0_0.0018_per_9e-16/:
	1. foamJob -parallel -screen breadBakingFoam > log.breadBakingFoam_3
Found OpenFOAMCase parallel times are:
	[3040.0, 2700.0, 2660.0, 3580.0, 3120.0, 0.0, 3080.0, 3380.0, 3320.0, 2860.0, 3520.0, 2820.0, 3400.0, 2900.0, 2640.0, 2980.0, 3620.0, 1000.0, 3540.0, 3300.0, 3600.0, 2600.0, 2460.0, 2680.0, 2540.0, 3160.0, 3640.0, 2480.0, 800.0, 2400.0, 2580.0, 1600.0, 2800.0, 2760.0, 2000.0, 3460.0, 2440.0, 3020.0, 3000.0, 1200.0, 3500.0, 1400.0, 3060.0, 2420.0, 1800.0, 2520.0, 3360.0, 3140.0, 2940.0, 3560.0, 3420.0, 2920.0, 2780.0, 3280.0, 2880.0, 3220.0, 3100.0, 3340.0, 200.0, 3440.0, 3260.0, 3240.0, 2720.0, 2200.0, 400.0, 3180.0, 3480.0, 2500.0, 2560.0, 2620.0, 2960.0, 3200.0, 600.0, 2740.0, 2840.0],
latestTime:
	3640
I will execute commands in ../ZZ_cases/2026/V29/exp0_nonDef_False/V19_phiLinLCorr_Dl_3e-10_kOp_0.18_kCl_0.18_nu_0.15_mu0_219_muV1_1000_mS_0.0007_lambda_0.42_kH_16_kHB_25_r0_0.0018_per_9e-16/:
	1. rm -rf processor*/0
	2. foamJob -parallel -screen postProcess -func "probeOur" -dict system/probeOur > log.postProcess
	3. foamJob -parallel -screen TLFProbe -point "(1e-3 1e-3 0)" > log.TPoint6
	4. foamJob -parallel -screen intMoisture > log.intMoisture
	5. foamJob -parallel -screen intWeigth > log.intWeigth
I will execute commands in ../ZZ_cases/2026/V29/exp0_nonDef_False/V19_phiLinLCorr_Dl_3e-10_kOp_0.18_kCl_0.18_nu_0.15_mu0_219_muV1_1000_mS_0.0007_lambda_0.42_kH_16_kHB_25_r0_0.0018_per_9e-16/:
	1. foamJob -parallel -screen TLFProbe -point "(0.0445 0.03128 0)" > log.TPoint1
No protocol specified
No protocol specified
No protocol specified
I will execute commands in ../ZZ_cases/2026/V29/exp0_nonDef_False/V19_phiLinLCorr_Dl_3e-10_kOp_0.18_kCl_0.18_nu_0.15_mu0_219_muV1_1000_mS_0.0007_lambda_0.42_kH_16_kHB_25_r0_0.0018_per_9e-16/:
	1. foamJob -parallel -screen TLFProbe -point "(0.0435 0.010417 0)" > log.TPoint2
I will execute commands in ../ZZ_cases/2026/V29/exp0_nonDef_False/V19_phiLinLCorr_Dl_3e-10_kOp_0.18_kCl_0.18_nu_0.15_mu0_219_muV1_1000_mS_0.0007_lambda_0.42_kH_16_kHB_25_r0_0.0018_per_9e-16/:
	1. foamJob -parallel -screen TLFProbe -point "(0.0336 0.025907 0)" > log.TPoint3
I will execute commands in ../ZZ_cases/2026/V29/exp0_nonDef_False/V19_phiLinLCorr_Dl_3e-10_kOp_0.18_kCl_0.18_nu_0.15_mu0_219_muV1_1000_mS_0.0007_lambda_0.42_kH_16_kHB_25_r0_0.0018_per_9e-16/:
	1. foamJob -parallel -screen TLFProbe -point "(0.0146 0.047604 0)" > log.TPoint4
Loading all sheets from: ../Experiments2026/10_02_2026/Lab_test_2026_02_10.xlsm
  Sheet 'DATALOG': 32538 rows × 5 columns
  Sheet 'Data_Termo_1': 11554 rows × 25 columns
  Sheet 'Data_Termo_2': 6241 rows × 25 columns
  Sheet 'Data_Termo_3': 2547 rows × 25 columns
Loading all sheets from: ../Experiments2026/10_02_2026/Exp_2/opcua_log_20260210_144124.xlsx
  Sheet 'Sheet1': 1338 rows × 8 columns
Loading all sheets from: ../Experiments2026/10_02_2026/Lab_test_2026_02_10.xlsm
  Sheet 'DATALOG': 32538 rows × 5 columns
  Sheet 'Data_Termo_1': 11554 rows × 25 columns
  Sheet 'Data_Termo_2': 6241 rows × 25 columns
  Sheet 'Data_Termo_3': 2547 rows × 25 columns
Loading all sheets from: ../Experiments2026/10_02_2026/Exp_3/opcua_log_20260210_153553.xlsx
  Sheet 'Sheet1': 893 rows × 8 columns
Loading all sheets from: ../Experiments2026/11_02_2026/Lab_test_2026_02_11.xlsm
  Sheet 'Thermometers': 19 rows × 10 columns
  Sheet 'DATALOG': 19196 rows × 5 columns
  Sheet 'Data_Termo_1': 14022 rows × 25 columns
  Sheet 'Data_Termo_2': 10978 rows × 25 columns
  Sheet 'Data_Termo_3': 7613 rows × 25 columns
  Sheet 'Data_Termo_4': 3804 rows × 25 columns
Loading all sheets from: ../Experiments2026/11_02_2026/Exp_1/opcua_log_20260211_115313.xlsx
  Sheet 'Sheet1': 767 rows × 8 columns
Loading all sheets from: ../Experiments2026/11_02_2026/Lab_test_2026_02_11.xlsm
  Sheet 'Thermometers': 19 rows × 10 columns
  Sheet 'DATALOG': 19196 rows × 5 columns
  Sheet 'Data_Termo_1': 14022 rows × 25 columns
  Sheet 'Data_Termo_2': 10978 rows × 25 columns
  Sheet 'Data_Termo_3': 7613 rows × 25 columns
  Sheet 'Data_Termo_4': 3804 rows × 25 columns
Loading all sheets from: ../Experiments2026/11_02_2026/Exp_2/opcua_log_20260211_125251.xlsx
  Sheet 'Sheet1': 836 rows × 8 columns
Loading all sheets from: ../Experiments2026/11_02_2026/Lab_test_2026_02_11.xlsm
  Sheet 'Thermometers': 19 rows × 10 columns
  Sheet 'DATALOG': 19196 rows × 5 columns
  Sheet 'Data_Termo_1': 14022 rows × 25 columns
  Sheet 'Data_Termo_2': 10978 rows × 25 columns
  Sheet 'Data_Termo_3': 7613 rows × 25 columns
  Sheet 'Data_Termo_4': 3804 rows × 25 columns
Loading all sheets from: ../Experiments2026/11_02_2026/Exp_3/opcua_log_20260211_135519.xlsx
  Sheet 'Sheet1': 773 rows × 8 columns
Loading all sheets from: ../Experiments2026/11_02_2026/Lab_test_2026_02_11.xlsm
  Sheet 'Thermometers': 19 rows × 10 columns
  Sheet 'DATALOG': 19196 rows × 5 columns
  Sheet 'Data_Termo_1': 14022 rows × 25 columns
  Sheet 'Data_Termo_2': 10978 rows × 25 columns
  Sheet 'Data_Termo_3': 7613 rows × 25 columns
  Sheet 'Data_Termo_4': 3804 rows × 25 columns
Loading all sheets from: ../Experiments2026/11_02_2026/Exp_4/opcua_log_20260211_150638.xlsx
  Sheet 'Sheet1': 907 rows × 8 columns
[[2.00000000e+02 6.43962337e-03]
 [4.00000000e+02 6.43962777e-03]
 [6.00000000e+02 6.43963297e-03]
 [8.00000000e+02 6.43963907e-03]
 [1.00000000e+03 6.43964619e-03]
 [1.20000000e+03 6.43965441e-03]
 [1.40000000e+03 6.43966384e-03]
 [1.60000000e+03 6.43967458e-03]
 [1.80000000e+03 6.43968672e-03]
 [2.00000000e+03 6.43970040e-03]
 [2.20000000e+03 6.43971574e-03]
 [2.40000000e+03 6.43973288e-03]
 [2.42000000e+03 6.43974138e-03]
 [2.44000000e+03 6.43975397e-03]
 [2.46000000e+03 6.43977311e-03]
 [2.48000000e+03 6.43979899e-03]
 [2.50000000e+03 6.43983210e-03]
 [2.52000000e+03 6.43987299e-03]
 [2.54000000e+03 6.43992083e-03]
 [2.56000000e+03 6.43997438e-03]
 [2.58000000e+03 6.44001749e-03]
 [2.60000000e+03 6.44006618e-03]
 [2.62000000e+03 6.44012032e-03]
 [2.64000000e+03 6.44018008e-03]
 [2.66000000e+03 6.44024489e-03]
 [2.68000000e+03 6.44031504e-03]
 [2.70000000e+03 6.44039075e-03]
 [2.72000000e+03 6.44047188e-03]
 [2.74000000e+03 6.44055742e-03]
 [2.76000000e+03 6.44064671e-03]
 [2.78000000e+03 6.44073786e-03]
 [2.80000000e+03 6.44082996e-03]
 [2.82000000e+03 6.44092241e-03]
 [2.84000000e+03 6.44101400e-03]
 [2.86000000e+03 6.44110247e-03]
 [2.88000000e+03 6.44118655e-03]
 [2.90000000e+03 6.44126681e-03]
 [2.92000000e+03 6.44134414e-03]
 [2.94000000e+03 6.44141723e-03]
 [2.96000000e+03 6.44148730e-03]
 [2.98000000e+03 6.44155333e-03]
 [3.00000000e+03 6.44161766e-03]
 [3.02000000e+03 6.44167851e-03]
 [3.04000000e+03 6.44173838e-03]
 [3.06000000e+03 6.44179558e-03]
 [3.08000000e+03 6.44185164e-03]
 [3.10000000e+03 6.44190567e-03]
 [3.12000000e+03 6.44195748e-03]
 [3.14000000e+03 6.44200847e-03]
 [3.16000000e+03 6.44205573e-03]
 [3.18000000e+03 6.44210386e-03]
 [3.20000000e+03 6.44214792e-03]
 [3.22000000e+03 6.44219190e-03]
 [3.24000000e+03 6.44223360e-03]
 [3.26000000e+03 6.44227256e-03]
 [3.28000000e+03 6.44231113e-03]
 [3.30000000e+03 6.44234683e-03]
 [3.32000000e+03 6.44238055e-03]
 [3.34000000e+03 6.44241306e-03]
 [3.36000000e+03 6.44244280e-03]
 [3.38000000e+03 6.44247053e-03]
 [3.40000000e+03 6.44249450e-03]
 [3.42000000e+03 6.44251634e-03]
 [3.44000000e+03 6.44253665e-03]
 [3.46000000e+03 6.44255618e-03]
 [3.48000000e+03 6.44257407e-03]
 [3.50000000e+03 6.44259104e-03]
 [3.52000000e+03 6.44260643e-03]
 [3.54000000e+03 6.44262123e-03]
 [3.56000000e+03 6.44263609e-03]
 [3.58000000e+03 6.44264929e-03]
 [3.60000000e+03 6.44266171e-03]
 [3.62000000e+03 6.44267289e-03]
 [3.64000000e+03 6.44268320e-03]]
(74, 2)
New OpenFOAMCase has been initialized, starting directory is:
	/butterfly2/hlavatyo/bread/breadBakingFoamTechMathGroup/pyCtrlScripts
OpenFOAMCase.baseCase has been set to :
	../tutorials/bread3DOurExp/
OpenFOAMCase directory has been changed from:
	../tutorials/bread3DOurExp/ to ../ZZ_cases/2026/V29/exp0_nonDef_False/V18_FINE_phiLinLCorr_Dl_3e-10_kOp_0.18_kCl_0.18_nu_0.15_mu0_219_muV1_1000_mS_0.0005_lambda_0.42_kH_16_kHB_25_r0_0.0018_per_9e-16/
OpenFOAMCase.baseDir has been copied to OpenFOAMCase.dir:
	 ../tutorials/bread3DOurExp/ --> ../ZZ_cases/2026/V29/exp0_nonDef_False/V18_FINE_phiLinLCorr_Dl_3e-10_kOp_0.18_kCl_0.18_nu_0.15_mu0_219_muV1_1000_mS_0.0005_lambda_0.42_kH_16_kHB_25_r0_0.0018_per_9e-16/
In 0.org/omegaV, trying to change parameter kM in subDict sides:
	In 0.org/omegaV, I have change val of kM parameter from 0.01; to 0.01 in subDict sides.
In 0.org/omegaV, trying to change parameter kM in subDict bottom:
	In 0.org/omegaV, I have change val of kM parameter from 1e-5; to 0.001 in subDict bottom.
In 0.org/omegaV, trying to change parameter kM in subDict bottom2:
	In 0.org/omegaV, I have change val of kM parameter from 1e-5; to 0.001 in subDict bottom2.
In 0.org/omegaC, trying to change parameter kM in subDict sides:
	In 0.org/omegaC, I have change val of kM parameter from 1e-5; to 0.01 in subDict sides.
In 0.org/omegaC, trying to change parameter kM in subDict bottom:
	In 0.org/omegaC, I have change val of kM parameter from 1e-5; to 0.001 in subDict bottom.
In 0.org/omegaC, trying to change parameter kM in subDict bottom2:
	In 0.org/omegaC, I have change val of kM parameter from 1e-5; to 0.001 in subDict bottom2.
In 0.org/T, trying to change parameter alpha in subDict sides:
	In 0.org/T, I have change val of alpha parameter from 9.5; to 16 in subDict sides.
In 0.org/T, trying to change parameter alpha in subDict bottom:
	In 0.org/T, I have change val of alpha parameter from 9.5; to 25 in subDict bottom.
In 0.org/T, trying to change parameter alpha in subDict bottom2:
	In 0.org/T, I have change val of alpha parameter from 9.5; to 25 in subDict bottom2.
In 0.org/T, trying to change parameter internalField in subDict :
	In 0.org/T, I have change val of internalField parameter from uniform 302.5; to uniform 297 in subDict .
Loading all sheets from: ../Experiments2026/10_02_2026/Lab_test_2026_02_10.xlsm
  Sheet 'DATALOG': 32538 rows × 5 columns
  Sheet 'Data_Termo_1': 11554 rows × 25 columns
  Sheet 'Data_Termo_2': 6241 rows × 25 columns
  Sheet 'Data_Termo_3': 2547 rows × 25 columns
In constant/transportProperties, trying to change parameter withDeformation in subDict :
	In constant/transportProperties, I have change val of withDeformation parameter from 1; to 1 in subDict .
In constant/transportProperties, trying to change parameter permGLViscG in subDict :
	In constant/transportProperties, I have change val of permGLViscG parameter from 9e-13; to 9e-16 in subDict .
In constant/transportProperties, trying to change parameter tortOpen in subDict :
	In constant/transportProperties, I have change val of tortOpen parameter from 2; to 2.4 in subDict .
In constant/transportProperties, trying to change parameter tortClosed in subDict :
	In constant/transportProperties, I have change val of tortClosed parameter from 10; to 70 in subDict .
In constant/thermophysicalProperties, trying to change parameter lambda in subDict solid:
	In constant/thermophysicalProperties, I have change val of lambda parameter from 0.47; to 0.42 in subDict solid.
In constant/thermophysicalProperties, trying to change parameter rho in subDict solid:
	In constant/thermophysicalProperties, I have change val of rho parameter from 700; to 764 in subDict solid.
In constant/thermophysicalProperties, trying to change parameter Cp in subDict solid:
	In constant/thermophysicalProperties, I have change val of Cp parameter from 600; to 1130 in subDict solid.
In constant/thermophysicalProperties, trying to change parameter Cp in subDict liquid:
	In constant/thermophysicalProperties, I have change val of Cp parameter from 4200; to 4200 in subDict liquid.
In constant/thermophysicalProperties, trying to change parameter Cp in subDict CO2:
	In constant/thermophysicalProperties, I have change val of Cp parameter from 853; to 853 in subDict CO2.
In constant/thermophysicalProperties, trying to change parameter Cp in subDict vapor:
	In constant/thermophysicalProperties, I have change val of Cp parameter from 1878; to 1878 in subDict vapor.
In constant/thermophysicalProperties, trying to change parameter D in subDict transport:
	In constant/thermophysicalProperties, I have change val of D parameter from 5e-06; to 2.6e-05 in subDict transport.
In constant/thermophysicalProperties, trying to change parameter Dl in subDict transport:
	In constant/thermophysicalProperties, I have change val of Dl parameter from 5e-10; to 3e-10 in subDict transport.
	In constant/thermophysicalProperties, I have change val of Dl parameter from 2e-11; to 3e-10 in subDict transport.
	In constant/thermophysicalProperties, I have change val of Dl parameter from 5e-12; to 3e-10 in subDict transport.
	In constant/thermophysicalProperties, I have change val of Dl parameter from 8e-12; to 3e-10 in subDict transport.
	In constant/thermophysicalProperties, I have change val of Dl parameter from 2e-11; to 3e-10 in subDict transport.
	In constant/thermophysicalProperties, I have change val of Dl parameter from 2e-10; to 3e-10 in subDict transport.
	In constant/thermophysicalProperties, I have change val of Dl parameter from 1e-9; to 3e-10 in subDict transport.
	In constant/thermophysicalProperties, I have change val of Dl parameter from 5e-10; to 3e-10 in subDict transport.
	In constant/thermophysicalProperties, I have change val of Dl parameter from 1.5e-11; to 3e-10 in subDict transport.
In constant/reactiveProperties, trying to change parameter kMPCOpen in subDict evaporation:
	In constant/reactiveProperties, I have change val of kMPCOpen parameter from 0.42; to 0.18 in subDict evaporation.
In constant/reactiveProperties, trying to change parameter kMPCClosed in subDict evaporation:
	In constant/reactiveProperties, I have change val of kMPCClosed parameter from 0.42; to 0.18 in subDict evaporation.
In constant/reactiveProperties, trying to change parameter R0 in subDict fermentation:
	In constant/reactiveProperties, I have change val of R0 parameter from 0.0022; to 0.0018 in subDict fermentation.
In constant/reactiveProperties, trying to change parameter Tm in subDict fermentation:
	In constant/reactiveProperties, I have change val of Tm parameter from 314; to 313 in subDict fermentation.
In constant/reactiveProperties, trying to change parameter deltaT in subDict fermentation:
	In constant/reactiveProperties, I have change val of deltaT parameter from 10; to 14 in subDict fermentation.
In system/controlDict, trying to change parameter endTime in subDict :
	In system/controlDict, I have change val of endTime parameter from 900; to 2400 in subDict .
In system/controlDict, trying to change parameter deltaT in subDict :
	In system/controlDict, I have change val of deltaT parameter from 1; to 40 in subDict .
In system/controlDict, trying to change parameter writeInterval in subDict :
	In system/controlDict, I have change val of writeInterval parameter from 20; to 200 in subDict .
	In system/controlDict, I have change val of writeInterval parameter from 20; to 200 in subDict .
In system/fvSolution, trying to change parameter nOuterCorrectors in subDict PIMPLE:
	In system/fvSolution, I have change val of nOuterCorrectors parameter from 250; to 400 in subDict PIMPLE.
In system/fvSolution, trying to change parameter D in subDict fields:
	In system/fvSolution, I have change val of D parameter from 0.1; to 0.1 in subDict fields.
In system/fvSolution, trying to change parameter DFinal in subDict fields:
	In system/fvSolution, I have change val of DFinal parameter from 0.1; to 1 in subDict fields.
In system/fvSolution, trying to change parameter omegaV in subDict fields:
	In system/fvSolution, I have change val of omegaV parameter from 0.1; to 1 in subDict fields.


--> FOAM FATAL IO ERROR: 
keyword axisPt is undefined in dictionary "/butterfly2/hlavatyo/bread/breadBakingFoamTechMathGroup/ZZ_cases/2026/V29/exp0_nonDef_False/V18_FINE_phiLinLCorr_Dl_3e-10_kOp_0.18_kCl_0.18_nu_0.15_mu0_219_muV1_1000_mS_0.0005_lambda_0.42_kH_16_kHB_25_r0_0.0018_per_9e-16/system/extrudeMeshDict"

file: /butterfly2/hlavatyo/bread/breadBakingFoamTechMathGroup/ZZ_cases/2026/V29/exp0_nonDef_False/V18_FINE_phiLinLCorr_Dl_3e-10_kOp_0.18_kCl_0.18_nu_0.15_mu0_219_muV1_1000_mS_0.0005_lambda_0.42_kH_16_kHB_25_r0_0.0018_per_9e-16/system/extrudeMeshDict from line 18 to line 57.

    From function const Foam::entry& Foam::dictionary::lookupEntry(const Foam::word&, bool, bool) const
    in file db/dictionary/dictionary.C at line 831.

FOAM exiting

Created 'V18_FINE_phiLinLCorr_Dl_3e-10_kOp_0.18_kCl_0.18_nu_0.15_mu0_219_muV1_1000_mS_0.0005_lambda_0.42_kH_16_kHB_25_r0_0.0018_per_9e-16.OpenFOAM'


--> FOAM FATAL IO ERROR: 

    patch type 'patch' not constraint type 'wedge'
    for patch wedgeZ0 of field T in file "/butterfly2/hlavatyo/bread/breadBakingFoamTechMathGroup/ZZ_cases/2026/V29/exp0_nonDef_False/V18_FINE_phiLinLCorr_Dl_3e-10_kOp_0.18_kCl_0.18_nu_0.15_mu0_219_muV1_1000_mS_0.0005_lambda_0.42_kH_16_kHB_25_r0_0.0018_per_9e-16/0/T"

file: /butterfly2/hlavatyo/bread/breadBakingFoamTechMathGroup/ZZ_cases/2026/V29/exp0_nonDef_False/V18_FINE_phiLinLCorr_Dl_3e-10_kOp_0.18_kCl_0.18_nu_0.15_mu0_219_muV1_1000_mS_0.0005_lambda_0.42_kH_16_kHB_25_r0_0.0018_per_9e-16/0/T/boundaryField/(wedgeZ0|wedgeZE) from line 98 to line 98.

    From function Foam::wedgeFvPatchField<Type>::wedgeFvPatchField(const Foam::fvPatch&, const Foam::DimensionedField<Type, Foam::volMesh>&, const Foam::dictionary&) [with Type = double]
    in file fields/fvPatchFields/constraint/wedge/wedgeFvPatchField.C at line 58.

FOAM exiting

Application 'breadBakingFoam' not found

Usage: foamJob [OPTION] <application> ...
options:
  -case <dir>       specify alternative case directory, default is the cwd
  -parallel         parallel run of processors
  -screen           also sends output to screen
  -append           append to log file instead of overwriting it
  -wait             wait for execution to complete (when not using -screen)
  -version <ver>    specify an alternative OpenFOAM version
  -help             print the usage

* run an OpenFOAM job in background.
  Redirects the output to 'log' in the case directory

Application 'breadBakingFoam' not found

Usage: foamJob [OPTION] <application> ...
options:
  -case <dir>       specify alternative case directory, default is the cwd
  -parallel         parallel run of processors
  -screen           also sends output to screen
  -append           append to log file instead of overwriting it
  -wait             wait for execution to complete (when not using -screen)
  -version <ver>    specify an alternative OpenFOAM version
  -help             print the usage

* run an OpenFOAM job in background.
  Redirects the output to 'log' in the case directory

Application 'breadBakingFoam' not found

Usage: foamJob [OPTION] <application> ...
options:
  -case <dir>       specify alternative case directory, default is the cwd
  -parallel         parallel run of processors
  -screen           also sends output to screen
  -append           append to log file instead of overwriting it
  -wait             wait for execution to complete (when not using -screen)
  -version <ver>    specify an alternative OpenFOAM version
  -help             print the usage

* run an OpenFOAM job in background.
  Redirects the output to 'log' in the case directory

In system/fvSolution, trying to change parameter omegaC in subDict fields:
	In system/fvSolution, I have change val of omegaC parameter from 0.1; to 1 in subDict fields.
In system/fvSolution, trying to change parameter pG in subDict fields:
	In system/fvSolution, I have change val of pG parameter from 0.1; to 1 in subDict fields.
In constant/mechanicalProperties, trying to change parameter E in subDict bread:
	In constant/mechanicalProperties, I have change val of E parameter from 12000; to 10000 in subDict bread.
In constant/mechanicalProperties, trying to change parameter mu0Raw in subDict bread:
	In constant/mechanicalProperties, I have change val of mu0Raw parameter from 300; to 219 in subDict bread.
In constant/mechanicalProperties, trying to change parameter kappa0Raw in subDict bread:
	In constant/mechanicalProperties, I have change val of kappa0Raw parameter from 1000; to 93.85714285714286 in subDict bread.
In constant/mechanicalProperties, trying to change parameter muV1Raw in subDict bread:
	In constant/mechanicalProperties, I have change val of muV1Raw parameter from 3000; to 1000 in subDict bread.
In constant/mechanicalProperties, trying to change parameter muV2Raw in subDict bread:
	In constant/mechanicalProperties, I have change val of muV2Raw parameter from 3000; to 0 in subDict bread.
In constant/mechanicalProperties, trying to change parameter kappaVRaw in subDict bread:
	In constant/mechanicalProperties, I have change val of kappaVRaw parameter from 6000; to 428.5714285714286 in subDict bread.
In constant/mechanicalProperties, trying to change parameter mu0Baked in subDict bread:
	In constant/mechanicalProperties, I have change val of mu0Baked parameter from 12500; to 3285 in subDict bread.
In constant/mechanicalProperties, trying to change parameter kappa0Baked in subDict bread:
	In constant/mechanicalProperties, I have change val of kappa0Baked parameter from 40000; to 1407.857142857143 in subDict bread.
In constant/mechanicalProperties, trying to change parameter tau1 in subDict bread:
	In constant/mechanicalProperties, I have change val of tau1 parameter from 1; to 15 in subDict bread.
In constant/mechanicalProperties, trying to change parameter tau2 in subDict bread:
	In constant/mechanicalProperties, I have change val of tau2 parameter from 1; to 1 in subDict bread.
In constant/mechanicalProperties, trying to change parameter tGelat in subDict bread:
	In constant/mechanicalProperties, I have change val of tGelat parameter from 65; to 65 in subDict bread.
I will execute commands in ../ZZ_cases/2026/V29/exp0_nonDef_False/V18_FINE_phiLinLCorr_Dl_3e-10_kOp_0.18_kCl_0.18_nu_0.15_mu0_219_muV1_1000_mS_0.0005_lambda_0.42_kH_16_kHB_25_r0_0.0018_per_9e-16/:
	1. chmod 755 ./* -R
	2. blockMesh > log.blockMesh
I will execute commands in ../ZZ_cases/2026/V29/exp0_nonDef_False/V18_FINE_phiLinLCorr_Dl_3e-10_kOp_0.18_kCl_0.18_nu_0.15_mu0_219_muV1_1000_mS_0.0005_lambda_0.42_kH_16_kHB_25_r0_0.0018_per_9e-16/:
	1. extrudeMesh > log.extrudeMesh
	2. rm -rf 0
	3. cp -r 0.org 0
	4. paraFoam -touch
In system/decomposeParDict, trying to change parameter numberOfSubdomains in subDict :
	In system/decomposeParDict, I have change val of numberOfSubdomains parameter from 2; to 8 in subDict .
I will execute commands in ../ZZ_cases/2026/V29/exp0_nonDef_False/V18_FINE_phiLinLCorr_Dl_3e-10_kOp_0.18_kCl_0.18_nu_0.15_mu0_219_muV1_1000_mS_0.0005_lambda_0.42_kH_16_kHB_25_r0_0.0018_per_9e-16/:
	1. decomposePar > log.decomposePar
	2. foamJob -parallel -screen breadBakingFoam > log.breadBakingFoam
In system/controlDict, trying to change parameter endTime in subDict :
	In system/controlDict, I have change val of endTime parameter from 2400; to 2850 in subDict .
In system/controlDict, trying to change parameter deltaT in subDict :
	In system/controlDict, I have change val of deltaT parameter from 40; to 0.5 in subDict .
In system/fvSolution, trying to change parameter nOuterCorrectors in subDict PIMPLE:
	In system/fvSolution, I have change val of nOuterCorrectors parameter from 400; to 600 in subDict PIMPLE.
In system/fvSolution, trying to change parameter omegaV in subDict fields:
	In system/fvSolution, I have change val of omegaV parameter from 1; to 0.8 in subDict fields.
In system/fvSolution, trying to change parameter omegaC in subDict fields:
	In system/fvSolution, I have change val of omegaC parameter from 1; to 0.8 in subDict fields.
In system/fvSolution, trying to change parameter D in subDict fields:
	In system/fvSolution, I have change val of D parameter from 0.1; to 0.1 in subDict fields.
In system/fvSolution, trying to change parameter pG in subDict fields:
	In system/fvSolution, I have change val of pG parameter from 1; to 0.8 in subDict fields.
In system/controlDict, trying to change parameter writeInterval in subDict :
	In system/controlDict, I have change val of writeInterval parameter from 200; to 20 in subDict .
	In system/controlDict, I have change val of writeInterval parameter from 200; to 20 in subDict .
I will execute commands in ../ZZ_cases/2026/V29/exp0_nonDef_False/V18_FINE_phiLinLCorr_Dl_3e-10_kOp_0.18_kCl_0.18_nu_0.15_mu0_219_muV1_1000_mS_0.0005_lambda_0.42_kH_16_kHB_25_r0_0.0018_per_9e-16/:
	1. foamJob -parallel -screen breadBakingFoam > log.breadBakingFoam_2
In system/controlDict, trying to change parameter endTime in subDict :
	In system/controlDict, I have change val of endTime parameter from 2850; to 3650 in subDict .
In system/controlDict, trying to change parameter deltaT in subDict :
	In system/controlDict, I have change val of deltaT parameter from 0.5; to 1 in subDict .
In constant/transportProperties, trying to change parameter withDeformation in subDict :
	In constant/transportProperties, I have change val of withDeformation parameter from 1; to 0 in subDict .
In system/fvSolution, trying to change parameter omegaV in subDict fields:
	In system/fvSolution, I have change val of omegaV parameter from 0.8; to 0.01 in subDict fields.
In system/fvSolution, trying to change parameter omegaC in subDict fields:
	In system/fvSolution, I have change val of omegaC parameter from 0.8; to 0.01 in subDict fields.
In system/fvSolution, trying to change parameter pG in subDict fields:
	In system/fvSolution, I have change val of pG parameter from 0.8; to 0.01 in subDict fields.
In system/fvSolution, trying to change parameter nOuterCorrectors in subDict PIMPLE:
	In system/fvSolution, I have change val of nOuterCorrectors parameter from 600; to 100 in subDict PIMPLE.
I will execute commands in ../ZZ_cases/2026/V29/exp0_nonDef_False/V18_FINE_phiLinLCorr_Dl_3e-10_kOp_0.18_kCl_0.18_nu_0.15_mu0_219_muV1_1000_mS_0.0005_lambda_0.42_kH_16_kHB_25_r0_0.0018_per_9e-16/:
	1. foamJob -parallel -screen breadBakingFoam > log.breadBakingFoam_3
Traceback (most recent call last):
  File "runBread2DOurExpFreeBread2026Kynuti.py", line 469, in <module>
    baseCase.updateTimesParallel()
  File "/butterfly2/hlavatyo/bread/breadBakingFoamTechMathGroup/pyCtrlScripts/OF_caseClass.py", line 210, in updateTimesParallel
    self.latestParTime = max(flLstDir)
ValueError: max() arg is an empty sequence
New OpenFOAMCase has been initialized, starting directory is:
	/butterfly2/hlavatyo/bread/breadBakingFoamTechMathGroup/pyCtrlScripts
OpenFOAMCase.baseCase has been set to :
	../tutorials/bread3DOurExp/
OpenFOAMCase directory has been changed from:
	../tutorials/bread3DOurExp/ to ../ZZ_cases/2026/V29/exp0_nonDef_False/V18_FINE_phiLinLCorr_Dl_3e-10_kOp_0.12_kCl_0.12_nu_0.15_mu0_219_muV1_1000_mS_0.0005_lambda_0.42_kH_16_kHB_25_r0_0.0018_per_9e-16/
OpenFOAMCase.baseDir has been copied to OpenFOAMCase.dir:
	 ../tutorials/bread3DOurExp/ --> ../ZZ_cases/2026/V29/exp0_nonDef_False/V18_FINE_phiLinLCorr_Dl_3e-10_kOp_0.12_kCl_0.12_nu_0.15_mu0_219_muV1_1000_mS_0.0005_lambda_0.42_kH_16_kHB_25_r0_0.0018_per_9e-16/
In 0.org/omegaV, trying to change parameter kM in subDict sides:
	In 0.org/omegaV, I have change val of kM parameter from 0.01; to 0.01 in subDict sides.
In 0.org/omegaV, trying to change parameter kM in subDict bottom:
	In 0.org/omegaV, I have change val of kM parameter from 1e-5; to 0.001 in subDict bottom.
In 0.org/omegaV, trying to change parameter kM in subDict bottom2:
	In 0.org/omegaV, I have change val of kM parameter from 1e-5; to 0.001 in subDict bottom2.
In 0.org/omegaC, trying to change parameter kM in subDict sides:
	In 0.org/omegaC, I have change val of kM parameter from 1e-5; to 0.01 in subDict sides.
In 0.org/omegaC, trying to change parameter kM in subDict bottom:
	In 0.org/omegaC, I have change val of kM parameter from 1e-5; to 0.001 in subDict bottom.
In 0.org/omegaC, trying to change parameter kM in subDict bottom2:
	In 0.org/omegaC, I have change val of kM parameter from 1e-5; to 0.001 in subDict bottom2.
In 0.org/T, trying to change parameter alpha in subDict sides:
	In 0.org/T, I have change val of alpha parameter from 9.5; to 16 in subDict sides.
In 0.org/T, trying to change parameter alpha in subDict bottom:
	In 0.org/T, I have change val of alpha parameter from 9.5; to 25 in subDict bottom.
In 0.org/T, trying to change parameter alpha in subDict bottom2:
	In 0.org/T, I have change val of alpha parameter from 9.5; to 25 in subDict bottom2.
In 0.org/T, trying to change parameter internalField in subDict :
	In 0.org/T, I have change val of internalField parameter from uniform 302.5; to uniform 297 in subDict .
Loading all sheets from: ../Experiments2026/10_02_2026/Lab_test_2026_02_10.xlsm
  Sheet 'DATALOG': 32538 rows × 5 columns
  Sheet 'Data_Termo_1': 11554 rows × 25 columns
  Sheet 'Data_Termo_2': 6241 rows × 25 columns
  Sheet 'Data_Termo_3': 2547 rows × 25 columns
In constant/transportProperties, trying to change parameter withDeformation in subDict :
	In constant/transportProperties, I have change val of withDeformation parameter from 1; to 1 in subDict .
In constant/transportProperties, trying to change parameter permGLViscG in subDict :
	In constant/transportProperties, I have change val of permGLViscG parameter from 9e-13; to 9e-16 in subDict .
In constant/transportProperties, trying to change parameter tortOpen in subDict :
	In constant/transportProperties, I have change val of tortOpen parameter from 2; to 2.4 in subDict .
In constant/transportProperties, trying to change parameter tortClosed in subDict :
	In constant/transportProperties, I have change val of tortClosed parameter from 10; to 70 in subDict .
In constant/thermophysicalProperties, trying to change parameter lambda in subDict solid:
	In constant/thermophysicalProperties, I have change val of lambda parameter from 0.47; to 0.42 in subDict solid.
In constant/thermophysicalProperties, trying to change parameter rho in subDict solid:
	In constant/thermophysicalProperties, I have change val of rho parameter from 700; to 764 in subDict solid.
In constant/thermophysicalProperties, trying to change parameter Cp in subDict solid:
	In constant/thermophysicalProperties, I have change val of Cp parameter from 600; to 1130 in subDict solid.
In constant/thermophysicalProperties, trying to change parameter Cp in subDict liquid:
	In constant/thermophysicalProperties, I have change val of Cp parameter from 4200; to 4200 in subDict liquid.
In constant/thermophysicalProperties, trying to change parameter Cp in subDict CO2:
	In constant/thermophysicalProperties, I have change val of Cp parameter from 853; to 853 in subDict CO2.
In constant/thermophysicalProperties, trying to change parameter Cp in subDict vapor:
	In constant/thermophysicalProperties, I have change val of Cp parameter from 1878; to 1878 in subDict vapor.
In constant/thermophysicalProperties, trying to change parameter D in subDict transport:
	In constant/thermophysicalProperties, I have change val of D parameter from 5e-06; to 2.6e-05 in subDict transport.
In constant/thermophysicalProperties, trying to change parameter Dl in subDict transport:
	In constant/thermophysicalProperties, I have change val of Dl parameter from 5e-10; to 3e-10 in subDict transport.
	In constant/thermophysicalProperties, I have change val of Dl parameter from 2e-11; to 3e-10 in subDict transport.
	In constant/thermophysicalProperties, I have change val of Dl parameter from 5e-12; to 3e-10 in subDict transport.
	In constant/thermophysicalProperties, I have change val of Dl parameter from 8e-12; to 3e-10 in subDict transport.
	In constant/thermophysicalProperties, I have change val of Dl parameter from 2e-11; to 3e-10 in subDict transport.
	In constant/thermophysicalProperties, I have change val of Dl parameter from 2e-10; to 3e-10 in subDict transport.
	In constant/thermophysicalProperties, I have change val of Dl parameter from 1e-9; to 3e-10 in subDict transport.
	In constant/thermophysicalProperties, I have change val of Dl parameter from 5e-10; to 3e-10 in subDict transport.
	In constant/thermophysicalProperties, I have change val of Dl parameter from 1.5e-11; to 3e-10 in subDict transport.
In constant/reactiveProperties, trying to change parameter kMPCOpen in subDict evaporation:
	In constant/reactiveProperties, I have change val of kMPCOpen parameter from 0.42; to 0.12 in subDict evaporation.
In constant/reactiveProperties, trying to change parameter kMPCClosed in subDict evaporation:
	In constant/reactiveProperties, I have change val of kMPCClosed parameter from 0.42; to 0.12 in subDict evaporation.
In constant/reactiveProperties, trying to change parameter R0 in subDict fermentation:
	In constant/reactiveProperties, I have change val of R0 parameter from 0.0022; to 0.0018 in subDict fermentation.
In constant/reactiveProperties, trying to change parameter Tm in subDict fermentation:
	In constant/reactiveProperties, I have change val of Tm parameter from 314; to 313 in subDict fermentation.
In constant/reactiveProperties, trying to change parameter deltaT in subDict fermentation:
	In constant/reactiveProperties, I have change val of deltaT parameter from 10; to 14 in subDict fermentation.
In system/controlDict, trying to change parameter endTime in subDict :
	In system/controlDict, I have change val of endTime parameter from 900; to 2400 in subDict .
In system/controlDict, trying to change parameter deltaT in subDict :
	In system/controlDict, I have change val of deltaT parameter from 1; to 40 in subDict .
In system/controlDict, trying to change parameter writeInterval in subDict :
	In system/controlDict, I have change val of writeInterval parameter from 20; to 200 in subDict .
	In system/controlDict, I have change val of writeInterval parameter from 20; to 200 in subDict .
In system/fvSolution, trying to change parameter nOuterCorrectors in subDict PIMPLE:
	In system/fvSolution, I have change val of nOuterCorrectors parameter from 250; to 400 in subDict PIMPLE.
In system/fvSolution, trying to change parameter D in subDict fields:
	In system/fvSolution, I have change val of D parameter from 0.1; to 0.1 in subDict fields.
In system/fvSolution, trying to change parameter DFinal in subDict fields:
	In system/fvSolution, I have change val of DFinal parameter from 0.1; to 1 in subDict fields.
In system/fvSolution, trying to change parameter omegaV in subDict fields:
	In system/fvSolution, I have change val of omegaV parameter from 0.1; to 1 in subDict fields.
--> FOAM IOWarning :
    Found [v1012] 'convertToMeters' entry instead of 'scale' in dictionary "system/blockMeshDict"

    This keyword is 156 months old.

Created 'V18_FINE_phiLinLCorr_Dl_3e-10_kOp_0.12_kCl_0.12_nu_0.15_mu0_219_muV1_1000_mS_0.0005_lambda_0.42_kH_16_kHB_25_r0_0.0018_per_9e-16.OpenFOAM'
No protocol specified
New OpenFOAMCase has been initialized, starting directory is:
	/butterfly2/hlavatyo/bread/breadBakingFoamTechMathGroup/pyCtrlScripts
OpenFOAMCase.baseCase has been set to :
	../tutorials/bread3DOurExp/
OpenFOAMCase directory has been changed from:
	../tutorials/bread3DOurExp/ to ../ZZ_cases/2026/V29/exp0_nonDef_False/V18_FINE_phiLinLCorr_Dl_3e-10_kOp_0.18_kCl_0.18_nu_0.15_mu0_219_muV1_1000_mS_0.0005_lambda_0.42_kH_16_kHB_25_r0_0.0018_per_9e-16/
OpenFOAMCase.baseDir has been copied to OpenFOAMCase.dir:
	 ../tutorials/bread3DOurExp/ --> ../ZZ_cases/2026/V29/exp0_nonDef_False/V18_FINE_phiLinLCorr_Dl_3e-10_kOp_0.18_kCl_0.18_nu_0.15_mu0_219_muV1_1000_mS_0.0005_lambda_0.42_kH_16_kHB_25_r0_0.0018_per_9e-16/
In 0.org/omegaV, trying to change parameter kM in subDict sides:
	In 0.org/omegaV, I have change val of kM parameter from 0.01; to 0.01 in subDict sides.
In 0.org/omegaV, trying to change parameter kM in subDict bottom:
	In 0.org/omegaV, I have change val of kM parameter from 1e-5; to 0.001 in subDict bottom.
In 0.org/omegaV, trying to change parameter kM in subDict bottom2:
	In 0.org/omegaV, I have change val of kM parameter from 1e-5; to 0.001 in subDict bottom2.
In 0.org/omegaC, trying to change parameter kM in subDict sides:
	In 0.org/omegaC, I have change val of kM parameter from 1e-5; to 0.01 in subDict sides.
In 0.org/omegaC, trying to change parameter kM in subDict bottom:
	In 0.org/omegaC, I have change val of kM parameter from 1e-5; to 0.001 in subDict bottom.
In 0.org/omegaC, trying to change parameter kM in subDict bottom2:
	In 0.org/omegaC, I have change val of kM parameter from 1e-5; to 0.001 in subDict bottom2.
In 0.org/T, trying to change parameter alpha in subDict sides:
	In 0.org/T, I have change val of alpha parameter from 9.5; to 16 in subDict sides.
In 0.org/T, trying to change parameter alpha in subDict bottom:
	In 0.org/T, I have change val of alpha parameter from 9.5; to 25 in subDict bottom.
In 0.org/T, trying to change parameter alpha in subDict bottom2:
	In 0.org/T, I have change val of alpha parameter from 9.5; to 25 in subDict bottom2.
In 0.org/T, trying to change parameter internalField in subDict :
	In 0.org/T, I have change val of internalField parameter from uniform 302.5; to uniform 297 in subDict .
Loading all sheets from: ../Experiments2026/10_02_2026/Lab_test_2026_02_10.xlsm
  Sheet 'DATALOG': 32538 rows × 5 columns
  Sheet 'Data_Termo_1': 11554 rows × 25 columns
  Sheet 'Data_Termo_2': 6241 rows × 25 columns
  Sheet 'Data_Termo_3': 2547 rows × 25 columns
In constant/transportProperties, trying to change parameter withDeformation in subDict :
	In constant/transportProperties, I have change val of withDeformation parameter from 1; to 1 in subDict .
In constant/transportProperties, trying to change parameter permGLViscG in subDict :
	In constant/transportProperties, I have change val of permGLViscG parameter from 9e-13; to 9e-16 in subDict .
In constant/transportProperties, trying to change parameter tortOpen in subDict :
	In constant/transportProperties, I have change val of tortOpen parameter from 2; to 2.4 in subDict .
In constant/transportProperties, trying to change parameter tortClosed in subDict :
	In constant/transportProperties, I have change val of tortClosed parameter from 10; to 70 in subDict .
In constant/thermophysicalProperties, trying to change parameter lambda in subDict solid:
	In constant/thermophysicalProperties, I have change val of lambda parameter from 0.47; to 0.42 in subDict solid.
In constant/thermophysicalProperties, trying to change parameter rho in subDict solid:
	In constant/thermophysicalProperties, I have change val of rho parameter from 700; to 764 in subDict solid.
In constant/thermophysicalProperties, trying to change parameter Cp in subDict solid:
	In constant/thermophysicalProperties, I have change val of Cp parameter from 600; to 1130 in subDict solid.
In constant/thermophysicalProperties, trying to change parameter Cp in subDict liquid:
	In constant/thermophysicalProperties, I have change val of Cp parameter from 4200; to 4200 in subDict liquid.
In constant/thermophysicalProperties, trying to change parameter Cp in subDict CO2:
	In constant/thermophysicalProperties, I have change val of Cp parameter from 853; to 853 in subDict CO2.
In constant/thermophysicalProperties, trying to change parameter Cp in subDict vapor:
	In constant/thermophysicalProperties, I have change val of Cp parameter from 1878; to 1878 in subDict vapor.
In constant/thermophysicalProperties, trying to change parameter D in subDict transport:
	In constant/thermophysicalProperties, I have change val of D parameter from 5e-06; to 2.6e-05 in subDict transport.
In constant/thermophysicalProperties, trying to change parameter Dl in subDict transport:
	In constant/thermophysicalProperties, I have change val of Dl parameter from 5e-10; to 3e-10 in subDict transport.
	In constant/thermophysicalProperties, I have change val of Dl parameter from 2e-11; to 3e-10 in subDict transport.
	In constant/thermophysicalProperties, I have change val of Dl parameter from 5e-12; to 3e-10 in subDict transport.
	In constant/thermophysicalProperties, I have change val of Dl parameter from 8e-12; to 3e-10 in subDict transport.
	In constant/thermophysicalProperties, I have change val of Dl parameter from 2e-11; to 3e-10 in subDict transport.
	In constant/thermophysicalProperties, I have change val of Dl parameter from 2e-10; to 3e-10 in subDict transport.
	In constant/thermophysicalProperties, I have change val of Dl parameter from 1e-9; to 3e-10 in subDict transport.
	In constant/thermophysicalProperties, I have change val of Dl parameter from 5e-10; to 3e-10 in subDict transport.
	In constant/thermophysicalProperties, I have change val of Dl parameter from 1.5e-11; to 3e-10 in subDict transport.
In constant/reactiveProperties, trying to change parameter kMPCOpen in subDict evaporation:
	In constant/reactiveProperties, I have change val of kMPCOpen parameter from 0.42; to 0.18 in subDict evaporation.
In constant/reactiveProperties, trying to change parameter kMPCClosed in subDict evaporation:
	In constant/reactiveProperties, I have change val of kMPCClosed parameter from 0.42; to 0.18 in subDict evaporation.
In constant/reactiveProperties, trying to change parameter R0 in subDict fermentation:
	In constant/reactiveProperties, I have change val of R0 parameter from 0.0022; to 0.0018 in subDict fermentation.
In constant/reactiveProperties, trying to change parameter Tm in subDict fermentation:
	In constant/reactiveProperties, I have change val of Tm parameter from 314; to 313 in subDict fermentation.
In constant/reactiveProperties, trying to change parameter deltaT in subDict fermentation:
	In constant/reactiveProperties, I have change val of deltaT parameter from 10; to 14 in subDict fermentation.
In system/controlDict, trying to change parameter endTime in subDict :
	In system/controlDict, I have change val of endTime parameter from 900; to 2400 in subDict .
In system/controlDict, trying to change parameter deltaT in subDict :
	In system/controlDict, I have change val of deltaT parameter from 1; to 40 in subDict .
In system/controlDict, trying to change parameter writeInterval in subDict :
	In system/controlDict, I have change val of writeInterval parameter from 20; to 200 in subDict .
	In system/controlDict, I have change val of writeInterval parameter from 20; to 200 in subDict .
In system/fvSolution, trying to change parameter nOuterCorrectors in subDict PIMPLE:
	In system/fvSolution, I have change val of nOuterCorrectors parameter from 250; to 400 in subDict PIMPLE.
In system/fvSolution, trying to change parameter D in subDict fields:
	In system/fvSolution, I have change val of D parameter from 0.1; to 0.1 in subDict fields.
In system/fvSolution, trying to change parameter DFinal in subDict fields:
	In system/fvSolution, I have change val of DFinal parameter from 0.1; to 1 in subDict fields.
In system/fvSolution, trying to change parameter omegaV in subDict fields:
	In system/fvSolution, I have change val of omegaV parameter from 0.1; to 1 in subDict fields.
--> FOAM IOWarning :
    Found [v1012] 'convertToMeters' entry instead of 'scale' in dictionary "system/blockMeshDict"

    This keyword is 156 months old.

Created 'V18_FINE_phiLinLCorr_Dl_3e-10_kOp_0.18_kCl_0.18_nu_0.15_mu0_219_muV1_1000_mS_0.0005_lambda_0.42_kH_16_kHB_25_r0_0.0018_per_9e-16.OpenFOAM'
No protocol specified
No protocol specified
No protocol specified
[4] [stack trace]
[4] =============
[4] #1  Foam::sigFpe::sigHandler(int) in /usr/lib/openfoam/openfoam2312/platforms/linux64GccDPInt32Opt/lib/libOpenFOAM.so
[4] #2  ? in /lib/x86_64-linux-gnu/libpthread.so.0
[4] #3  ? in /lib/x86_64-linux-gnu/libm.so.6
[4] #4  Foam::log(Foam::Field<double>&, Foam::UList<double> const&) in /usr/lib/openfoam/openfoam2312/platforms/linux64GccDPInt32Opt/lib/libOpenFOAM.so
[4] #5  void Foam::log<Foam::fvPatchField, Foam::volMesh>(Foam::GeometricField<double, Foam::fvPatchField, Foam::volMesh>&, Foam::GeometricField<double, Foam::fvPatchField, Foam::volMesh> const&) in /usr/lib/openfoam/openfoam2312/platforms/linux64GccDPInt32Opt/lib/libfiniteVolume.so
[4] #6  Foam::tmp<Foam::GeometricField<double, Foam::fvPatchField, Foam::volMesh> > Foam::log<Foam::fvPatchField, Foam::volMesh>(Foam::GeometricField<double, Foam::fvPatchField, Foam::volMesh> const&) in ~/OpenFOAM/hlavatyo-v2312/platforms/linux64GccDPInt32Opt/lib/libsolids4FoamModels.so
[4] #7  Foam::viscoBread::correct(Foam::GeometricField<Foam::SymmTensor<double>, Foam::fvPatchField, Foam::volMesh>&) in ~/OpenFOAM/hlavatyo-v2312/platforms/linux64GccDPInt32Opt/lib/libsolids4FoamModels.so
[4] #8  Foam::solidModels::breadBakingSolid::evolve() in ~/OpenFOAM/hlavatyo-v2312/platforms/linux64GccDPInt32Opt/lib/libsolids4FoamModels.so
[4] #9  ? in ~/OpenFOAM/hlavatyo-v2312/platforms/linux64GccDPInt32Opt/bin/breadBakingFoam
[4] #10  __libc_start_main in /lib/x86_64-linux-gnu/libc.so.6
[4] #11  ? in ~/OpenFOAM/hlavatyo-v2312/platforms/linux64GccDPInt32Opt/bin/breadBakingFoam
[4] =============
[butterfly:689209] *** Process received signal ***
[butterfly:689209] Signal: Floating point exception (8)
[butterfly:689209] Signal code:  (-6)
[butterfly:689209] Failing at address: 0x198000a8439
[butterfly:689209] [ 0] /lib/x86_64-linux-gnu/libpthread.so.0(+0x14420)[0x147ff6aa0420]
[butterfly:689209] [ 1] /lib/x86_64-linux-gnu/libpthread.so.0(raise+0xcb)[0x147ff6aa02ab]
[butterfly:689209] [ 2] /lib/x86_64-linux-gnu/libpthread.so.0(+0x14420)[0x147ff6aa0420]
[butterfly:689209] [ 3] /lib/x86_64-linux-gnu/libm.so.6(+0x7c470)[0x147ff6b48470]
[butterfly:689209] [ 4] /usr/lib/openfoam/openfoam2312/platforms/linux64GccDPInt32Opt/lib/libOpenFOAM.so(_ZN4Foam3logERNS_5FieldIdEERKNS_5UListIdEE+0x33)[0x147ff77272c3]
[butterfly:689209] [ 5] /usr/lib/openfoam/openfoam2312/platforms/linux64GccDPInt32Opt/lib/libfiniteVolume.so(_ZN4Foam3logINS_12fvPatchFieldENS_7volMeshEEEvRNS_14GeometricFieldIdT_T0_EERKS6_+0x45)[0x147ffbd1e665]
[butterfly:689209] [ 6] /butterfly1/hlavatyo/OpenFOAM/hlavatyo-v2312/platforms/linux64GccDPInt32Opt/lib/libsolids4FoamModels.so(_ZN4Foam3logINS_12fvPatchFieldENS_7volMeshEEENS_3tmpINS_14GeometricFieldIdT_T0_EEEERKS7_+0x183)[0x147ff825a643]
[butterfly:689209] [ 7] /butterfly1/hlavatyo/OpenFOAM/hlavatyo-v2312/platforms/linux64GccDPInt32Opt/lib/libsolids4FoamModels.so(_ZN4Foam10viscoBread7correctERNS_14GeometricFieldINS_10SymmTensorIdEENS_12fvPatchFieldENS_7volMeshEEE+0xf06)[0x147ff8253756]
[butterfly:689209] [ 8] /butterfly1/hlavatyo/OpenFOAM/hlavatyo-v2312/platforms/linux64GccDPInt32Opt/lib/libsolids4FoamModels.so(_ZN4Foam11solidModels16breadBakingSolid6evolveEv+0x447)[0x147ff7fb5e87]
[butterfly:689209] [ 9] breadBakingFoam(+0x4527c)[0x556dbd10b27c]
[butterfly:689209] [10] /lib/x86_64-linux-gnu/libc.so.6(__libc_start_main+0xf3)[0x147ff68be083]
[butterfly:689209] [11] breadBakingFoam(+0x4a43e)[0x556dbd11043e]
[butterfly:689209] *** End of error message ***
--------------------------------------------------------------------------
Primary job  terminated normally, but 1 process returned
a non-zero exit code. Per user-direction, the job has been aborted.
--------------------------------------------------------------------------
--------------------------------------------------------------------------
mpirun noticed that process rank 4 with PID 0 on node butterfly exited on signal 8 (Floating point exception).
--------------------------------------------------------------------------
No protocol specified
[4] [stack trace]
[4] =============
[4] #1  Foam::sigFpe::sigHandler(int) in /usr/lib/openfoam/openfoam2312/platforms/linux64GccDPInt32Opt/lib/libOpenFOAM.so
[4] #2  ? in /lib/x86_64-linux-gnu/libpthread.so.0
[4] #3  ? in /lib/x86_64-linux-gnu/libm.so.6
[4] #4  powf64 in /lib/x86_64-linux-gnu/libm.so.6
[4] #5  Foam::pow(Foam::Field<double>&, Foam::UList<double> const&, double const&) in /usr/lib/openfoam/openfoam2312/platforms/linux64GccDPInt32Opt/lib/libOpenFOAM.so
[4] #6  void Foam::pow<Foam::fvPatchField, Foam::volMesh>(Foam::GeometricField<double, Foam::fvPatchField, Foam::volMesh>&, Foam::GeometricField<double, Foam::fvPatchField, Foam::volMesh> const&, Foam::dimensioned<double> const&) in ~/OpenFOAM/hlavatyo-v2312/platforms/linux64GccDPInt32Opt/bin/breadBakingFoam
[4] #7  Foam::tmp<Foam::GeometricField<double, Foam::fvPatchField, Foam::volMesh> > Foam::pow<Foam::fvPatchField, Foam::volMesh>(Foam::tmp<Foam::GeometricField<double, Foam::fvPatchField, Foam::volMesh> > const&, Foam::dimensioned<double> const&) in ~/OpenFOAM/hlavatyo-v2312/platforms/linux64GccDPInt32Opt/bin/breadBakingFoam
[4] #8  Foam::tmp<Foam::GeometricField<double, Foam::fvPatchField, Foam::volMesh> > Foam::pow<Foam::fvPatchField, Foam::volMesh>(Foam::tmp<Foam::GeometricField<double, Foam::fvPatchField, Foam::volMesh> > const&, double const&) in ~/OpenFOAM/hlavatyo-v2312/platforms/linux64GccDPInt32Opt/bin/breadBakingFoam
[4] #9  ? in ~/OpenFOAM/hlavatyo-v2312/platforms/linux64GccDPInt32Opt/bin/breadBakingFoam
[4] #10  __libc_start_main in /lib/x86_64-linux-gnu/libc.so.6
[4] #11  ? in ~/OpenFOAM/hlavatyo-v2312/platforms/linux64GccDPInt32Opt/bin/breadBakingFoam
[4] =============
[butterfly:717438] *** Process received signal ***
[butterfly:717438] Signal: Floating point exception (8)
[butterfly:717438] Signal code:  (-6)
[butterfly:717438] Failing at address: 0x198000af27e
[butterfly:717438] [ 0] /lib/x86_64-linux-gnu/libpthread.so.0(+0x14420)[0x154a50cb7420]
[butterfly:717438] [ 1] /lib/x86_64-linux-gnu/libpthread.so.0(raise+0xcb)[0x154a50cb72ab]
[butterfly:717438] [ 2] /lib/x86_64-linux-gnu/libpthread.so.0(+0x14420)[0x154a50cb7420]
[butterfly:717438] [ 3] /lib/x86_64-linux-gnu/libm.so.6(+0x7c470)[0x154a50d5f470]
[butterfly:717438] [ 4] /lib/x86_64-linux-gnu/libm.so.6(powf64+0x18)[0x154a50d24278]
[butterfly:717438] [ 5] /usr/lib/openfoam/openfoam2312/platforms/linux64GccDPInt32Opt/lib/libOpenFOAM.so(_ZN4Foam3powERNS_5FieldIdEERKNS_5UListIdEERKd+0x39)[0x154a5193db09]
[butterfly:717438] [ 6] breadBakingFoam(_ZN4Foam3powINS_12fvPatchFieldENS_7volMeshEEEvRNS_14GeometricFieldIdT_T0_EERKS6_RKNS_11dimensionedIdEE+0x4c)[0x5585197c2aac]
[butterfly:717438] [ 7] breadBakingFoam(_ZN4Foam3powINS_12fvPatchFieldENS_7volMeshEEENS_3tmpINS_14GeometricFieldIdT_T0_EEEERKS8_RKNS_11dimensionedIdEE+0x2a3)[0x55851981bb43]
[butterfly:717438] [ 8] breadBakingFoam(_ZN4Foam3powINS_12fvPatchFieldENS_7volMeshEEENS_3tmpINS_14GeometricFieldIdT_T0_EEEERKS8_RKd+0x5f)[0x55851981bd7f]
[butterfly:717438] [ 9] breadBakingFoam(+0x3c96d)[0x55851979b96d]
[butterfly:717438] [10] /lib/x86_64-linux-gnu/libc.so.6(__libc_start_main+0xf3)[0x154a50ad5083]
[butterfly:717438] [11] breadBakingFoam(+0x4a43e)[0x5585197a943e]
[butterfly:717438] *** End of error message ***
--------------------------------------------------------------------------
Primary job  terminated normally, but 1 process returned
a non-zero exit code. Per user-direction, the job has been aborted.
--------------------------------------------------------------------------
--------------------------------------------------------------------------
mpirun noticed that process rank 4 with PID 0 on node butterfly exited on signal 8 (Floating point exception).
--------------------------------------------------------------------------
No protocol specified
No protocol specified
No protocol specified
No protocol specified
No protocol specified
No protocol specified
In system/fvSolution, trying to change parameter omegaC in subDict fields:
	In system/fvSolution, I have change val of omegaC parameter from 0.1; to 1 in subDict fields.
In system/fvSolution, trying to change parameter pG in subDict fields:
	In system/fvSolution, I have change val of pG parameter from 0.1; to 1 in subDict fields.
In constant/mechanicalProperties, trying to change parameter E in subDict bread:
	In constant/mechanicalProperties, I have change val of E parameter from 12000; to 10000 in subDict bread.
In constant/mechanicalProperties, trying to change parameter mu0Raw in subDict bread:
	In constant/mechanicalProperties, I have change val of mu0Raw parameter from 300; to 219 in subDict bread.
In constant/mechanicalProperties, trying to change parameter kappa0Raw in subDict bread:
	In constant/mechanicalProperties, I have change val of kappa0Raw parameter from 1000; to 93.85714285714286 in subDict bread.
In constant/mechanicalProperties, trying to change parameter muV1Raw in subDict bread:
	In constant/mechanicalProperties, I have change val of muV1Raw parameter from 3000; to 1000 in subDict bread.
In constant/mechanicalProperties, trying to change parameter muV2Raw in subDict bread:
	In constant/mechanicalProperties, I have change val of muV2Raw parameter from 3000; to 0 in subDict bread.
In constant/mechanicalProperties, trying to change parameter kappaVRaw in subDict bread:
	In constant/mechanicalProperties, I have change val of kappaVRaw parameter from 6000; to 428.5714285714286 in subDict bread.
In constant/mechanicalProperties, trying to change parameter mu0Baked in subDict bread:
	In constant/mechanicalProperties, I have change val of mu0Baked parameter from 12500; to 3285 in subDict bread.
In constant/mechanicalProperties, trying to change parameter kappa0Baked in subDict bread:
	In constant/mechanicalProperties, I have change val of kappa0Baked parameter from 40000; to 1407.857142857143 in subDict bread.
In constant/mechanicalProperties, trying to change parameter tau1 in subDict bread:
	In constant/mechanicalProperties, I have change val of tau1 parameter from 1; to 15 in subDict bread.
In constant/mechanicalProperties, trying to change parameter tau2 in subDict bread:
	In constant/mechanicalProperties, I have change val of tau2 parameter from 1; to 1 in subDict bread.
In constant/mechanicalProperties, trying to change parameter tGelat in subDict bread:
	In constant/mechanicalProperties, I have change val of tGelat parameter from 65; to 65 in subDict bread.
I will execute commands in ../ZZ_cases/2026/V29/exp0_nonDef_False/V18_FINE_phiLinLCorr_Dl_3e-10_kOp_0.12_kCl_0.12_nu_0.15_mu0_219_muV1_1000_mS_0.0005_lambda_0.42_kH_16_kHB_25_r0_0.0018_per_9e-16/:
	1. chmod 755 ./* -R
	2. blockMesh > log.blockMesh
I will execute commands in ../ZZ_cases/2026/V29/exp0_nonDef_False/V18_FINE_phiLinLCorr_Dl_3e-10_kOp_0.12_kCl_0.12_nu_0.15_mu0_219_muV1_1000_mS_0.0005_lambda_0.42_kH_16_kHB_25_r0_0.0018_per_9e-16/:
	1. extrudeMesh > log.extrudeMesh
	2. rm -rf 0
	3. cp -r 0.org 0
	4. paraFoam -touch
In system/decomposeParDict, trying to change parameter numberOfSubdomains in subDict :
	In system/decomposeParDict, I have change val of numberOfSubdomains parameter from 2; to 8 in subDict .
I will execute commands in ../ZZ_cases/2026/V29/exp0_nonDef_False/V18_FINE_phiLinLCorr_Dl_3e-10_kOp_0.12_kCl_0.12_nu_0.15_mu0_219_muV1_1000_mS_0.0005_lambda_0.42_kH_16_kHB_25_r0_0.0018_per_9e-16/:
	1. decomposePar > log.decomposePar
	2. foamJob -parallel -screen breadBakingFoam > log.breadBakingFoam
In system/controlDict, trying to change parameter endTime in subDict :
	In system/controlDict, I have change val of endTime parameter from 2400; to 2850 in subDict .
In system/controlDict, trying to change parameter deltaT in subDict :
	In system/controlDict, I have change val of deltaT parameter from 40; to 0.5 in subDict .
In system/fvSolution, trying to change parameter nOuterCorrectors in subDict PIMPLE:
	In system/fvSolution, I have change val of nOuterCorrectors parameter from 400; to 600 in subDict PIMPLE.
In system/fvSolution, trying to change parameter omegaV in subDict fields:
	In system/fvSolution, I have change val of omegaV parameter from 1; to 0.8 in subDict fields.
In system/fvSolution, trying to change parameter omegaC in subDict fields:
	In system/fvSolution, I have change val of omegaC parameter from 1; to 0.8 in subDict fields.
In system/fvSolution, trying to change parameter D in subDict fields:
	In system/fvSolution, I have change val of D parameter from 0.1; to 0.1 in subDict fields.
In system/fvSolution, trying to change parameter pG in subDict fields:
	In system/fvSolution, I have change val of pG parameter from 1; to 0.8 in subDict fields.
In system/controlDict, trying to change parameter writeInterval in subDict :
	In system/controlDict, I have change val of writeInterval parameter from 200; to 20 in subDict .
	In system/controlDict, I have change val of writeInterval parameter from 200; to 20 in subDict .
I will execute commands in ../ZZ_cases/2026/V29/exp0_nonDef_False/V18_FINE_phiLinLCorr_Dl_3e-10_kOp_0.12_kCl_0.12_nu_0.15_mu0_219_muV1_1000_mS_0.0005_lambda_0.42_kH_16_kHB_25_r0_0.0018_per_9e-16/:
	1. foamJob -parallel -screen breadBakingFoam > log.breadBakingFoam_2
In system/controlDict, trying to change parameter endTime in subDict :
	In system/controlDict, I have change val of endTime parameter from 2850; to 3650 in subDict .
In system/controlDict, trying to change parameter deltaT in subDict :
	In system/controlDict, I have change val of deltaT parameter from 0.5; to 1 in subDict .
In constant/transportProperties, trying to change parameter withDeformation in subDict :
	In constant/transportProperties, I have change val of withDeformation parameter from 1; to 0 in subDict .
In system/fvSolution, trying to change parameter omegaV in subDict fields:
	In system/fvSolution, I have change val of omegaV parameter from 0.8; to 0.01 in subDict fields.
In system/fvSolution, trying to change parameter omegaC in subDict fields:
	In system/fvSolution, I have change val of omegaC parameter from 0.8; to 0.01 in subDict fields.
In system/fvSolution, trying to change parameter pG in subDict fields:
	In system/fvSolution, I have change val of pG parameter from 0.8; to 0.01 in subDict fields.
In system/fvSolution, trying to change parameter nOuterCorrectors in subDict PIMPLE:
	In system/fvSolution, I have change val of nOuterCorrectors parameter from 600; to 100 in subDict PIMPLE.
I will execute commands in ../ZZ_cases/2026/V29/exp0_nonDef_False/V18_FINE_phiLinLCorr_Dl_3e-10_kOp_0.12_kCl_0.12_nu_0.15_mu0_219_muV1_1000_mS_0.0005_lambda_0.42_kH_16_kHB_25_r0_0.0018_per_9e-16/:
	1. foamJob -parallel -screen breadBakingFoam > log.breadBakingFoam_3
Found OpenFOAMCase parallel times are:
	[2700.0, 2660.0, 0.0, 2640.0, 1000.0, 2600.0, 2460.0, 2680.0, 2540.0, 2480.0, 800.0, 2400.0, 2580.0, 1600.0, 2760.0, 2000.0, 2440.0, 1200.0, 1400.0, 2420.0, 1800.0, 2520.0, 2780.0, 200.0, 2720.0, 2200.0, 400.0, 2500.0, 2560.0, 2620.0, 600.0, 2740.0],
latestTime:
	2780
I will execute commands in ../ZZ_cases/2026/V29/exp0_nonDef_False/V18_FINE_phiLinLCorr_Dl_3e-10_kOp_0.12_kCl_0.12_nu_0.15_mu0_219_muV1_1000_mS_0.0005_lambda_0.42_kH_16_kHB_25_r0_0.0018_per_9e-16/:
	1. rm -rf processor*/0
	2. foamJob -parallel -screen postProcess -func "probeOur" -dict system/probeOur > log.postProcess
	3. foamJob -parallel -screen TLFProbe -point "(1e-3 1e-3 0)" > log.TPoint6
	4. foamJob -parallel -screen intMoisture > log.intMoisture
	5. foamJob -parallel -screen intWeigth > log.intWeigth
I will execute commands in ../ZZ_cases/2026/V29/exp0_nonDef_False/V18_FINE_phiLinLCorr_Dl_3e-10_kOp_0.12_kCl_0.12_nu_0.15_mu0_219_muV1_1000_mS_0.0005_lambda_0.42_kH_16_kHB_25_r0_0.0018_per_9e-16/:
	1. foamJob -parallel -screen TLFProbe -point "(0.0445 0.03128 0)" > log.TPoint1
I will execute commands in ../ZZ_cases/2026/V29/exp0_nonDef_False/V18_FINE_phiLinLCorr_Dl_3e-10_kOp_0.12_kCl_0.12_nu_0.15_mu0_219_muV1_1000_mS_0.0005_lambda_0.42_kH_16_kHB_25_r0_0.0018_per_9e-16/:
	1. foamJob -parallel -screen TLFProbe -point "(0.0435 0.010417 0)" > log.TPoint2
No protocol specified
No protocol specified
I will execute commands in ../ZZ_cases/2026/V29/exp0_nonDef_False/V18_FINE_phiLinLCorr_Dl_3e-10_kOp_0.12_kCl_0.12_nu_0.15_mu0_219_muV1_1000_mS_0.0005_lambda_0.42_kH_16_kHB_25_r0_0.0018_per_9e-16/:
	1. foamJob -parallel -screen TLFProbe -point "(0.0336 0.025907 0)" > log.TPoint3
I will execute commands in ../ZZ_cases/2026/V29/exp0_nonDef_False/V18_FINE_phiLinLCorr_Dl_3e-10_kOp_0.12_kCl_0.12_nu_0.15_mu0_219_muV1_1000_mS_0.0005_lambda_0.42_kH_16_kHB_25_r0_0.0018_per_9e-16/:
	1. foamJob -parallel -screen TLFProbe -point "(0.0146 0.047604 0)" > log.TPoint4
Loading all sheets from: ../Experiments2026/10_02_2026/Lab_test_2026_02_10.xlsm
  Sheet 'DATALOG': 32538 rows × 5 columns
  Sheet 'Data_Termo_1': 11554 rows × 25 columns
  Sheet 'Data_Termo_2': 6241 rows × 25 columns
  Sheet 'Data_Termo_3': 2547 rows × 25 columns
Loading all sheets from: ../Experiments2026/10_02_2026/Exp_2/opcua_log_20260210_144124.xlsx
  Sheet 'Sheet1': 1338 rows × 8 columns
Loading all sheets from: ../Experiments2026/10_02_2026/Lab_test_2026_02_10.xlsm
  Sheet 'DATALOG': 32538 rows × 5 columns
  Sheet 'Data_Termo_1': 11554 rows × 25 columns
  Sheet 'Data_Termo_2': 6241 rows × 25 columns
  Sheet 'Data_Termo_3': 2547 rows × 25 columns
Loading all sheets from: ../Experiments2026/10_02_2026/Exp_3/opcua_log_20260210_153553.xlsx
  Sheet 'Sheet1': 893 rows × 8 columns
Loading all sheets from: ../Experiments2026/11_02_2026/Lab_test_2026_02_11.xlsm
  Sheet 'Thermometers': 19 rows × 10 columns
  Sheet 'DATALOG': 19196 rows × 5 columns
  Sheet 'Data_Termo_1': 14022 rows × 25 columns
  Sheet 'Data_Termo_2': 10978 rows × 25 columns
  Sheet 'Data_Termo_3': 7613 rows × 25 columns
  Sheet 'Data_Termo_4': 3804 rows × 25 columns
Loading all sheets from: ../Experiments2026/11_02_2026/Exp_1/opcua_log_20260211_115313.xlsx
  Sheet 'Sheet1': 767 rows × 8 columns
Loading all sheets from: ../Experiments2026/11_02_2026/Lab_test_2026_02_11.xlsm
  Sheet 'Thermometers': 19 rows × 10 columns
  Sheet 'DATALOG': 19196 rows × 5 columns
  Sheet 'Data_Termo_1': 14022 rows × 25 columns
  Sheet 'Data_Termo_2': 10978 rows × 25 columns
  Sheet 'Data_Termo_3': 7613 rows × 25 columns
  Sheet 'Data_Termo_4': 3804 rows × 25 columns
Loading all sheets from: ../Experiments2026/11_02_2026/Exp_2/opcua_log_20260211_125251.xlsx
  Sheet 'Sheet1': 836 rows × 8 columns
Loading all sheets from: ../Experiments2026/11_02_2026/Lab_test_2026_02_11.xlsm
  Sheet 'Thermometers': 19 rows × 10 columns
  Sheet 'DATALOG': 19196 rows × 5 columns
  Sheet 'Data_Termo_1': 14022 rows × 25 columns
  Sheet 'Data_Termo_2': 10978 rows × 25 columns
  Sheet 'Data_Termo_3': 7613 rows × 25 columns
  Sheet 'Data_Termo_4': 3804 rows × 25 columns
Loading all sheets from: ../Experiments2026/11_02_2026/Exp_3/opcua_log_20260211_135519.xlsx
  Sheet 'Sheet1': 773 rows × 8 columns
Loading all sheets from: ../Experiments2026/11_02_2026/Lab_test_2026_02_11.xlsm
  Sheet 'Thermometers': 19 rows × 10 columns
  Sheet 'DATALOG': 19196 rows × 5 columns
  Sheet 'Data_Termo_1': 14022 rows × 25 columns
  Sheet 'Data_Termo_2': 10978 rows × 25 columns
  Sheet 'Data_Termo_3': 7613 rows × 25 columns
  Sheet 'Data_Termo_4': 3804 rows × 25 columns
Loading all sheets from: ../Experiments2026/11_02_2026/Exp_4/opcua_log_20260211_150638.xlsx
  Sheet 'Sheet1': 907 rows × 8 columns
[[2.00000000e+02 6.44026900e-03]
 [4.00000000e+02 6.44027340e-03]
 [6.00000000e+02 6.44027860e-03]
 [8.00000000e+02 6.44028470e-03]
 [1.00000000e+03 6.44029181e-03]
 [1.20000000e+03 6.44030003e-03]
 [1.40000000e+03 6.44030946e-03]
 [1.60000000e+03 6.44032019e-03]
 [1.80000000e+03 6.44033233e-03]
 [2.00000000e+03 6.44034599e-03]
 [2.20000000e+03 6.44036131e-03]
 [2.40000000e+03 6.44037837e-03]
 [2.42000000e+03 6.44038677e-03]
 [2.44000000e+03 6.44039923e-03]
 [2.46000000e+03 6.44041816e-03]
 [2.48000000e+03 6.44044379e-03]
 [2.50000000e+03 6.44047666e-03]
 [2.52000000e+03 6.44051723e-03]
 [2.54000000e+03 6.44056486e-03]
 [2.56000000e+03 6.44061833e-03]
 [2.58000000e+03 6.44067777e-03]
 [2.60000000e+03 6.44074397e-03]
 [2.62000000e+03 6.44081710e-03]
 [2.64000000e+03 6.44089870e-03]
 [2.66000000e+03 6.44098996e-03]
 [2.68000000e+03 6.44109372e-03]
 [2.70000000e+03 6.44121369e-03]
 [2.72000000e+03 6.44135486e-03]
 [2.74000000e+03 6.44152399e-03]
 [2.76000000e+03 6.44173235e-03]
 [2.78000000e+03 6.44198460e-03]]
(31, 2)
[5] [stack trace]
[5] =============
[5] #1  Foam::sigFpe::sigHandler(int) in /usr/lib/openfoam/openfoam2312/platforms/linux64GccDPInt32Opt/lib/libOpenFOAM.so
[5] #2  ? in /lib/x86_64-linux-gnu/libpthread.so.0
[5] #3  ? in /lib/x86_64-linux-gnu/libm.so.6
[5] #4  Foam::log(Foam::Field<double>&, Foam::UList<double> const&) in /usr/lib/openfoam/openfoam2312/platforms/linux64GccDPInt32Opt/lib/libOpenFOAM.so
[5] #5  void Foam::log<Foam::fvPatchField, Foam::volMesh>(Foam::GeometricField<double, Foam::fvPatchField, Foam::volMesh>&, Foam::GeometricField<double, Foam::fvPatchField, Foam::volMesh> const&) in /usr/lib/openfoam/openfoam2312/platforms/linux64GccDPInt32Opt/lib/libfiniteVolume.so
[5] #6  Foam::tmp<Foam::GeometricField<double, Foam::fvPatchField, Foam::volMesh> > Foam::log<Foam::fvPatchField, Foam::volMesh>(Foam::GeometricField<double, Foam::fvPatchField, Foam::volMesh> const&) in ~/OpenFOAM/hlavatyo-v2312/platforms/linux64GccDPInt32Opt/lib/libsolids4FoamModels.so
[5] #7  Foam::viscoBread::correct(Foam::GeometricField<Foam::SymmTensor<double>, Foam::fvPatchField, Foam::volMesh>&) in ~/OpenFOAM/hlavatyo-v2312/platforms/linux64GccDPInt32Opt/lib/libsolids4FoamModels.so
[5] #8  Foam::solidModels::breadBakingSolid::evolve() in ~/OpenFOAM/hlavatyo-v2312/platforms/linux64GccDPInt32Opt/lib/libsolids4FoamModels.so
[5] #9  ? in ~/OpenFOAM/hlavatyo-v2312/platforms/linux64GccDPInt32Opt/bin/breadBakingFoam
[5] #10  __libc_start_main in /lib/x86_64-linux-gnu/libc.so.6
[5] #11  ? in ~/OpenFOAM/hlavatyo-v2312/platforms/linux64GccDPInt32Opt/bin/breadBakingFoam
[5] =============
[butterfly:692452] *** Process received signal ***
[butterfly:692452] Signal: Floating point exception (8)
[butterfly:692452] Signal code:  (-6)
[butterfly:692452] Failing at address: 0x198000a90e4
[butterfly:692452] [ 0] /lib/x86_64-linux-gnu/libpthread.so.0(+0x14420)[0x14db9212b420]
[butterfly:692452] [ 1] /lib/x86_64-linux-gnu/libpthread.so.0(raise+0xcb)[0x14db9212b2ab]
[butterfly:692452] [ 2] /lib/x86_64-linux-gnu/libpthread.so.0(+0x14420)[0x14db9212b420]
[butterfly:692452] [ 3] /lib/x86_64-linux-gnu/libm.so.6(+0x7c470)[0x14db921d3470]
[butterfly:692452] [ 4] /usr/lib/openfoam/openfoam2312/platforms/linux64GccDPInt32Opt/lib/libOpenFOAM.so(_ZN4Foam3logERNS_5FieldIdEERKNS_5UListIdEE+0x33)[0x14db92db22c3]
[butterfly:692452] [ 5] /usr/lib/openfoam/openfoam2312/platforms/linux64GccDPInt32Opt/lib/libfiniteVolume.so(_ZN4Foam3logINS_12fvPatchFieldENS_7volMeshEEEvRNS_14GeometricFieldIdT_T0_EERKS6_+0x45)[0x14db973a9665]
[butterfly:692452] [ 6] /butterfly1/hlavatyo/OpenFOAM/hlavatyo-v2312/platforms/linux64GccDPInt32Opt/lib/libsolids4FoamModels.so(_ZN4Foam3logINS_12fvPatchFieldENS_7volMeshEEENS_3tmpINS_14GeometricFieldIdT_T0_EEEERKS7_+0x183)[0x14db938e5643]
[butterfly:692452] [ 7] /butterfly1/hlavatyo/OpenFOAM/hlavatyo-v2312/platforms/linux64GccDPInt32Opt/lib/libsolids4FoamModels.so(_ZN4Foam10viscoBread7correctERNS_14GeometricFieldINS_10SymmTensorIdEENS_12fvPatchFieldENS_7volMeshEEE+0xf06)[0x14db938de756]
[butterfly:692452] [ 8] /butterfly1/hlavatyo/OpenFOAM/hlavatyo-v2312/platforms/linux64GccDPInt32Opt/lib/libsolids4FoamModels.so(_ZN4Foam11solidModels16breadBakingSolid6evolveEv+0x447)[0x14db93640e87]
[butterfly:692452] [ 9] breadBakingFoam(+0x4527c)[0x560ecea2227c]
[butterfly:692452] [10] /lib/x86_64-linux-gnu/libc.so.6(__libc_start_main+0xf3)[0x14db91f49083]
[butterfly:692452] [11] breadBakingFoam(+0x4a43e)[0x560ecea2743e]
[butterfly:692452] *** End of error message ***
--------------------------------------------------------------------------
Primary job  terminated normally, but 1 process returned
a non-zero exit code. Per user-direction, the job has been aborted.
--------------------------------------------------------------------------
--------------------------------------------------------------------------
mpirun noticed that process rank 5 with PID 0 on node butterfly exited on signal 8 (Floating point exception).
--------------------------------------------------------------------------
No protocol specified
[4] [stack trace]
[4] =============
[4] #1  Foam::sigFpe::sigHandler(int) in /usr/lib/openfoam/openfoam2312/platforms/linux64GccDPInt32Opt/lib/libOpenFOAM.so
[4] #2  ? in /lib/x86_64-linux-gnu/libpthread.so.0
[4] #3  ? in /lib/x86_64-linux-gnu/libm.so.6
[4] #4  powf64 in /lib/x86_64-linux-gnu/libm.so.6
[4] #5  Foam::pow(Foam::Field<double>&, Foam::UList<double> const&, double const&) in /usr/lib/openfoam/openfoam2312/platforms/linux64GccDPInt32Opt/lib/libOpenFOAM.so
[4] #6  void Foam::pow<Foam::fvPatchField, Foam::volMesh>(Foam::GeometricField<double, Foam::fvPatchField, Foam::volMesh>&, Foam::GeometricField<double, Foam::fvPatchField, Foam::volMesh> const&, Foam::dimensioned<double> const&) in ~/OpenFOAM/hlavatyo-v2312/platforms/linux64GccDPInt32Opt/bin/breadBakingFoam
[4] #7  Foam::tmp<Foam::GeometricField<double, Foam::fvPatchField, Foam::volMesh> > Foam::pow<Foam::fvPatchField, Foam::volMesh>(Foam::tmp<Foam::GeometricField<double, Foam::fvPatchField, Foam::volMesh> > const&, Foam::dimensioned<double> const&) in ~/OpenFOAM/hlavatyo-v2312/platforms/linux64GccDPInt32Opt/bin/breadBakingFoam
[4] #8  Foam::tmp<Foam::GeometricField<double, Foam::fvPatchField, Foam::volMesh> > Foam::pow<Foam::fvPatchField, Foam::volMesh>(Foam::tmp<Foam::GeometricField<double, Foam::fvPatchField, Foam::volMesh> > const&, double const&) in ~/OpenFOAM/hlavatyo-v2312/platforms/linux64GccDPInt32Opt/bin/breadBakingFoam
[4] #9  ? in ~/OpenFOAM/hlavatyo-v2312/platforms/linux64GccDPInt32Opt/bin/breadBakingFoam
[4] #10  __libc_start_main in /lib/x86_64-linux-gnu/libc.so.6
[4] #11  ? in ~/OpenFOAM/hlavatyo-v2312/platforms/linux64GccDPInt32Opt/bin/breadBakingFoam
[4] =============
[butterfly:744270] *** Process received signal ***
[butterfly:744270] Signal: Floating point exception (8)
[butterfly:744270] Signal code:  (-6)
[butterfly:744270] Failing at address: 0x198000b5b4e
[butterfly:744270] [ 0] /lib/x86_64-linux-gnu/libpthread.so.0(+0x14420)[0x1538ef60c420]
[butterfly:744270] [ 1] /lib/x86_64-linux-gnu/libpthread.so.0(raise+0xcb)[0x1538ef60c2ab]
[butterfly:744270] [ 2] /lib/x86_64-linux-gnu/libpthread.so.0(+0x14420)[0x1538ef60c420]
[butterfly:744270] [ 3] /lib/x86_64-linux-gnu/libm.so.6(+0x7c470)[0x1538ef6b4470]
[butterfly:744270] [ 4] /lib/x86_64-linux-gnu/libm.so.6(powf64+0x18)[0x1538ef679278]
[butterfly:744270] [ 5] /usr/lib/openfoam/openfoam2312/platforms/linux64GccDPInt32Opt/lib/libOpenFOAM.so(_ZN4Foam3powERNS_5FieldIdEERKNS_5UListIdEERKd+0x39)[0x1538f0292b09]
[butterfly:744270] [ 6] breadBakingFoam(_ZN4Foam3powINS_12fvPatchFieldENS_7volMeshEEEvRNS_14GeometricFieldIdT_T0_EERKS6_RKNS_11dimensionedIdEE+0x4c)[0x560ee815eaac]
[butterfly:744270] [ 7] breadBakingFoam(_ZN4Foam3powINS_12fvPatchFieldENS_7volMeshEEENS_3tmpINS_14GeometricFieldIdT_T0_EEEERKS8_RKNS_11dimensionedIdEE+0x2a3)[0x560ee81b7b43]
[butterfly:744270] [ 8] breadBakingFoam(_ZN4Foam3powINS_12fvPatchFieldENS_7volMeshEEENS_3tmpINS_14GeometricFieldIdT_T0_EEEERKS8_RKd+0x5f)[0x560ee81b7d7f]
[butterfly:744270] [ 9] breadBakingFoam(+0x3c96d)[0x560ee813796d]
[butterfly:744270] [10] /lib/x86_64-linux-gnu/libc.so.6(__libc_start_main+0xf3)[0x1538ef42a083]
[butterfly:744270] [11] breadBakingFoam(+0x4a43e)[0x560ee814543e]
[butterfly:744270] *** End of error message ***
--------------------------------------------------------------------------
Primary job  terminated normally, but 1 process returned
a non-zero exit code. Per user-direction, the job has been aborted.
--------------------------------------------------------------------------
--------------------------------------------------------------------------
mpirun noticed that process rank 4 with PID 0 on node butterfly exited on signal 8 (Floating point exception).
--------------------------------------------------------------------------
No protocol specified
No protocol specified
No protocol specified
No protocol specified
No protocol specified
No protocol specified
In system/fvSolution, trying to change parameter omegaC in subDict fields:
	In system/fvSolution, I have change val of omegaC parameter from 0.1; to 1 in subDict fields.
In system/fvSolution, trying to change parameter pG in subDict fields:
	In system/fvSolution, I have change val of pG parameter from 0.1; to 1 in subDict fields.
In constant/mechanicalProperties, trying to change parameter E in subDict bread:
	In constant/mechanicalProperties, I have change val of E parameter from 12000; to 10000 in subDict bread.
In constant/mechanicalProperties, trying to change parameter mu0Raw in subDict bread:
	In constant/mechanicalProperties, I have change val of mu0Raw parameter from 300; to 219 in subDict bread.
In constant/mechanicalProperties, trying to change parameter kappa0Raw in subDict bread:
	In constant/mechanicalProperties, I have change val of kappa0Raw parameter from 1000; to 93.85714285714286 in subDict bread.
In constant/mechanicalProperties, trying to change parameter muV1Raw in subDict bread:
	In constant/mechanicalProperties, I have change val of muV1Raw parameter from 3000; to 1000 in subDict bread.
In constant/mechanicalProperties, trying to change parameter muV2Raw in subDict bread:
	In constant/mechanicalProperties, I have change val of muV2Raw parameter from 3000; to 0 in subDict bread.
In constant/mechanicalProperties, trying to change parameter kappaVRaw in subDict bread:
	In constant/mechanicalProperties, I have change val of kappaVRaw parameter from 6000; to 428.5714285714286 in subDict bread.
In constant/mechanicalProperties, trying to change parameter mu0Baked in subDict bread:
	In constant/mechanicalProperties, I have change val of mu0Baked parameter from 12500; to 3285 in subDict bread.
In constant/mechanicalProperties, trying to change parameter kappa0Baked in subDict bread:
	In constant/mechanicalProperties, I have change val of kappa0Baked parameter from 40000; to 1407.857142857143 in subDict bread.
In constant/mechanicalProperties, trying to change parameter tau1 in subDict bread:
	In constant/mechanicalProperties, I have change val of tau1 parameter from 1; to 15 in subDict bread.
In constant/mechanicalProperties, trying to change parameter tau2 in subDict bread:
	In constant/mechanicalProperties, I have change val of tau2 parameter from 1; to 1 in subDict bread.
In constant/mechanicalProperties, trying to change parameter tGelat in subDict bread:
	In constant/mechanicalProperties, I have change val of tGelat parameter from 65; to 65 in subDict bread.
I will execute commands in ../ZZ_cases/2026/V29/exp0_nonDef_False/V18_FINE_phiLinLCorr_Dl_3e-10_kOp_0.18_kCl_0.18_nu_0.15_mu0_219_muV1_1000_mS_0.0005_lambda_0.42_kH_16_kHB_25_r0_0.0018_per_9e-16/:
	1. chmod 755 ./* -R
	2. blockMesh > log.blockMesh
I will execute commands in ../ZZ_cases/2026/V29/exp0_nonDef_False/V18_FINE_phiLinLCorr_Dl_3e-10_kOp_0.18_kCl_0.18_nu_0.15_mu0_219_muV1_1000_mS_0.0005_lambda_0.42_kH_16_kHB_25_r0_0.0018_per_9e-16/:
	1. extrudeMesh > log.extrudeMesh
	2. rm -rf 0
	3. cp -r 0.org 0
	4. paraFoam -touch
In system/decomposeParDict, trying to change parameter numberOfSubdomains in subDict :
	In system/decomposeParDict, I have change val of numberOfSubdomains parameter from 2; to 8 in subDict .
I will execute commands in ../ZZ_cases/2026/V29/exp0_nonDef_False/V18_FINE_phiLinLCorr_Dl_3e-10_kOp_0.18_kCl_0.18_nu_0.15_mu0_219_muV1_1000_mS_0.0005_lambda_0.42_kH_16_kHB_25_r0_0.0018_per_9e-16/:
	1. decomposePar > log.decomposePar
	2. foamJob -parallel -screen breadBakingFoam > log.breadBakingFoam
In system/controlDict, trying to change parameter endTime in subDict :
	In system/controlDict, I have change val of endTime parameter from 2400; to 2850 in subDict .
In system/controlDict, trying to change parameter deltaT in subDict :
	In system/controlDict, I have change val of deltaT parameter from 40; to 0.5 in subDict .
In system/fvSolution, trying to change parameter nOuterCorrectors in subDict PIMPLE:
	In system/fvSolution, I have change val of nOuterCorrectors parameter from 400; to 600 in subDict PIMPLE.
In system/fvSolution, trying to change parameter omegaV in subDict fields:
	In system/fvSolution, I have change val of omegaV parameter from 1; to 0.8 in subDict fields.
In system/fvSolution, trying to change parameter omegaC in subDict fields:
	In system/fvSolution, I have change val of omegaC parameter from 1; to 0.8 in subDict fields.
In system/fvSolution, trying to change parameter D in subDict fields:
	In system/fvSolution, I have change val of D parameter from 0.1; to 0.1 in subDict fields.
In system/fvSolution, trying to change parameter pG in subDict fields:
	In system/fvSolution, I have change val of pG parameter from 1; to 0.8 in subDict fields.
In system/controlDict, trying to change parameter writeInterval in subDict :
	In system/controlDict, I have change val of writeInterval parameter from 200; to 20 in subDict .
	In system/controlDict, I have change val of writeInterval parameter from 200; to 20 in subDict .
I will execute commands in ../ZZ_cases/2026/V29/exp0_nonDef_False/V18_FINE_phiLinLCorr_Dl_3e-10_kOp_0.18_kCl_0.18_nu_0.15_mu0_219_muV1_1000_mS_0.0005_lambda_0.42_kH_16_kHB_25_r0_0.0018_per_9e-16/:
	1. foamJob -parallel -screen breadBakingFoam > log.breadBakingFoam_2
In system/controlDict, trying to change parameter endTime in subDict :
	In system/controlDict, I have change val of endTime parameter from 2850; to 3650 in subDict .
In system/controlDict, trying to change parameter deltaT in subDict :
	In system/controlDict, I have change val of deltaT parameter from 0.5; to 1 in subDict .
In constant/transportProperties, trying to change parameter withDeformation in subDict :
	In constant/transportProperties, I have change val of withDeformation parameter from 1; to 0 in subDict .
In system/fvSolution, trying to change parameter omegaV in subDict fields:
	In system/fvSolution, I have change val of omegaV parameter from 0.8; to 0.01 in subDict fields.
In system/fvSolution, trying to change parameter omegaC in subDict fields:
	In system/fvSolution, I have change val of omegaC parameter from 0.8; to 0.01 in subDict fields.
In system/fvSolution, trying to change parameter pG in subDict fields:
	In system/fvSolution, I have change val of pG parameter from 0.8; to 0.01 in subDict fields.
In system/fvSolution, trying to change parameter nOuterCorrectors in subDict PIMPLE:
	In system/fvSolution, I have change val of nOuterCorrectors parameter from 600; to 100 in subDict PIMPLE.
I will execute commands in ../ZZ_cases/2026/V29/exp0_nonDef_False/V18_FINE_phiLinLCorr_Dl_3e-10_kOp_0.18_kCl_0.18_nu_0.15_mu0_219_muV1_1000_mS_0.0005_lambda_0.42_kH_16_kHB_25_r0_0.0018_per_9e-16/:
	1. foamJob -parallel -screen breadBakingFoam > log.breadBakingFoam_3
Found OpenFOAMCase parallel times are:
	[2700.0, 2660.0, 0.0, 2640.0, 1000.0, 2600.0, 2460.0, 2680.0, 2540.0, 2480.0, 800.0, 2400.0, 2580.0, 1600.0, 2760.0, 2000.0, 2440.0, 1200.0, 1400.0, 2420.0, 1800.0, 2520.0, 200.0, 2720.0, 2200.0, 400.0, 2500.0, 2560.0, 2620.0, 600.0, 2740.0],
latestTime:
	2760
I will execute commands in ../ZZ_cases/2026/V29/exp0_nonDef_False/V18_FINE_phiLinLCorr_Dl_3e-10_kOp_0.18_kCl_0.18_nu_0.15_mu0_219_muV1_1000_mS_0.0005_lambda_0.42_kH_16_kHB_25_r0_0.0018_per_9e-16/:
	1. rm -rf processor*/0
	2. foamJob -parallel -screen postProcess -func "probeOur" -dict system/probeOur > log.postProcess
	3. foamJob -parallel -screen TLFProbe -point "(1e-3 1e-3 0)" > log.TPoint6
	4. foamJob -parallel -screen intMoisture > log.intMoisture
	5. foamJob -parallel -screen intWeigth > log.intWeigth
I will execute commands in ../ZZ_cases/2026/V29/exp0_nonDef_False/V18_FINE_phiLinLCorr_Dl_3e-10_kOp_0.18_kCl_0.18_nu_0.15_mu0_219_muV1_1000_mS_0.0005_lambda_0.42_kH_16_kHB_25_r0_0.0018_per_9e-16/:
	1. foamJob -parallel -screen TLFProbe -point "(0.0445 0.03128 0)" > log.TPoint1
I will execute commands in ../ZZ_cases/2026/V29/exp0_nonDef_False/V18_FINE_phiLinLCorr_Dl_3e-10_kOp_0.18_kCl_0.18_nu_0.15_mu0_219_muV1_1000_mS_0.0005_lambda_0.42_kH_16_kHB_25_r0_0.0018_per_9e-16/:
	1. foamJob -parallel -screen TLFProbe -point "(0.0435 0.010417 0)" > log.TPoint2
No protocol specified
No protocol specified
I will execute commands in ../ZZ_cases/2026/V29/exp0_nonDef_False/V18_FINE_phiLinLCorr_Dl_3e-10_kOp_0.18_kCl_0.18_nu_0.15_mu0_219_muV1_1000_mS_0.0005_lambda_0.42_kH_16_kHB_25_r0_0.0018_per_9e-16/:
	1. foamJob -parallel -screen TLFProbe -point "(0.0336 0.025907 0)" > log.TPoint3
I will execute commands in ../ZZ_cases/2026/V29/exp0_nonDef_False/V18_FINE_phiLinLCorr_Dl_3e-10_kOp_0.18_kCl_0.18_nu_0.15_mu0_219_muV1_1000_mS_0.0005_lambda_0.42_kH_16_kHB_25_r0_0.0018_per_9e-16/:
	1. foamJob -parallel -screen TLFProbe -point "(0.0146 0.047604 0)" > log.TPoint4
Loading all sheets from: ../Experiments2026/10_02_2026/Lab_test_2026_02_10.xlsm
  Sheet 'DATALOG': 32538 rows × 5 columns
  Sheet 'Data_Termo_1': 11554 rows × 25 columns
  Sheet 'Data_Termo_2': 6241 rows × 25 columns
  Sheet 'Data_Termo_3': 2547 rows × 25 columns
Loading all sheets from: ../Experiments2026/10_02_2026/Exp_2/opcua_log_20260210_144124.xlsx
  Sheet 'Sheet1': 1338 rows × 8 columns
Loading all sheets from: ../Experiments2026/10_02_2026/Lab_test_2026_02_10.xlsm
  Sheet 'DATALOG': 32538 rows × 5 columns
  Sheet 'Data_Termo_1': 11554 rows × 25 columns
  Sheet 'Data_Termo_2': 6241 rows × 25 columns
  Sheet 'Data_Termo_3': 2547 rows × 25 columns
Loading all sheets from: ../Experiments2026/10_02_2026/Exp_3/opcua_log_20260210_153553.xlsx
  Sheet 'Sheet1': 893 rows × 8 columns
Loading all sheets from: ../Experiments2026/11_02_2026/Lab_test_2026_02_11.xlsm
  Sheet 'Thermometers': 19 rows × 10 columns
  Sheet 'DATALOG': 19196 rows × 5 columns
  Sheet 'Data_Termo_1': 14022 rows × 25 columns
  Sheet 'Data_Termo_2': 10978 rows × 25 columns
  Sheet 'Data_Termo_3': 7613 rows × 25 columns
  Sheet 'Data_Termo_4': 3804 rows × 25 columns
Loading all sheets from: ../Experiments2026/11_02_2026/Exp_1/opcua_log_20260211_115313.xlsx
  Sheet 'Sheet1': 767 rows × 8 columns
Loading all sheets from: ../Experiments2026/11_02_2026/Lab_test_2026_02_11.xlsm
  Sheet 'Thermometers': 19 rows × 10 columns
  Sheet 'DATALOG': 19196 rows × 5 columns
  Sheet 'Data_Termo_1': 14022 rows × 25 columns
  Sheet 'Data_Termo_2': 10978 rows × 25 columns
  Sheet 'Data_Termo_3': 7613 rows × 25 columns
  Sheet 'Data_Termo_4': 3804 rows × 25 columns
Loading all sheets from: ../Experiments2026/11_02_2026/Exp_2/opcua_log_20260211_125251.xlsx
  Sheet 'Sheet1': 836 rows × 8 columns
Loading all sheets from: ../Experiments2026/11_02_2026/Lab_test_2026_02_11.xlsm
  Sheet 'Thermometers': 19 rows × 10 columns
  Sheet 'DATALOG': 19196 rows × 5 columns
  Sheet 'Data_Termo_1': 14022 rows × 25 columns
  Sheet 'Data_Termo_2': 10978 rows × 25 columns
  Sheet 'Data_Termo_3': 7613 rows × 25 columns
  Sheet 'Data_Termo_4': 3804 rows × 25 columns
Loading all sheets from: ../Experiments2026/11_02_2026/Exp_3/opcua_log_20260211_135519.xlsx
  Sheet 'Sheet1': 773 rows × 8 columns
Loading all sheets from: ../Experiments2026/11_02_2026/Lab_test_2026_02_11.xlsm
  Sheet 'Thermometers': 19 rows × 10 columns
  Sheet 'DATALOG': 19196 rows × 5 columns
  Sheet 'Data_Termo_1': 14022 rows × 25 columns
  Sheet 'Data_Termo_2': 10978 rows × 25 columns
  Sheet 'Data_Termo_3': 7613 rows × 25 columns
  Sheet 'Data_Termo_4': 3804 rows × 25 columns
Loading all sheets from: ../Experiments2026/11_02_2026/Exp_4/opcua_log_20260211_150638.xlsx
  Sheet 'Sheet1': 907 rows × 8 columns
[[2.00000000e+02 6.44026895e-03]
 [4.00000000e+02 6.44027335e-03]
 [6.00000000e+02 6.44027855e-03]
 [8.00000000e+02 6.44028464e-03]
 [1.00000000e+03 6.44029175e-03]
 [1.20000000e+03 6.44029996e-03]
 [1.40000000e+03 6.44030938e-03]
 [1.60000000e+03 6.44032011e-03]
 [1.80000000e+03 6.44033224e-03]
 [2.00000000e+03 6.44034589e-03]
 [2.20000000e+03 6.44036120e-03]
 [2.40000000e+03 6.44037822e-03]
 [2.42000000e+03 6.44038663e-03]
 [2.44000000e+03 6.44039910e-03]
 [2.46000000e+03 6.44041805e-03]
 [2.48000000e+03 6.44044365e-03]
 [2.50000000e+03 6.44047645e-03]
 [2.52000000e+03 6.44051699e-03]
 [2.54000000e+03 6.44056461e-03]
 [2.56000000e+03 6.44061809e-03]
 [2.58000000e+03 6.44067753e-03]
 [2.60000000e+03 6.44074366e-03]
 [2.62000000e+03 6.44081678e-03]
 [2.64000000e+03 6.44089820e-03]
 [2.66000000e+03 6.44098919e-03]
 [2.68000000e+03 6.44109268e-03]
 [2.70000000e+03 6.44121214e-03]
 [2.72000000e+03 6.44135239e-03]
 [2.74000000e+03 6.44152012e-03]
 [2.76000000e+03 6.44172682e-03]]
(30, 2)
New OpenFOAMCase has been initialized, starting directory is:
	/butterfly2/hlavatyo/bread/breadBakingFoamTechMathGroup/pyCtrlScripts
OpenFOAMCase.baseCase has been set to :
	../tutorials/bread3DOurExp/
OpenFOAMCase directory has been changed from:
	../tutorials/bread3DOurExp/ to ../ZZ_cases/2026/V30/exp0_nonDef_False/V97_moistDep0285_Dl_2e-09_kOp_0.1_kCl_0.1_nu_0.15_mu0_230_muV1_5000_mS_0.001_lambda_0.45_kH_20_kHB_20_r0_0.0018_per_9e-16/
OpenFOAMCase.baseDir has been copied to OpenFOAMCase.dir:
	 ../tutorials/bread3DOurExp/ --> ../ZZ_cases/2026/V30/exp0_nonDef_False/V97_moistDep0285_Dl_2e-09_kOp_0.1_kCl_0.1_nu_0.15_mu0_230_muV1_5000_mS_0.001_lambda_0.45_kH_20_kHB_20_r0_0.0018_per_9e-16/
In 0.org/omegaV, trying to change parameter kM in subDict sides:
	In 0.org/omegaV, I have change val of kM parameter from 0.01; to 0.01 in subDict sides.
In 0.org/omegaV, trying to change parameter kM in subDict bottom:
	In 0.org/omegaV, I have change val of kM parameter from 1e-5; to 0.001 in subDict bottom.
In 0.org/omegaV, trying to change parameter kM in subDict bottom2:
	In 0.org/omegaV, I have change val of kM parameter from 1e-5; to 0.001 in subDict bottom2.
In 0.org/omegaC, trying to change parameter kM in subDict sides:
	In 0.org/omegaC, I have change val of kM parameter from 1e-5; to 0.01 in subDict sides.
In 0.org/omegaC, trying to change parameter kM in subDict bottom:
	In 0.org/omegaC, I have change val of kM parameter from 1e-5; to 0.001 in subDict bottom.
In 0.org/omegaC, trying to change parameter kM in subDict bottom2:
	In 0.org/omegaC, I have change val of kM parameter from 1e-5; to 0.001 in subDict bottom2.
In 0.org/T, trying to change parameter alpha in subDict sides:
	In 0.org/T, I have change val of alpha parameter from 9.5; to 20 in subDict sides.
In 0.org/T, trying to change parameter alpha in subDict bottom:
	In 0.org/T, I have change val of alpha parameter from 9.5; to 20 in subDict bottom.
In 0.org/T, trying to change parameter alpha in subDict bottom2:
	In 0.org/T, I have change val of alpha parameter from 9.5; to 20 in subDict bottom2.
In 0.org/T, trying to change parameter internalField in subDict :
	In 0.org/T, I have change val of internalField parameter from uniform 302.5; to uniform 297 in subDict .
Loading all sheets from: ../Experiments2026/10_02_2026/Lab_test_2026_02_10.xlsm
  Sheet 'DATALOG': 32538 rows × 5 columns
  Sheet 'Data_Termo_1': 11554 rows × 25 columns
  Sheet 'Data_Termo_2': 6241 rows × 25 columns
  Sheet 'Data_Termo_3': 2547 rows × 25 columns
In constant/transportProperties, trying to change parameter withDeformation in subDict :
	In constant/transportProperties, I have change val of withDeformation parameter from 1; to 1 in subDict .
In constant/transportProperties, trying to change parameter permGLViscG in subDict :
	In constant/transportProperties, I have change val of permGLViscG parameter from 9e-13; to 9e-16 in subDict .
In constant/transportProperties, trying to change parameter tortOpen in subDict :
	In constant/transportProperties, I have change val of tortOpen parameter from 2; to 2.4 in subDict .
In constant/transportProperties, trying to change parameter tortClosed in subDict :
	In constant/transportProperties, I have change val of tortClosed parameter from 10; to 70 in subDict .
In constant/thermophysicalProperties, trying to change parameter lambda in subDict solid:
	In constant/thermophysicalProperties, I have change val of lambda parameter from 0.47; to 0.45 in subDict solid.
In constant/thermophysicalProperties, trying to change parameter rho in subDict solid:
	In constant/thermophysicalProperties, I have change val of rho parameter from 700; to 764 in subDict solid.
In constant/thermophysicalProperties, trying to change parameter Cp in subDict solid:
	In constant/thermophysicalProperties, I have change val of Cp parameter from 600; to 1130 in subDict solid.
In constant/thermophysicalProperties, trying to change parameter Cp in subDict liquid:
	In constant/thermophysicalProperties, I have change val of Cp parameter from 4200; to 4200 in subDict liquid.
In constant/thermophysicalProperties, trying to change parameter Cp in subDict CO2:
	In constant/thermophysicalProperties, I have change val of Cp parameter from 853; to 853 in subDict CO2.
In constant/thermophysicalProperties, trying to change parameter Cp in subDict vapor:
	In constant/thermophysicalProperties, I have change val of Cp parameter from 1878; to 1878 in subDict vapor.
In constant/thermophysicalProperties, trying to change parameter D in subDict transport:
	In constant/thermophysicalProperties, I have change val of D parameter from 5e-06; to 2.6e-05 in subDict transport.
In constant/thermophysicalProperties, trying to change parameter Dl in subDict transport:
	In constant/thermophysicalProperties, I have change val of Dl parameter from 5e-10; to 2e-09 in subDict transport.
	In constant/thermophysicalProperties, I have change val of Dl parameter from 2e-11; to 2e-09 in subDict transport.
	In constant/thermophysicalProperties, I have change val of Dl parameter from 5e-12; to 2e-09 in subDict transport.
	In constant/thermophysicalProperties, I have change val of Dl parameter from 8e-12; to 2e-09 in subDict transport.
	In constant/thermophysicalProperties, I have change val of Dl parameter from 2e-11; to 2e-09 in subDict transport.
	In constant/thermophysicalProperties, I have change val of Dl parameter from 2e-10; to 2e-09 in subDict transport.
	In constant/thermophysicalProperties, I have change val of Dl parameter from 1e-9; to 2e-09 in subDict transport.
	In constant/thermophysicalProperties, I have change val of Dl parameter from 5e-10; to 2e-09 in subDict transport.
	In constant/thermophysicalProperties, I have change val of Dl parameter from 1.5e-11; to 2e-09 in subDict transport.
In constant/reactiveProperties, trying to change parameter kMPCOpen in subDict evaporation:
	In constant/reactiveProperties, I have change val of kMPCOpen parameter from 0.42; to 0.1 in subDict evaporation.
In constant/reactiveProperties, trying to change parameter kMPCClosed in subDict evaporation:
	In constant/reactiveProperties, I have change val of kMPCClosed parameter from 0.42; to 0.1 in subDict evaporation.
In constant/reactiveProperties, trying to change parameter R0 in subDict fermentation:
	In constant/reactiveProperties, I have change val of R0 parameter from 0.0022; to 0.0018 in subDict fermentation.
In constant/reactiveProperties, trying to change parameter Tm in subDict fermentation:
	In constant/reactiveProperties, I have change val of Tm parameter from 314; to 313 in subDict fermentation.
In constant/reactiveProperties, trying to change parameter deltaT in subDict fermentation:
	In constant/reactiveProperties, I have change val of deltaT parameter from 10; to 14 in subDict fermentation.
In system/controlDict, trying to change parameter endTime in subDict :
	In system/controlDict, I have change val of endTime parameter from 900; to 2400 in subDict .
In system/controlDict, trying to change parameter deltaT in subDict :
	In system/controlDict, I have change val of deltaT parameter from 1; to 40 in subDict .
In system/controlDict, trying to change parameter writeInterval in subDict :
	In system/controlDict, I have change val of writeInterval parameter from 20; to 200 in subDict .
	In system/controlDict, I have change val of writeInterval parameter from 20; to 200 in subDict .
In system/fvSolution, trying to change parameter nOuterCorrectors in subDict PIMPLE:
	In system/fvSolution, I have change val of nOuterCorrectors parameter from 250; to 400 in subDict PIMPLE.
In system/fvSolution, trying to change parameter D in subDict fields:
	In system/fvSolution, I have change val of D parameter from 0.1; to 0.1 in subDict fields.
In system/fvSolution, trying to change parameter DFinal in subDict fields:
	In system/fvSolution, I have change val of DFinal parameter from 0.1; to 1 in subDict fields.
In system/fvSolution, trying to change parameter omegaV in subDict fields:
	In system/fvSolution, I have change val of omegaV parameter from 0.1; to 1 in subDict fields.
In system/fvSolution, trying to change parameter omegaC in subDict fields:
--> FOAM IOWarning :
    Found [v1012] 'convertToMeters' entry instead of 'scale' in dictionary "system/blockMeshDict"

    This keyword is 156 months old.

Created 'V97_moistDep0285_Dl_2e-09_kOp_0.1_kCl_0.1_nu_0.15_mu0_230_muV1_5000_mS_0.001_lambda_0.45_kH_20_kHB_20_r0_0.0018_per_9e-16.OpenFOAM'
No protocol specified
New OpenFOAMCase has been initialized, starting directory is:
	/butterfly2/hlavatyo/bread/breadBakingFoamTechMathGroup/pyCtrlScripts
OpenFOAMCase.baseCase has been set to :
	../tutorials/bread3DOurExp/
OpenFOAMCase directory has been changed from:
	../tutorials/bread3DOurExp/ to ../ZZ_cases/2026/V30/exp0_nonDef_False/V96_TBCConst_moistDep0285_Dl_2e-09_kOp_0.1_kCl_0.1_nu_0.15_mu0_230_muV1_5000_mS_0.001_lambda_0.45_kH_12_kHB_12_r0_0.0018_per_9e-16/
OpenFOAMCase.baseDir has been copied to OpenFOAMCase.dir:
	 ../tutorials/bread3DOurExp/ --> ../ZZ_cases/2026/V30/exp0_nonDef_False/V96_TBCConst_moistDep0285_Dl_2e-09_kOp_0.1_kCl_0.1_nu_0.15_mu0_230_muV1_5000_mS_0.001_lambda_0.45_kH_12_kHB_12_r0_0.0018_per_9e-16/
In 0.org/omegaV, trying to change parameter kM in subDict sides:
	In 0.org/omegaV, I have change val of kM parameter from 0.01; to 0.01 in subDict sides.
In 0.org/omegaV, trying to change parameter kM in subDict bottom:
	In 0.org/omegaV, I have change val of kM parameter from 1e-5; to 0.001 in subDict bottom.
In 0.org/omegaV, trying to change parameter kM in subDict bottom2:
	In 0.org/omegaV, I have change val of kM parameter from 1e-5; to 0.001 in subDict bottom2.
In 0.org/omegaC, trying to change parameter kM in subDict sides:
	In 0.org/omegaC, I have change val of kM parameter from 1e-5; to 0.01 in subDict sides.
In 0.org/omegaC, trying to change parameter kM in subDict bottom:
	In 0.org/omegaC, I have change val of kM parameter from 1e-5; to 0.001 in subDict bottom.
In 0.org/omegaC, trying to change parameter kM in subDict bottom2:
	In 0.org/omegaC, I have change val of kM parameter from 1e-5; to 0.001 in subDict bottom2.
In 0.org/T, trying to change parameter alpha in subDict sides:
	In 0.org/T, I have change val of alpha parameter from 9.5; to 12 in subDict sides.
In 0.org/T, trying to change parameter alpha in subDict bottom:
	In 0.org/T, I have change val of alpha parameter from 9.5; to 12 in subDict bottom.
In 0.org/T, trying to change parameter alpha in subDict bottom2:
	In 0.org/T, I have change val of alpha parameter from 9.5; to 12 in subDict bottom2.
In 0.org/T, trying to change parameter internalField in subDict :
	In 0.org/T, I have change val of internalField parameter from uniform 302.5; to uniform 297 in subDict .
Loading all sheets from: ../Experiments2026/10_02_2026/Lab_test_2026_02_10.xlsm
  Sheet 'DATALOG': 32538 rows × 5 columns
  Sheet 'Data_Termo_1': 11554 rows × 25 columns
  Sheet 'Data_Termo_2': 6241 rows × 25 columns
  Sheet 'Data_Termo_3': 2547 rows × 25 columns
In constant/transportProperties, trying to change parameter withDeformation in subDict :
	In constant/transportProperties, I have change val of withDeformation parameter from 1; to 1 in subDict .
In constant/transportProperties, trying to change parameter permGLViscG in subDict :
	In constant/transportProperties, I have change val of permGLViscG parameter from 9e-13; to 9e-16 in subDict .
In constant/transportProperties, trying to change parameter tortOpen in subDict :
	In constant/transportProperties, I have change val of tortOpen parameter from 2; to 2.4 in subDict .
In constant/transportProperties, trying to change parameter tortClosed in subDict :
	In constant/transportProperties, I have change val of tortClosed parameter from 10; to 70 in subDict .
In constant/thermophysicalProperties, trying to change parameter lambda in subDict solid:
	In constant/thermophysicalProperties, I have change val of lambda parameter from 0.47; to 0.45 in subDict solid.
In constant/thermophysicalProperties, trying to change parameter rho in subDict solid:
	In constant/thermophysicalProperties, I have change val of rho parameter from 700; to 764 in subDict solid.
In constant/thermophysicalProperties, trying to change parameter Cp in subDict solid:
	In constant/thermophysicalProperties, I have change val of Cp parameter from 600; to 1130 in subDict solid.
In constant/thermophysicalProperties, trying to change parameter Cp in subDict liquid:
	In constant/thermophysicalProperties, I have change val of Cp parameter from 4200; to 4200 in subDict liquid.
In constant/thermophysicalProperties, trying to change parameter Cp in subDict CO2:
	In constant/thermophysicalProperties, I have change val of Cp parameter from 853; to 853 in subDict CO2.
In constant/thermophysicalProperties, trying to change parameter Cp in subDict vapor:
	In constant/thermophysicalProperties, I have change val of Cp parameter from 1878; to 1878 in subDict vapor.
In constant/thermophysicalProperties, trying to change parameter D in subDict transport:
	In constant/thermophysicalProperties, I have change val of D parameter from 5e-06; to 2.6e-05 in subDict transport.
In constant/thermophysicalProperties, trying to change parameter Dl in subDict transport:
	In constant/thermophysicalProperties, I have change val of Dl parameter from 5e-10; to 2e-09 in subDict transport.
	In constant/thermophysicalProperties, I have change val of Dl parameter from 2e-11; to 2e-09 in subDict transport.
	In constant/thermophysicalProperties, I have change val of Dl parameter from 5e-12; to 2e-09 in subDict transport.
	In constant/thermophysicalProperties, I have change val of Dl parameter from 8e-12; to 2e-09 in subDict transport.
	In constant/thermophysicalProperties, I have change val of Dl parameter from 2e-11; to 2e-09 in subDict transport.
	In constant/thermophysicalProperties, I have change val of Dl parameter from 2e-10; to 2e-09 in subDict transport.
	In constant/thermophysicalProperties, I have change val of Dl parameter from 1e-9; to 2e-09 in subDict transport.
	In constant/thermophysicalProperties, I have change val of Dl parameter from 5e-10; to 2e-09 in subDict transport.
	In constant/thermophysicalProperties, I have change val of Dl parameter from 1.5e-11; to 2e-09 in subDict transport.
In constant/reactiveProperties, trying to change parameter kMPCOpen in subDict evaporation:
	In constant/reactiveProperties, I have change val of kMPCOpen parameter from 0.42; to 0.1 in subDict evaporation.
In constant/reactiveProperties, trying to change parameter kMPCClosed in subDict evaporation:
	In constant/reactiveProperties, I have change val of kMPCClosed parameter from 0.42; to 0.1 in subDict evaporation.
In constant/reactiveProperties, trying to change parameter R0 in subDict fermentation:
	In constant/reactiveProperties, I have change val of R0 parameter from 0.0022; to 0.0018 in subDict fermentation.
In constant/reactiveProperties, trying to change parameter Tm in subDict fermentation:
	In constant/reactiveProperties, I have change val of Tm parameter from 314; to 313 in subDict fermentation.
In constant/reactiveProperties, trying to change parameter deltaT in subDict fermentation:
	In constant/reactiveProperties, I have change val of deltaT parameter from 10; to 14 in subDict fermentation.
In system/controlDict, trying to change parameter endTime in subDict :
	In system/controlDict, I have change val of endTime parameter from 900; to 2400 in subDict .
In system/controlDict, trying to change parameter deltaT in subDict :
	In system/controlDict, I have change val of deltaT parameter from 1; to 40 in subDict .
In system/controlDict, trying to change parameter writeInterval in subDict :
	In system/controlDict, I have change val of writeInterval parameter from 20; to 200 in subDict .
	In system/controlDict, I have change val of writeInterval parameter from 20; to 200 in subDict .
In system/fvSolution, trying to change parameter nOuterCorrectors in subDict PIMPLE:
	In system/fvSolution, I have change val of nOuterCorrectors parameter from 250; to 400 in subDict PIMPLE.
In system/fvSolution, trying to change parameter D in subDict fields:
	In system/fvSolution, I have change val of D parameter from 0.1; to 0.1 in subDict fields.
In system/fvSolution, trying to change parameter DFinal in subDict fields:
	In system/fvSolution, I have change val of DFinal parameter from 0.1; to 1 in subDict fields.
In system/fvSolution, trying to change parameter omegaV in subDict fields:
	In system/fvSolution, I have change val of omegaV parameter from 0.1; to 1 in subDict fields.
--> FOAM IOWarning :
    Found [v1012] 'convertToMeters' entry instead of 'scale' in dictionary "system/blockMeshDict"

    This keyword is 156 months old.

Created 'V96_TBCConst_moistDep0285_Dl_2e-09_kOp_0.1_kCl_0.1_nu_0.15_mu0_230_muV1_5000_mS_0.001_lambda_0.45_kH_12_kHB_12_r0_0.0018_per_9e-16.OpenFOAM'
No protocol specified
No protocol specified
No protocol specified
[0] [stack trace]
[0] =============
[0] #1  Foam::sigFpe::sigHandler(int) in /usr/lib/openfoam/openfoam2312/platforms/linux64GccDPInt32Opt/lib/libOpenFOAM.so
[0] #2  ? in /lib/x86_64-linux-gnu/libpthread.so.0
[0] #3  ? in /lib/x86_64-linux-gnu/libm.so.6
[0] #4  Foam::log(Foam::Field<double>&, Foam::UList<double> const&) in /usr/lib/openfoam/openfoam2312/platforms/linux64GccDPInt32Opt/lib/libOpenFOAM.so
[0] #5  void Foam::log<Foam::fvPatchField, Foam::volMesh>(Foam::GeometricField<double, Foam::fvPatchField, Foam::volMesh>&, Foam::GeometricField<double, Foam::fvPatchField, Foam::volMesh> const&) in /usr/lib/openfoam/openfoam2312/platforms/linux64GccDPInt32Opt/lib/libfiniteVolume.so
[0] #6  Foam::tmp<Foam::GeometricField<double, Foam::fvPatchField, Foam::volMesh> > Foam::log<Foam::fvPatchField, Foam::volMesh>(Foam::GeometricField<double, Foam::fvPatchField, Foam::volMesh> const&) in ~/OpenFOAM/hlavatyo-v2312/platforms/linux64GccDPInt32Opt/lib/libsolids4FoamModels.so
[0] #7  Foam::viscoBread::correct(Foam::GeometricField<Foam::SymmTensor<double>, Foam::fvPatchField, Foam::volMesh>&) in ~/OpenFOAM/hlavatyo-v2312/platforms/linux64GccDPInt32Opt/lib/libsolids4FoamModels.so
[0] #8  Foam::solidModels::breadBakingSolid::evolve() in ~/OpenFOAM/hlavatyo-v2312/platforms/linux64GccDPInt32Opt/lib/libsolids4FoamModels.so
[0] #9  ? in ~/OpenFOAM/hlavatyo-v2312/platforms/linux64GccDPInt32Opt/bin/breadBakingFoam
[0] #10  __libc_start_main in /lib/x86_64-linux-gnu/libc.so.6
[0] #11  ? in ~/OpenFOAM/hlavatyo-v2312/platforms/linux64GccDPInt32Opt/bin/breadBakingFoam
[0] =============
[butterfly:172175] *** Process received signal ***
[butterfly:172175] Signal: Floating point exception (8)
[butterfly:172175] Signal code:  (-6)
[butterfly:172175] Failing at address: 0x1980002a08f
[butterfly:172175] [ 0] /lib/x86_64-linux-gnu/libpthread.so.0(+0x14420)[0x14d31b815420]
[butterfly:172175] [ 1] /lib/x86_64-linux-gnu/libpthread.so.0(raise+0xcb)[0x14d31b8152ab]
[butterfly:172175] [ 2] /lib/x86_64-linux-gnu/libpthread.so.0(+0x14420)[0x14d31b815420]
[butterfly:172175] [ 3] /lib/x86_64-linux-gnu/libm.so.6(+0x7c470)[0x14d31b8bd470]
[butterfly:172175] [ 4] /usr/lib/openfoam/openfoam2312/platforms/linux64GccDPInt32Opt/lib/libOpenFOAM.so(_ZN4Foam3logERNS_5FieldIdEERKNS_5UListIdEE+0x33)[0x14d31c49c2c3]
[butterfly:172175] [ 5] /usr/lib/openfoam/openfoam2312/platforms/linux64GccDPInt32Opt/lib/libfiniteVolume.so(_ZN4Foam3logINS_12fvPatchFieldENS_7volMeshEEEvRNS_14GeometricFieldIdT_T0_EERKS6_+0x45)[0x14d320a93665]
[butterfly:172175] [ 6] /butterfly1/hlavatyo/OpenFOAM/hlavatyo-v2312/platforms/linux64GccDPInt32Opt/lib/libsolids4FoamModels.so(_ZN4Foam3logINS_12fvPatchFieldENS_7volMeshEEENS_3tmpINS_14GeometricFieldIdT_T0_EEEERKS7_+0x183)[0x14d31cfcf463]
[butterfly:172175] [ 7] /butterfly1/hlavatyo/OpenFOAM/hlavatyo-v2312/platforms/linux64GccDPInt32Opt/lib/libsolids4FoamModels.so(_ZN4Foam10viscoBread7correctERNS_14GeometricFieldINS_10SymmTensorIdEENS_12fvPatchFieldENS_7volMeshEEE+0xf06)[0x14d31cfc8576]
[butterfly:172175] [ 8] /butterfly1/hlavatyo/OpenFOAM/hlavatyo-v2312/platforms/linux64GccDPInt32Opt/lib/libsolids4FoamModels.so(_ZN4Foam11solidModels16breadBakingSolid6evolveEv+0x44f)[0x14d31cd2adcf]
[butterfly:172175] [ 9] breadBakingFoam(+0x457c3)[0x55c81313e7c3]
[butterfly:172175] [10] /lib/x86_64-linux-gnu/libc.so.6(__libc_start_main+0xf3)[0x14d31b633083]
[butterfly:172175] [11] breadBakingFoam(+0x4a96e)[0x55c81314396e]
[butterfly:172175] *** End of error message ***
--------------------------------------------------------------------------
Primary job  terminated normally, but 1 process returned
a non-zero exit code. Per user-direction, the job has been aborted.
--------------------------------------------------------------------------
--------------------------------------------------------------------------
mpirun noticed that process rank 0 with PID 0 on node butterfly exited on signal 8 (Floating point exception).
--------------------------------------------------------------------------
No protocol specified
No protocol specified
No protocol specified
No protocol specified
No protocol specified
No protocol specified
No protocol specified
	In system/fvSolution, I have change val of omegaC parameter from 0.1; to 1 in subDict fields.
In system/fvSolution, trying to change parameter pG in subDict fields:
	In system/fvSolution, I have change val of pG parameter from 0.1; to 1 in subDict fields.
In constant/mechanicalProperties, trying to change parameter E in subDict bread:
	In constant/mechanicalProperties, I have change val of E parameter from 12000; to 30000 in subDict bread.
In constant/mechanicalProperties, trying to change parameter mu0Raw in subDict bread:
	In constant/mechanicalProperties, I have change val of mu0Raw parameter from 300; to 230 in subDict bread.
In constant/mechanicalProperties, trying to change parameter kappa0Raw in subDict bread:
	In constant/mechanicalProperties, I have change val of kappa0Raw parameter from 1000; to 98.57142857142858 in subDict bread.
In constant/mechanicalProperties, trying to change parameter muV1Raw in subDict bread:
	In constant/mechanicalProperties, I have change val of muV1Raw parameter from 3000; to 5000 in subDict bread.
In constant/mechanicalProperties, trying to change parameter muV2Raw in subDict bread:
	In constant/mechanicalProperties, I have change val of muV2Raw parameter from 3000; to 0 in subDict bread.
In constant/mechanicalProperties, trying to change parameter kappaVRaw in subDict bread:
	In constant/mechanicalProperties, I have change val of kappaVRaw parameter from 6000; to 0 in subDict bread.
In constant/mechanicalProperties, trying to change parameter mu0Baked in subDict bread:
	In constant/mechanicalProperties, I have change val of mu0Baked parameter from 12500; to 4140 in subDict bread.
In constant/mechanicalProperties, trying to change parameter kappa0Baked in subDict bread:
	In constant/mechanicalProperties, I have change val of kappa0Baked parameter from 40000; to 1774.2857142857144 in subDict bread.
In constant/mechanicalProperties, trying to change parameter tau1 in subDict bread:
	In constant/mechanicalProperties, I have change val of tau1 parameter from 1; to 2 in subDict bread.
In constant/mechanicalProperties, trying to change parameter tau2 in subDict bread:
	In constant/mechanicalProperties, I have change val of tau2 parameter from 1; to 1 in subDict bread.
In constant/mechanicalProperties, trying to change parameter tGelat in subDict bread:
	In constant/mechanicalProperties, I have change val of tGelat parameter from 65; to 65 in subDict bread.
I will execute commands in ../ZZ_cases/2026/V30/exp0_nonDef_False/V97_moistDep0285_Dl_2e-09_kOp_0.1_kCl_0.1_nu_0.15_mu0_230_muV1_5000_mS_0.001_lambda_0.45_kH_20_kHB_20_r0_0.0018_per_9e-16/:
	1. chmod 755 ./* -R
	2. blockMesh > log.blockMesh
I will execute commands in ../ZZ_cases/2026/V30/exp0_nonDef_False/V97_moistDep0285_Dl_2e-09_kOp_0.1_kCl_0.1_nu_0.15_mu0_230_muV1_5000_mS_0.001_lambda_0.45_kH_20_kHB_20_r0_0.0018_per_9e-16/:
	1. extrudeMesh > log.extrudeMesh
	2. rm -rf 0
	3. cp -r 0.org 0
	4. paraFoam -touch
In system/decomposeParDict, trying to change parameter numberOfSubdomains in subDict :
	In system/decomposeParDict, I have change val of numberOfSubdomains parameter from 2; to 8 in subDict .
I will execute commands in ../ZZ_cases/2026/V30/exp0_nonDef_False/V97_moistDep0285_Dl_2e-09_kOp_0.1_kCl_0.1_nu_0.15_mu0_230_muV1_5000_mS_0.001_lambda_0.45_kH_20_kHB_20_r0_0.0018_per_9e-16/:
	1. decomposePar > log.decomposePar
	2. foamJob -parallel -screen breadBakingFoam > log.breadBakingFoam
In system/controlDict, trying to change parameter endTime in subDict :
	In system/controlDict, I have change val of endTime parameter from 2400; to 2850 in subDict .
In system/controlDict, trying to change parameter deltaT in subDict :
	In system/controlDict, I have change val of deltaT parameter from 40; to 0.5 in subDict .
In system/fvSolution, trying to change parameter nOuterCorrectors in subDict PIMPLE:
	In system/fvSolution, I have change val of nOuterCorrectors parameter from 400; to 150 in subDict PIMPLE.
In system/fvSolution, trying to change parameter omegaV in subDict fields:
	In system/fvSolution, I have change val of omegaV parameter from 1; to 0.8 in subDict fields.
In system/fvSolution, trying to change parameter omegaC in subDict fields:
	In system/fvSolution, I have change val of omegaC parameter from 1; to 0.8 in subDict fields.
In system/fvSolution, trying to change parameter D in subDict fields:
	In system/fvSolution, I have change val of D parameter from 0.1; to 0.1 in subDict fields.
In system/fvSolution, trying to change parameter pG in subDict fields:
	In system/fvSolution, I have change val of pG parameter from 1; to 0.8 in subDict fields.
In system/controlDict, trying to change parameter writeInterval in subDict :
	In system/controlDict, I have change val of writeInterval parameter from 200; to 20 in subDict .
	In system/controlDict, I have change val of writeInterval parameter from 200; to 20 in subDict .
I will execute commands in ../ZZ_cases/2026/V30/exp0_nonDef_False/V97_moistDep0285_Dl_2e-09_kOp_0.1_kCl_0.1_nu_0.15_mu0_230_muV1_5000_mS_0.001_lambda_0.45_kH_20_kHB_20_r0_0.0018_per_9e-16/:
	1. foamJob -parallel -screen breadBakingFoam > log.breadBakingFoam_2
In system/controlDict, trying to change parameter endTime in subDict :
	In system/controlDict, I have change val of endTime parameter from 2850; to 3650 in subDict .
In system/controlDict, trying to change parameter deltaT in subDict :
	In system/controlDict, I have change val of deltaT parameter from 0.5; to 1 in subDict .
In constant/transportProperties, trying to change parameter withDeformation in subDict :
	In constant/transportProperties, I have change val of withDeformation parameter from 1; to 0 in subDict .
In system/fvSolution, trying to change parameter omegaV in subDict fields:
	In system/fvSolution, I have change val of omegaV parameter from 0.8; to 0.1 in subDict fields.
In system/fvSolution, trying to change parameter omegaC in subDict fields:
	In system/fvSolution, I have change val of omegaC parameter from 0.8; to 0.1 in subDict fields.
In system/fvSolution, trying to change parameter T in subDict fields:
	In system/fvSolution, I have change val of T parameter from 1; to 0.1 in subDict fields.
	In system/fvSolution, I have change val of T parameter from 0.5; to 0.1 in subDict fields.
In system/fvSolution, trying to change parameter pG in subDict fields:
	In system/fvSolution, I have change val of pG parameter from 0.8; to 0.1 in subDict fields.
In system/fvSolution, trying to change parameter nOuterCorrectors in subDict PIMPLE:
	In system/fvSolution, I have change val of nOuterCorrectors parameter from 150; to 50 in subDict PIMPLE.
I will execute commands in ../ZZ_cases/2026/V30/exp0_nonDef_False/V97_moistDep0285_Dl_2e-09_kOp_0.1_kCl_0.1_nu_0.15_mu0_230_muV1_5000_mS_0.001_lambda_0.45_kH_20_kHB_20_r0_0.0018_per_9e-16/:
	1. foamJob -parallel -screen breadBakingFoam > log.breadBakingFoam_3
Found OpenFOAMCase parallel times are:
	[3040.0, 2700.0, 2660.0, 3580.0, 3120.0, 0.0, 3080.0, 3380.0, 3320.0, 2860.0, 3520.0, 2820.0, 3400.0, 2900.0, 2640.0, 2980.0, 3620.0, 1000.0, 3540.0, 3300.0, 3600.0, 2600.0, 2460.0, 2680.0, 2540.0, 3160.0, 3640.0, 2480.0, 800.0, 2400.0, 2580.0, 1600.0, 2800.0, 2760.0, 2000.0, 3460.0, 2440.0, 3020.0, 3000.0, 1200.0, 3500.0, 1400.0, 3060.0, 2420.0, 1800.0, 2520.0, 3360.0, 3140.0, 2940.0, 3560.0, 3420.0, 2920.0, 2780.0, 3280.0, 2880.0, 3220.0, 3100.0, 3340.0, 200.0, 3440.0, 3260.0, 3240.0, 2720.0, 2200.0, 400.0, 3180.0, 3480.0, 2500.0, 2560.0, 2620.0, 2960.0, 3200.0, 600.0, 2740.0, 2840.0],
latestTime:
	3640
I will execute commands in ../ZZ_cases/2026/V30/exp0_nonDef_False/V97_moistDep0285_Dl_2e-09_kOp_0.1_kCl_0.1_nu_0.15_mu0_230_muV1_5000_mS_0.001_lambda_0.45_kH_20_kHB_20_r0_0.0018_per_9e-16/:
	1. rm -rf processor*/0
	2. foamJob -parallel -screen postProcess -func "probeOur" -dict system/probeOur > log.postProcess
	3. foamJob -parallel -screen TLFProbe -point "(1e-3 1e-3 0)" > log.TPoint6
	4. foamJob -parallel -screen intMoisture > log.intMoisture
	5. foamJob -parallel -screen intWeigth > log.intWeigth
	6. foamJob -parallel -screen getBoundPoints > log.getBoundPoints
No protocol specified
No protocol specified
No protocol specified
No protocol specified
I will execute commands in ../ZZ_cases/2026/V30/exp0_nonDef_False/V97_moistDep0285_Dl_2e-09_kOp_0.1_kCl_0.1_nu_0.15_mu0_230_muV1_5000_mS_0.001_lambda_0.45_kH_20_kHB_20_r0_0.0018_per_9e-16/:
	1. foamJob -parallel -screen TLFProbe -point "(0.0445 0.03128 0)" > log.TPoint1
I will execute commands in ../ZZ_cases/2026/V30/exp0_nonDef_False/V97_moistDep0285_Dl_2e-09_kOp_0.1_kCl_0.1_nu_0.15_mu0_230_muV1_5000_mS_0.001_lambda_0.45_kH_20_kHB_20_r0_0.0018_per_9e-16/:
	1. foamJob -parallel -screen TLFProbe -point "(0.0435 0.010417 0)" > log.TPoint2
I will execute commands in ../ZZ_cases/2026/V30/exp0_nonDef_False/V97_moistDep0285_Dl_2e-09_kOp_0.1_kCl_0.1_nu_0.15_mu0_230_muV1_5000_mS_0.001_lambda_0.45_kH_20_kHB_20_r0_0.0018_per_9e-16/:
	1. foamJob -parallel -screen TLFProbe -point "(0.0336 0.025907 0)" > log.TPoint3
I will execute commands in ../ZZ_cases/2026/V30/exp0_nonDef_False/V97_moistDep0285_Dl_2e-09_kOp_0.1_kCl_0.1_nu_0.15_mu0_230_muV1_5000_mS_0.001_lambda_0.45_kH_20_kHB_20_r0_0.0018_per_9e-16/:
	1. foamJob -parallel -screen TLFProbe -point "(0.0146 0.047604 0)" > log.TPoint4
Loading all sheets from: ../Experiments2026/10_02_2026/Lab_test_2026_02_10.xlsm
  Sheet 'DATALOG': 32538 rows × 5 columns
  Sheet 'Data_Termo_1': 11554 rows × 25 columns
  Sheet 'Data_Termo_2': 6241 rows × 25 columns
  Sheet 'Data_Termo_3': 2547 rows × 25 columns
Loading all sheets from: ../Experiments2026/10_02_2026/Exp_2/opcua_log_20260210_144124.xlsx
  Sheet 'Sheet1': 1338 rows × 8 columns
Loading all sheets from: ../Experiments2026/10_02_2026/Lab_test_2026_02_10.xlsm
  Sheet 'DATALOG': 32538 rows × 5 columns
  Sheet 'Data_Termo_1': 11554 rows × 25 columns
  Sheet 'Data_Termo_2': 6241 rows × 25 columns
  Sheet 'Data_Termo_3': 2547 rows × 25 columns
Loading all sheets from: ../Experiments2026/10_02_2026/Exp_3/opcua_log_20260210_153553.xlsx
  Sheet 'Sheet1': 893 rows × 8 columns
Loading all sheets from: ../Experiments2026/11_02_2026/Lab_test_2026_02_11.xlsm
  Sheet 'Thermometers': 19 rows × 10 columns
  Sheet 'DATALOG': 19196 rows × 5 columns
  Sheet 'Data_Termo_1': 14022 rows × 25 columns
  Sheet 'Data_Termo_2': 10978 rows × 25 columns
  Sheet 'Data_Termo_3': 7613 rows × 25 columns
  Sheet 'Data_Termo_4': 3804 rows × 25 columns
Loading all sheets from: ../Experiments2026/11_02_2026/Exp_1/opcua_log_20260211_115313.xlsx
  Sheet 'Sheet1': 767 rows × 8 columns
Loading all sheets from: ../Experiments2026/11_02_2026/Lab_test_2026_02_11.xlsm
  Sheet 'Thermometers': 19 rows × 10 columns
  Sheet 'DATALOG': 19196 rows × 5 columns
  Sheet 'Data_Termo_1': 14022 rows × 25 columns
  Sheet 'Data_Termo_2': 10978 rows × 25 columns
  Sheet 'Data_Termo_3': 7613 rows × 25 columns
  Sheet 'Data_Termo_4': 3804 rows × 25 columns
Loading all sheets from: ../Experiments2026/11_02_2026/Exp_2/opcua_log_20260211_125251.xlsx
  Sheet 'Sheet1': 836 rows × 8 columns
Loading all sheets from: ../Experiments2026/11_02_2026/Lab_test_2026_02_11.xlsm
  Sheet 'Thermometers': 19 rows × 10 columns
  Sheet 'DATALOG': 19196 rows × 5 columns
  Sheet 'Data_Termo_1': 14022 rows × 25 columns
  Sheet 'Data_Termo_2': 10978 rows × 25 columns
  Sheet 'Data_Termo_3': 7613 rows × 25 columns
  Sheet 'Data_Termo_4': 3804 rows × 25 columns
Loading all sheets from: ../Experiments2026/11_02_2026/Exp_3/opcua_log_20260211_135519.xlsx
  Sheet 'Sheet1': 773 rows × 8 columns
Loading all sheets from: ../Experiments2026/11_02_2026/Lab_test_2026_02_11.xlsm
  Sheet 'Thermometers': 19 rows × 10 columns
  Sheet 'DATALOG': 19196 rows × 5 columns
  Sheet 'Data_Termo_1': 14022 rows × 25 columns
  Sheet 'Data_Termo_2': 10978 rows × 25 columns
  Sheet 'Data_Termo_3': 7613 rows × 25 columns
  Sheet 'Data_Termo_4': 3804 rows × 25 columns
Loading all sheets from: ../Experiments2026/11_02_2026/Exp_4/opcua_log_20260211_150638.xlsx
  Sheet 'Sheet1': 907 rows × 8 columns
[[2.00000000e+02 6.43681949e-03]
 [4.00000000e+02 6.43682248e-03]
 [6.00000000e+02 6.43682616e-03]
 [8.00000000e+02 6.43683059e-03]
 [1.00000000e+03 6.43683586e-03]
 [1.20000000e+03 6.43684207e-03]
 [1.40000000e+03 6.43684932e-03]
 [1.60000000e+03 6.43685773e-03]
 [1.80000000e+03 6.43686740e-03]
 [2.00000000e+03 6.43687848e-03]
 [2.20000000e+03 6.43689111e-03]
 [2.40000000e+03 6.43690544e-03]
 [2.42000000e+03 6.43691295e-03]
 [2.44000000e+03 6.43692456e-03]
 [2.46000000e+03 6.43694261e-03]
 [2.48000000e+03 6.43696761e-03]
 [2.50000000e+03 6.43700033e-03]
 [2.52000000e+03 6.43704187e-03]
 [2.54000000e+03 6.43709258e-03]
 [2.56000000e+03 6.43715139e-03]
 [2.58000000e+03 6.43721689e-03]
 [2.60000000e+03 6.43729040e-03]
 [2.62000000e+03 6.43737356e-03]
 [2.64000000e+03 6.43746898e-03]
 [2.66000000e+03 6.43757833e-03]
 [2.68000000e+03 6.43770553e-03]
 [2.70000000e+03 6.43785574e-03]
 [2.72000000e+03 6.43803489e-03]
 [2.74000000e+03 6.43824756e-03]
 [2.76000000e+03 6.43849509e-03]
 [2.78000000e+03 6.43878014e-03]
 [2.80000000e+03 6.43910711e-03]
 [2.82000000e+03 6.43947210e-03]
 [2.84000000e+03 6.43967559e-03]
 [2.86000000e+03 6.43986657e-03]
 [2.88000000e+03 6.44005348e-03]
 [2.90000000e+03 6.44023757e-03]
 [2.92000000e+03 6.44042064e-03]
 [2.94000000e+03 6.44060063e-03]
 [2.96000000e+03 6.44077926e-03]
 [2.98000000e+03 6.44095718e-03]
 [3.00000000e+03 6.44113192e-03]
 [3.02000000e+03 6.44130408e-03]
 [3.04000000e+03 6.44147377e-03]
 [3.06000000e+03 6.44164136e-03]
 [3.08000000e+03 6.44180750e-03]
 [3.10000000e+03 6.44196948e-03]
 [3.12000000e+03 6.44212830e-03]
 [3.14000000e+03 6.44228348e-03]
 [3.16000000e+03 6.44243585e-03]
 [3.18000000e+03 6.44258484e-03]
 [3.20000000e+03 6.44273105e-03]
 [3.22000000e+03 6.44287419e-03]
 [3.24000000e+03 6.44301337e-03]
 [3.26000000e+03 6.44314641e-03]
 [3.28000000e+03 6.44327550e-03]
 [3.30000000e+03 6.44340047e-03]
 [3.32000000e+03 6.44351803e-03]
 [3.34000000e+03 6.44363031e-03]
 [3.36000000e+03 6.44373496e-03]
 [3.38000000e+03 6.44383324e-03]
 [3.40000000e+03 6.44391927e-03]
 [3.42000000e+03 6.44399780e-03]
 [3.44000000e+03 6.44406982e-03]
 [3.46000000e+03 6.44413779e-03]
 [3.48000000e+03 6.44419814e-03]
 [3.50000000e+03 6.44425531e-03]
 [3.52000000e+03 6.44430652e-03]
 [3.54000000e+03 6.44435554e-03]
 [3.56000000e+03 6.44440330e-03]
 [3.58000000e+03 6.44444500e-03]
 [3.60000000e+03 6.44448352e-03]
 [3.62000000e+03 6.44451920e-03]
 [3.64000000e+03 6.44454896e-03]]
(74, 2)
No protocol specified
No protocol specified
No protocol specified
No protocol specified
In system/fvSolution, trying to change parameter omegaC in subDict fields:
	In system/fvSolution, I have change val of omegaC parameter from 0.1; to 1 in subDict fields.
In system/fvSolution, trying to change parameter pG in subDict fields:
	In system/fvSolution, I have change val of pG parameter from 0.1; to 1 in subDict fields.
In constant/mechanicalProperties, trying to change parameter E in subDict bread:
	In constant/mechanicalProperties, I have change val of E parameter from 12000; to 30000 in subDict bread.
In constant/mechanicalProperties, trying to change parameter mu0Raw in subDict bread:
	In constant/mechanicalProperties, I have change val of mu0Raw parameter from 300; to 230 in subDict bread.
In constant/mechanicalProperties, trying to change parameter kappa0Raw in subDict bread:
	In constant/mechanicalProperties, I have change val of kappa0Raw parameter from 1000; to 98.57142857142858 in subDict bread.
In constant/mechanicalProperties, trying to change parameter muV1Raw in subDict bread:
	In constant/mechanicalProperties, I have change val of muV1Raw parameter from 3000; to 5000 in subDict bread.
In constant/mechanicalProperties, trying to change parameter muV2Raw in subDict bread:
	In constant/mechanicalProperties, I have change val of muV2Raw parameter from 3000; to 0 in subDict bread.
In constant/mechanicalProperties, trying to change parameter kappaVRaw in subDict bread:
	In constant/mechanicalProperties, I have change val of kappaVRaw parameter from 6000; to 0 in subDict bread.
In constant/mechanicalProperties, trying to change parameter mu0Baked in subDict bread:
	In constant/mechanicalProperties, I have change val of mu0Baked parameter from 12500; to 4140 in subDict bread.
In constant/mechanicalProperties, trying to change parameter kappa0Baked in subDict bread:
	In constant/mechanicalProperties, I have change val of kappa0Baked parameter from 40000; to 1774.2857142857144 in subDict bread.
In constant/mechanicalProperties, trying to change parameter tau1 in subDict bread:
	In constant/mechanicalProperties, I have change val of tau1 parameter from 1; to 2 in subDict bread.
In constant/mechanicalProperties, trying to change parameter tau2 in subDict bread:
	In constant/mechanicalProperties, I have change val of tau2 parameter from 1; to 1 in subDict bread.
In constant/mechanicalProperties, trying to change parameter tGelat in subDict bread:
	In constant/mechanicalProperties, I have change val of tGelat parameter from 65; to 65 in subDict bread.
I will execute commands in ../ZZ_cases/2026/V30/exp0_nonDef_False/V96_TBCConst_moistDep0285_Dl_2e-09_kOp_0.1_kCl_0.1_nu_0.15_mu0_230_muV1_5000_mS_0.001_lambda_0.45_kH_12_kHB_12_r0_0.0018_per_9e-16/:
	1. chmod 755 ./* -R
	2. blockMesh > log.blockMesh
I will execute commands in ../ZZ_cases/2026/V30/exp0_nonDef_False/V96_TBCConst_moistDep0285_Dl_2e-09_kOp_0.1_kCl_0.1_nu_0.15_mu0_230_muV1_5000_mS_0.001_lambda_0.45_kH_12_kHB_12_r0_0.0018_per_9e-16/:
	1. extrudeMesh > log.extrudeMesh
	2. rm -rf 0
	3. cp -r 0.org 0
	4. paraFoam -touch
In system/decomposeParDict, trying to change parameter numberOfSubdomains in subDict :
	In system/decomposeParDict, I have change val of numberOfSubdomains parameter from 2; to 8 in subDict .
I will execute commands in ../ZZ_cases/2026/V30/exp0_nonDef_False/V96_TBCConst_moistDep0285_Dl_2e-09_kOp_0.1_kCl_0.1_nu_0.15_mu0_230_muV1_5000_mS_0.001_lambda_0.45_kH_12_kHB_12_r0_0.0018_per_9e-16/:
	1. decomposePar > log.decomposePar
	2. foamJob -parallel -screen breadBakingFoam > log.breadBakingFoam
In system/controlDict, trying to change parameter endTime in subDict :
	In system/controlDict, I have change val of endTime parameter from 2400; to 2850 in subDict .
In system/controlDict, trying to change parameter deltaT in subDict :
	In system/controlDict, I have change val of deltaT parameter from 40; to 0.5 in subDict .
In system/fvSolution, trying to change parameter nOuterCorrectors in subDict PIMPLE:
	In system/fvSolution, I have change val of nOuterCorrectors parameter from 400; to 150 in subDict PIMPLE.
In system/fvSolution, trying to change parameter omegaV in subDict fields:
	In system/fvSolution, I have change val of omegaV parameter from 1; to 0.8 in subDict fields.
In system/fvSolution, trying to change parameter omegaC in subDict fields:
	In system/fvSolution, I have change val of omegaC parameter from 1; to 0.8 in subDict fields.
In system/fvSolution, trying to change parameter D in subDict fields:
	In system/fvSolution, I have change val of D parameter from 0.1; to 0.1 in subDict fields.
In system/fvSolution, trying to change parameter pG in subDict fields:
	In system/fvSolution, I have change val of pG parameter from 1; to 0.8 in subDict fields.
In system/controlDict, trying to change parameter writeInterval in subDict :
	In system/controlDict, I have change val of writeInterval parameter from 200; to 20 in subDict .
	In system/controlDict, I have change val of writeInterval parameter from 200; to 20 in subDict .
I will execute commands in ../ZZ_cases/2026/V30/exp0_nonDef_False/V96_TBCConst_moistDep0285_Dl_2e-09_kOp_0.1_kCl_0.1_nu_0.15_mu0_230_muV1_5000_mS_0.001_lambda_0.45_kH_12_kHB_12_r0_0.0018_per_9e-16/:
	1. foamJob -parallel -screen breadBakingFoam > log.breadBakingFoam_2
In system/controlDict, trying to change parameter endTime in subDict :
	In system/controlDict, I have change val of endTime parameter from 2850; to 3650 in subDict .
In system/controlDict, trying to change parameter deltaT in subDict :
	In system/controlDict, I have change val of deltaT parameter from 0.5; to 1 in subDict .
In constant/transportProperties, trying to change parameter withDeformation in subDict :
	In constant/transportProperties, I have change val of withDeformation parameter from 1; to 0 in subDict .
In system/fvSolution, trying to change parameter omegaV in subDict fields:
	In system/fvSolution, I have change val of omegaV parameter from 0.8; to 0.1 in subDict fields.
In system/fvSolution, trying to change parameter omegaC in subDict fields:
	In system/fvSolution, I have change val of omegaC parameter from 0.8; to 0.1 in subDict fields.
In system/fvSolution, trying to change parameter T in subDict fields:
	In system/fvSolution, I have change val of T parameter from 1; to 0.1 in subDict fields.
	In system/fvSolution, I have change val of T parameter from 0.5; to 0.1 in subDict fields.
In system/fvSolution, trying to change parameter pG in subDict fields:
	In system/fvSolution, I have change val of pG parameter from 0.8; to 0.1 in subDict fields.
In system/fvSolution, trying to change parameter nOuterCorrectors in subDict PIMPLE:
	In system/fvSolution, I have change val of nOuterCorrectors parameter from 150; to 50 in subDict PIMPLE.
I will execute commands in ../ZZ_cases/2026/V30/exp0_nonDef_False/V96_TBCConst_moistDep0285_Dl_2e-09_kOp_0.1_kCl_0.1_nu_0.15_mu0_230_muV1_5000_mS_0.001_lambda_0.45_kH_12_kHB_12_r0_0.0018_per_9e-16/:
	1. foamJob -parallel -screen breadBakingFoam > log.breadBakingFoam_3
Found OpenFOAMCase parallel times are:
	[3040.0, 2700.0, 2660.0, 3580.0, 3120.0, 0.0, 3080.0, 3380.0, 3320.0, 2860.0, 3520.0, 2820.0, 3400.0, 2900.0, 2640.0, 2980.0, 3620.0, 1000.0, 3540.0, 3300.0, 3600.0, 2600.0, 2460.0, 2680.0, 2540.0, 3160.0, 3640.0, 2480.0, 800.0, 2400.0, 2580.0, 1600.0, 2800.0, 2760.0, 2000.0, 3460.0, 2440.0, 3020.0, 3000.0, 1200.0, 3500.0, 1400.0, 3060.0, 2420.0, 1800.0, 2520.0, 3360.0, 3140.0, 2940.0, 3560.0, 3420.0, 2920.0, 2780.0, 3280.0, 2880.0, 3220.0, 3100.0, 3340.0, 200.0, 3440.0, 3260.0, 3240.0, 2720.0, 2200.0, 400.0, 3180.0, 3480.0, 2500.0, 2560.0, 2620.0, 2960.0, 3200.0, 600.0, 2740.0, 2840.0],
latestTime:
	3640
I will execute commands in ../ZZ_cases/2026/V30/exp0_nonDef_False/V96_TBCConst_moistDep0285_Dl_2e-09_kOp_0.1_kCl_0.1_nu_0.15_mu0_230_muV1_5000_mS_0.001_lambda_0.45_kH_12_kHB_12_r0_0.0018_per_9e-16/:
	1. rm -rf processor*/0
	2. foamJob -parallel -screen postProcess -func "probeOur" -dict system/probeOur > log.postProcess
	3. foamJob -parallel -screen TLFProbe -point "(1e-3 1e-3 0)" > log.TPoint6
	4. foamJob -parallel -screen intMoisture > log.intMoisture
	5. foamJob -parallel -screen intWeigth > log.intWeigth
No protocol specified
No protocol specified
No protocol specified
No protocol specified
No protocol specified
	6. foamJob -parallel -screen getBoundPoints > log.getBoundPoints
I will execute commands in ../ZZ_cases/2026/V30/exp0_nonDef_False/V96_TBCConst_moistDep0285_Dl_2e-09_kOp_0.1_kCl_0.1_nu_0.15_mu0_230_muV1_5000_mS_0.001_lambda_0.45_kH_12_kHB_12_r0_0.0018_per_9e-16/:
	1. foamJob -parallel -screen TLFProbe -point "(0.0445 0.03128 0)" > log.TPoint1
I will execute commands in ../ZZ_cases/2026/V30/exp0_nonDef_False/V96_TBCConst_moistDep0285_Dl_2e-09_kOp_0.1_kCl_0.1_nu_0.15_mu0_230_muV1_5000_mS_0.001_lambda_0.45_kH_12_kHB_12_r0_0.0018_per_9e-16/:
	1. foamJob -parallel -screen TLFProbe -point "(0.0435 0.010417 0)" > log.TPoint2
I will execute commands in ../ZZ_cases/2026/V30/exp0_nonDef_False/V96_TBCConst_moistDep0285_Dl_2e-09_kOp_0.1_kCl_0.1_nu_0.15_mu0_230_muV1_5000_mS_0.001_lambda_0.45_kH_12_kHB_12_r0_0.0018_per_9e-16/:
	1. foamJob -parallel -screen TLFProbe -point "(0.0336 0.025907 0)" > log.TPoint3
I will execute commands in ../ZZ_cases/2026/V30/exp0_nonDef_False/V96_TBCConst_moistDep0285_Dl_2e-09_kOp_0.1_kCl_0.1_nu_0.15_mu0_230_muV1_5000_mS_0.001_lambda_0.45_kH_12_kHB_12_r0_0.0018_per_9e-16/:
	1. foamJob -parallel -screen TLFProbe -point "(0.0146 0.047604 0)" > log.TPoint4
Loading all sheets from: ../Experiments2026/10_02_2026/Lab_test_2026_02_10.xlsm
  Sheet 'DATALOG': 32538 rows × 5 columns
  Sheet 'Data_Termo_1': 11554 rows × 25 columns
  Sheet 'Data_Termo_2': 6241 rows × 25 columns
  Sheet 'Data_Termo_3': 2547 rows × 25 columns
Loading all sheets from: ../Experiments2026/10_02_2026/Exp_2/opcua_log_20260210_144124.xlsx
  Sheet 'Sheet1': 1338 rows × 8 columns
Loading all sheets from: ../Experiments2026/10_02_2026/Lab_test_2026_02_10.xlsm
  Sheet 'DATALOG': 32538 rows × 5 columns
  Sheet 'Data_Termo_1': 11554 rows × 25 columns
  Sheet 'Data_Termo_2': 6241 rows × 25 columns
  Sheet 'Data_Termo_3': 2547 rows × 25 columns
Loading all sheets from: ../Experiments2026/10_02_2026/Exp_3/opcua_log_20260210_153553.xlsx
  Sheet 'Sheet1': 893 rows × 8 columns
Loading all sheets from: ../Experiments2026/11_02_2026/Lab_test_2026_02_11.xlsm
  Sheet 'Thermometers': 19 rows × 10 columns
  Sheet 'DATALOG': 19196 rows × 5 columns
  Sheet 'Data_Termo_1': 14022 rows × 25 columns
  Sheet 'Data_Termo_2': 10978 rows × 25 columns
  Sheet 'Data_Termo_3': 7613 rows × 25 columns
  Sheet 'Data_Termo_4': 3804 rows × 25 columns
Loading all sheets from: ../Experiments2026/11_02_2026/Exp_1/opcua_log_20260211_115313.xlsx
  Sheet 'Sheet1': 767 rows × 8 columns
Loading all sheets from: ../Experiments2026/11_02_2026/Lab_test_2026_02_11.xlsm
  Sheet 'Thermometers': 19 rows × 10 columns
  Sheet 'DATALOG': 19196 rows × 5 columns
  Sheet 'Data_Termo_1': 14022 rows × 25 columns
  Sheet 'Data_Termo_2': 10978 rows × 25 columns
  Sheet 'Data_Termo_3': 7613 rows × 25 columns
  Sheet 'Data_Termo_4': 3804 rows × 25 columns
Loading all sheets from: ../Experiments2026/11_02_2026/Exp_2/opcua_log_20260211_125251.xlsx
  Sheet 'Sheet1': 836 rows × 8 columns
Loading all sheets from: ../Experiments2026/11_02_2026/Lab_test_2026_02_11.xlsm
  Sheet 'Thermometers': 19 rows × 10 columns
  Sheet 'DATALOG': 19196 rows × 5 columns
  Sheet 'Data_Termo_1': 14022 rows × 25 columns
  Sheet 'Data_Termo_2': 10978 rows × 25 columns
  Sheet 'Data_Termo_3': 7613 rows × 25 columns
  Sheet 'Data_Termo_4': 3804 rows × 25 columns
Loading all sheets from: ../Experiments2026/11_02_2026/Exp_3/opcua_log_20260211_135519.xlsx
  Sheet 'Sheet1': 773 rows × 8 columns
Loading all sheets from: ../Experiments2026/11_02_2026/Lab_test_2026_02_11.xlsm
  Sheet 'Thermometers': 19 rows × 10 columns
  Sheet 'DATALOG': 19196 rows × 5 columns
  Sheet 'Data_Termo_1': 14022 rows × 25 columns
  Sheet 'Data_Termo_2': 10978 rows × 25 columns
  Sheet 'Data_Termo_3': 7613 rows × 25 columns
  Sheet 'Data_Termo_4': 3804 rows × 25 columns
Loading all sheets from: ../Experiments2026/11_02_2026/Exp_4/opcua_log_20260211_150638.xlsx
  Sheet 'Sheet1': 907 rows × 8 columns
[[2.00000000e+02 6.43681927e-03]
 [4.00000000e+02 6.43682193e-03]
 [6.00000000e+02 6.43682516e-03]
 [8.00000000e+02 6.43682899e-03]
 [1.00000000e+03 6.43683350e-03]
 [1.20000000e+03 6.43683880e-03]
 [1.40000000e+03 6.43684497e-03]
 [1.60000000e+03 6.43685212e-03]
 [1.80000000e+03 6.43686036e-03]
 [2.00000000e+03 6.43686982e-03]
 [2.20000000e+03 6.43688064e-03]
 [2.40000000e+03 6.43689298e-03]
 [2.42000000e+03 6.43691104e-03]
 [2.44000000e+03 6.43693981e-03]
 [2.46000000e+03 6.43697889e-03]
 [2.48000000e+03 6.43702738e-03]
 [2.50000000e+03 6.43708305e-03]
 [2.52000000e+03 6.43714442e-03]
 [2.54000000e+03 6.43721179e-03]
 [2.56000000e+03 6.43728625e-03]
 [2.58000000e+03 6.43736917e-03]
 [2.60000000e+03 6.43746199e-03]
 [2.62000000e+03 6.43756647e-03]
 [2.64000000e+03 6.43768480e-03]
 [2.66000000e+03 6.43781919e-03]
 [2.68000000e+03 6.43797171e-03]
 [2.70000000e+03 6.43814107e-03]
 [2.72000000e+03 6.43832784e-03]
 [2.74000000e+03 6.43852954e-03]
 [2.76000000e+03 6.43875137e-03]
 [2.78000000e+03 6.43899230e-03]
 [2.80000000e+03 6.43925453e-03]
 [2.82000000e+03 6.43954776e-03]
 [2.84000000e+03 6.43986248e-03]
 [2.86000000e+03 6.44001428e-03]
 [2.88000000e+03 6.44015702e-03]
 [2.90000000e+03 6.44029384e-03]
 [2.92000000e+03 6.44042789e-03]
 [2.94000000e+03 6.44056063e-03]
 [2.96000000e+03 6.44069269e-03]
 [2.98000000e+03 6.44082225e-03]
 [3.00000000e+03 6.44094980e-03]
 [3.02000000e+03 6.44107642e-03]
 [3.04000000e+03 6.44120194e-03]
 [3.06000000e+03 6.44132582e-03]
 [3.08000000e+03 6.44144826e-03]
 [3.10000000e+03 6.44157011e-03]
 [3.12000000e+03 6.44169060e-03]
 [3.14000000e+03 6.44180985e-03]
 [3.16000000e+03 6.44192737e-03]
 [3.18000000e+03 6.44204299e-03]
 [3.20000000e+03 6.44215745e-03]
 [3.22000000e+03 6.44226996e-03]
 [3.24000000e+03 6.44238030e-03]
 [3.26000000e+03 6.44248830e-03]
 [3.28000000e+03 6.44259400e-03]
 [3.30000000e+03 6.44269715e-03]
 [3.32000000e+03 6.44279808e-03]
 [3.34000000e+03 6.44289601e-03]
 [3.36000000e+03 6.44299042e-03]
 [3.38000000e+03 6.44308165e-03]
 [3.40000000e+03 6.44316980e-03]
 [3.42000000e+03 6.44325473e-03]
 [3.44000000e+03 6.44333630e-03]
 [3.46000000e+03 6.44341465e-03]
 [3.48000000e+03 6.44348901e-03]
 [3.50000000e+03 6.44355953e-03]
 [3.52000000e+03 6.44362724e-03]
 [3.54000000e+03 6.44369134e-03]
 [3.56000000e+03 6.44375277e-03]
 [3.58000000e+03 6.44381065e-03]
 [3.60000000e+03 6.44386543e-03]
 [3.62000000e+03 6.44391717e-03]
 [3.64000000e+03 6.44396508e-03]]
(74, 2)
New OpenFOAMCase has been initialized, starting directory is:
	/butterfly2/hlavatyo/bread/breadBakingFoamTechMathGroup/pyCtrlScripts
OpenFOAMCase.baseCase has been set to :
	../tutorials/bread3DOurExp/
OpenFOAMCase directory has been changed from:
	../tutorials/bread3DOurExp/ to ../ZZ_cases/2026/V30/exp0_nonDef_False/V71_FineInMidd_TDep_Dl_1.6e-09_kOp_0.04_kCl_0.04_nu_0.15_mu0_180_muV1_5000_mS_0.0005_lambda_0.42_kH_20_kHB_20_r0_0.0022_per_9e-16/
OpenFOAMCase.baseDir has been copied to OpenFOAMCase.dir:
	 ../tutorials/bread3DOurExp/ --> ../ZZ_cases/2026/V30/exp0_nonDef_False/V71_FineInMidd_TDep_Dl_1.6e-09_kOp_0.04_kCl_0.04_nu_0.15_mu0_180_muV1_5000_mS_0.0005_lambda_0.42_kH_20_kHB_20_r0_0.0022_per_9e-16/
In 0.org/omegaV, trying to change parameter kM in subDict sides:
	In 0.org/omegaV, I have change val of kM parameter from 0.01; to 0.01 in subDict sides.
In 0.org/omegaV, trying to change parameter kM in subDict bottom:
	In 0.org/omegaV, I have change val of kM parameter from 1e-5; to 0.005 in subDict bottom.
In 0.org/omegaV, trying to change parameter kM in subDict bottom2:
	In 0.org/omegaV, I have change val of kM parameter from 1e-5; to 0.005 in subDict bottom2.
In 0.org/omegaC, trying to change parameter kM in subDict sides:
	In 0.org/omegaC, I have change val of kM parameter from 1e-5; to 0.01 in subDict sides.
In 0.org/omegaC, trying to change parameter kM in subDict bottom:
	In 0.org/omegaC, I have change val of kM parameter from 1e-5; to 0.005 in subDict bottom.
In 0.org/omegaC, trying to change parameter kM in subDict bottom2:
	In 0.org/omegaC, I have change val of kM parameter from 1e-5; to 0.005 in subDict bottom2.
In 0.org/T, trying to change parameter alpha in subDict sides:
	In 0.org/T, I have change val of alpha parameter from 9.5; to 20 in subDict sides.
In 0.org/T, trying to change parameter alpha in subDict bottom:
	In 0.org/T, I have change val of alpha parameter from 9.5; to 20 in subDict bottom.
In 0.org/T, trying to change parameter alpha in subDict bottom2:
	In 0.org/T, I have change val of alpha parameter from 9.5; to 20 in subDict bottom2.
In 0.org/T, trying to change parameter internalField in subDict :
	In 0.org/T, I have change val of internalField parameter from uniform 302.5; to uniform 297 in subDict .
Loading all sheets from: ../Experiments2026/10_02_2026/Lab_test_2026_02_10.xlsm
  Sheet 'DATALOG': 32538 rows × 5 columns
  Sheet 'Data_Termo_1': 11554 rows × 25 columns
  Sheet 'Data_Termo_2': 6241 rows × 25 columns
  Sheet 'Data_Termo_3': 2547 rows × 25 columns
In constant/transportProperties, trying to change parameter withDeformation in subDict :
	In constant/transportProperties, I have change val of withDeformation parameter from 1; to 1 in subDict .
In constant/transportProperties, trying to change parameter permGLViscG in subDict :
	In constant/transportProperties, I have change val of permGLViscG parameter from 9e-13; to 9e-16 in subDict .
In constant/transportProperties, trying to change parameter tortOpen in subDict :
	In constant/transportProperties, I have change val of tortOpen parameter from 2; to 2 in subDict .
In constant/transportProperties, trying to change parameter tortClosed in subDict :
	In constant/transportProperties, I have change val of tortClosed parameter from 10; to 70 in subDict .
In constant/thermophysicalProperties, trying to change parameter lambda in subDict solid:
	In constant/thermophysicalProperties, I have change val of lambda parameter from 0.47; to 0.42 in subDict solid.
In constant/thermophysicalProperties, trying to change parameter rho in subDict solid:
	In constant/thermophysicalProperties, I have change val of rho parameter from 700; to 940 in subDict solid.
In constant/thermophysicalProperties, trying to change parameter Cp in subDict solid:
	In constant/thermophysicalProperties, I have change val of Cp parameter from 600; to 1130 in subDict solid.
In constant/thermophysicalProperties, trying to change parameter Cp in subDict liquid:
	In constant/thermophysicalProperties, I have change val of Cp parameter from 4200; to 4200 in subDict liquid.
In constant/thermophysicalProperties, trying to change parameter Cp in subDict CO2:
	In constant/thermophysicalProperties, I have change val of Cp parameter from 853; to 853 in subDict CO2.
In constant/thermophysicalProperties, trying to change parameter Cp in subDict vapor:
	In constant/thermophysicalProperties, I have change val of Cp parameter from 1878; to 1878 in subDict vapor.
In constant/thermophysicalProperties, trying to change parameter D in subDict transport:
	In constant/thermophysicalProperties, I have change val of D parameter from 5e-06; to 2.6e-05 in subDict transport.
In constant/thermophysicalProperties, trying to change parameter Dl in subDict transport:
	In constant/thermophysicalProperties, I have change val of Dl parameter from 5e-10; to 1.6e-09 in subDict transport.
	In constant/thermophysicalProperties, I have change val of Dl parameter from 2e-11; to 1.6e-09 in subDict transport.
	In constant/thermophysicalProperties, I have change val of Dl parameter from 5e-12; to 1.6e-09 in subDict transport.
	In constant/thermophysicalProperties, I have change val of Dl parameter from 8e-12; to 1.6e-09 in subDict transport.
	In constant/thermophysicalProperties, I have change val of Dl parameter from 2e-11; to 1.6e-09 in subDict transport.
	In constant/thermophysicalProperties, I have change val of Dl parameter from 2e-10; to 1.6e-09 in subDict transport.
	In constant/thermophysicalProperties, I have change val of Dl parameter from 1e-9; to 1.6e-09 in subDict transport.
	In constant/thermophysicalProperties, I have change val of Dl parameter from 5e-10; to 1.6e-09 in subDict transport.
	In constant/thermophysicalProperties, I have change val of Dl parameter from 1.5e-11; to 1.6e-09 in subDict transport.
In constant/reactiveProperties, trying to change parameter kMPCOpen in subDict evaporation:
	In constant/reactiveProperties, I have change val of kMPCOpen parameter from 0.42; to 0.04 in subDict evaporation.
In constant/reactiveProperties, trying to change parameter kMPCClosed in subDict evaporation:
	In constant/reactiveProperties, I have change val of kMPCClosed parameter from 0.42; to 0.04 in subDict evaporation.
In constant/reactiveProperties, trying to change parameter R0 in subDict fermentation:
	In constant/reactiveProperties, I have change val of R0 parameter from 0.0022; to 0.0022 in subDict fermentation.
In constant/reactiveProperties, trying to change parameter Tm in subDict fermentation:
	In constant/reactiveProperties, I have change val of Tm parameter from 314; to 313 in subDict fermentation.
In constant/reactiveProperties, trying to change parameter deltaT in subDict fermentation:
	In constant/reactiveProperties, I have change val of deltaT parameter from 10; to 14 in subDict fermentation.
In system/controlDict, trying to change parameter endTime in subDict :
	In system/controlDict, I have change val of endTime parameter from 900; to 2400 in subDict .
In system/controlDict, trying to change parameter deltaT in subDict :
	In system/controlDict, I have change val of deltaT parameter from 1; to 40 in subDict .
In system/controlDict, trying to change parameter writeInterval in subDict :
	In system/controlDict, I have change val of writeInterval parameter from 20; to 200 in subDict .
	In system/controlDict, I have change val of writeInterval parameter from 20; to 200 in subDict .
In system/fvSolution, trying to change parameter nOuterCorrectors in subDict PIMPLE:
	In system/fvSolution, I have change val of nOuterCorrectors parameter from 250; to 400 in subDict PIMPLE.
In system/fvSolution, trying to change parameter D in subDict fields:
	In system/fvSolution, I have change val of D parameter from 0.1; to 0.1 in subDict fields.
In system/fvSolution, trying to change parameter DFinal in subDict fields:
	In system/fvSolution, I have change val of DFinal parameter from 0.1; to 1 in subDict fields.
In system/fvSolution, trying to change parameter omegaV in subDict fields:
	In system/fvSolution, I have change val of omegaV parameter from 0.1; to 1 in subDict fields.
--> FOAM IOWarning :
    Found [v1012] 'convertToMeters' entry instead of 'scale' in dictionary "system/blockMeshDict"

    This keyword is 156 months old.

Created 'V71_FineInMidd_TDep_Dl_1.6e-09_kOp_0.04_kCl_0.04_nu_0.15_mu0_180_muV1_5000_mS_0.0005_lambda_0.42_kH_20_kHB_20_r0_0.0022_per_9e-16.OpenFOAM'
No protocol specified
[5] [stack trace]
[5] =============
[5] #1  Foam::sigFpe::sigHandler(int) in /usr/lib/openfoam/openfoam2312/platforms/linux64GccDPInt32Opt/lib/libOpenFOAM.so
[5] #2  ? in /lib/x86_64-linux-gnu/libpthread.so.0
[5] #3  ? in /lib/x86_64-linux-gnu/libm.so.6
[5] #4  powf64 in /lib/x86_64-linux-gnu/libm.so.6
[5] #5  Foam::pow(Foam::Field<double>&, Foam::UList<double> const&, double const&) in /usr/lib/openfoam/openfoam2312/platforms/linux64GccDPInt32Opt/lib/libOpenFOAM.so
[5] #6  void Foam::pow<Foam::fvPatchField, Foam::volMesh>(Foam::GeometricField<double, Foam::fvPatchField, Foam::volMesh>&, Foam::GeometricField<double, Foam::fvPatchField, Foam::volMesh> const&, Foam::dimensioned<double> const&) in ~/OpenFOAM/hlavatyo-v2312/platforms/linux64GccDPInt32Opt/bin/breadBakingFoam
[5] #7  Foam::tmp<Foam::GeometricField<double, Foam::fvPatchField, Foam::volMesh> > Foam::pow<Foam::fvPatchField, Foam::volMesh>(Foam::tmp<Foam::GeometricField<double, Foam::fvPatchField, Foam::volMesh> > const&, Foam::dimensioned<double> const&) in ~/OpenFOAM/hlavatyo-v2312/platforms/linux64GccDPInt32Opt/bin/breadBakingFoam
[5] #8  Foam::tmp<Foam::GeometricField<double, Foam::fvPatchField, Foam::volMesh> > Foam::pow<Foam::fvPatchField, Foam::volMesh>(Foam::tmp<Foam::GeometricField<double, Foam::fvPatchField, Foam::volMesh> > const&, double const&) in ~/OpenFOAM/hlavatyo-v2312/platforms/linux64GccDPInt32Opt/bin/breadBakingFoam
[5] #9  ? in ~/OpenFOAM/hlavatyo-v2312/platforms/linux64GccDPInt32Opt/bin/breadBakingFoam
[5] #10  __libc_start_main in /lib/x86_64-linux-gnu/libc.so.6
[5] #11  ? in ~/OpenFOAM/hlavatyo-v2312/platforms/linux64GccDPInt32Opt/bin/breadBakingFoam
[5] =============
[butterfly:3469312] *** Process received signal ***
[butterfly:3469312] Signal: Floating point exception (8)
[butterfly:3469312] Signal code:  (-6)
[butterfly:3469312] Failing at address: 0x1980034f000
[butterfly:3469312] [ 0] /lib/x86_64-linux-gnu/libpthread.so.0(+0x14420)[0x14b7bde05420]
[butterfly:3469312] [ 1] /lib/x86_64-linux-gnu/libpthread.so.0(raise+0xcb)[0x14b7bde052ab]
[butterfly:3469312] [ 2] /lib/x86_64-linux-gnu/libpthread.so.0(+0x14420)[0x14b7bde05420]
[butterfly:3469312] [ 3] /lib/x86_64-linux-gnu/libm.so.6(+0x7c470)[0x14b7bdead470]
[butterfly:3469312] [ 4] /lib/x86_64-linux-gnu/libm.so.6(powf64+0x18)[0x14b7bde72278]
[butterfly:3469312] [ 5] /usr/lib/openfoam/openfoam2312/platforms/linux64GccDPInt32Opt/lib/libOpenFOAM.so(_ZN4Foam3powERNS_5FieldIdEERKNS_5UListIdEERKd+0x39)[0x14b7bea8bb09]
[butterfly:3469312] [ 6] breadBakingFoam(_ZN4Foam3powINS_12fvPatchFieldENS_7volMeshEEEvRNS_14GeometricFieldIdT_T0_EERKS6_RKNS_11dimensionedIdEE+0x4c)[0x5628e4b61cbc]
[butterfly:3469312] [ 7] breadBakingFoam(_ZN4Foam3powINS_12fvPatchFieldENS_7volMeshEEENS_3tmpINS_14GeometricFieldIdT_T0_EEEERKS8_RKNS_11dimensionedIdEE+0x2a3)[0x5628e4bbb9c3]
[butterfly:3469312] [ 8] breadBakingFoam(_ZN4Foam3powINS_12fvPatchFieldENS_7volMeshEEENS_3tmpINS_14GeometricFieldIdT_T0_EEEERKS8_RKd+0x5f)[0x5628e4bbbbff]
[butterfly:3469312] [ 9] breadBakingFoam(+0x3ce5f)[0x5628e4b3ae5f]
[butterfly:3469312] [10] /lib/x86_64-linux-gnu/libc.so.6(__libc_start_main+0xf3)[0x14b7bdc23083]
[butterfly:3469312] [11] breadBakingFoam(+0x4b06e)[0x5628e4b4906e]
[butterfly:3469312] *** End of error message ***
--------------------------------------------------------------------------
Primary job  terminated normally, but 1 process returned
a non-zero exit code. Per user-direction, the job has been aborted.
--------------------------------------------------------------------------
--------------------------------------------------------------------------
mpirun noticed that process rank 5 with PID 0 on node butterfly exited on signal 8 (Floating point exception).
--------------------------------------------------------------------------
No protocol specified
[5] [stack trace]
[5] =============
[5] #1  Foam::sigFpe::sigHandler(int) in /usr/lib/openfoam/openfoam2312/platforms/linux64GccDPInt32Opt/lib/libOpenFOAM.so
[5] #2  ? in /lib/x86_64-linux-gnu/libpthread.so.0
[5] #3  ? in /lib/x86_64-linux-gnu/libm.so.6
[5] #4  Foam::log(Foam::Field<double>&, Foam::UList<double> const&) in /usr/lib/openfoam/openfoam2312/platforms/linux64GccDPInt32Opt/lib/libOpenFOAM.so
[5] #5  void Foam::log<Foam::fvPatchField, Foam::volMesh>(Foam::GeometricField<double, Foam::fvPatchField, Foam::volMesh>&, Foam::GeometricField<double, Foam::fvPatchField, Foam::volMesh> const&) in /usr/lib/openfoam/openfoam2312/platforms/linux64GccDPInt32Opt/lib/libfiniteVolume.so
[5] #6  Foam::tmp<Foam::GeometricField<double, Foam::fvPatchField, Foam::volMesh> > Foam::log<Foam::fvPatchField, Foam::volMesh>(Foam::GeometricField<double, Foam::fvPatchField, Foam::volMesh> const&) in ~/OpenFOAM/hlavatyo-v2312/platforms/linux64GccDPInt32Opt/lib/libsolids4FoamModels.so
[5] #7  Foam::viscoBread::correct(Foam::GeometricField<Foam::SymmTensor<double>, Foam::fvPatchField, Foam::volMesh>&) in ~/OpenFOAM/hlavatyo-v2312/platforms/linux64GccDPInt32Opt/lib/libsolids4FoamModels.so
[5] #8  Foam::solidModels::breadBakingSolid::evolve() in ~/OpenFOAM/hlavatyo-v2312/platforms/linux64GccDPInt32Opt/lib/libsolids4FoamModels.so
[5] #9  ? in ~/OpenFOAM/hlavatyo-v2312/platforms/linux64GccDPInt32Opt/bin/breadBakingFoam
[5] #10  __libc_start_main in /lib/x86_64-linux-gnu/libc.so.6
[5] #11  ? in ~/OpenFOAM/hlavatyo-v2312/platforms/linux64GccDPInt32Opt/bin/breadBakingFoam
[5] =============
[butterfly:3476719] *** Process received signal ***
[butterfly:3476719] Signal: Floating point exception (8)
[butterfly:3476719] Signal code:  (-6)
[butterfly:3476719] Failing at address: 0x19800350cef
[butterfly:3476719] [ 0] /lib/x86_64-linux-gnu/libpthread.so.0(+0x14420)[0x14ac1fbd5420]
[butterfly:3476719] [ 1] /lib/x86_64-linux-gnu/libpthread.so.0(raise+0xcb)[0x14ac1fbd52ab]
[butterfly:3476719] [ 2] /lib/x86_64-linux-gnu/libpthread.so.0(+0x14420)[0x14ac1fbd5420]
[butterfly:3476719] [ 3] /lib/x86_64-linux-gnu/libm.so.6(+0x7c470)[0x14ac1fc7d470]
[butterfly:3476719] [ 4] /usr/lib/openfoam/openfoam2312/platforms/linux64GccDPInt32Opt/lib/libOpenFOAM.so(_ZN4Foam3logERNS_5FieldIdEERKNS_5UListIdEE+0x33)[0x14ac2085c2c3]
[butterfly:3476719] [ 5] /usr/lib/openfoam/openfoam2312/platforms/linux64GccDPInt32Opt/lib/libfiniteVolume.so(_ZN4Foam3logINS_12fvPatchFieldENS_7volMeshEEEvRNS_14GeometricFieldIdT_T0_EERKS6_+0x45)[0x14ac24e53665]
[butterfly:3476719] [ 6] /butterfly1/hlavatyo/OpenFOAM/hlavatyo-v2312/platforms/linux64GccDPInt32Opt/lib/libsolids4FoamModels.so(_ZN4Foam3logINS_12fvPatchFieldENS_7volMeshEEENS_3tmpINS_14GeometricFieldIdT_T0_EEEERKS7_+0x183)[0x14ac2138f463]
[butterfly:3476719] [ 7] /butterfly1/hlavatyo/OpenFOAM/hlavatyo-v2312/platforms/linux64GccDPInt32Opt/lib/libsolids4FoamModels.so(_ZN4Foam10viscoBread7correctERNS_14GeometricFieldINS_10SymmTensorIdEENS_12fvPatchFieldENS_7volMeshEEE+0xf06)[0x14ac21388576]
[butterfly:3476719] [ 8] /butterfly1/hlavatyo/OpenFOAM/hlavatyo-v2312/platforms/linux64GccDPInt32Opt/lib/libsolids4FoamModels.so(_ZN4Foam11solidModels16breadBakingSolid6evolveEv+0x44f)[0x14ac210eadcf]
[butterfly:3476719] [ 9] breadBakingFoam(+0x45db5)[0x5590b8f54db5]
[butterfly:3476719] [10] /lib/x86_64-linux-gnu/libc.so.6(__libc_start_main+0xf3)[0x14ac1f9f3083]
[butterfly:3476719] [11] breadBakingFoam(+0x4b06e)[0x5590b8f5a06e]
[butterfly:3476719] *** End of error message ***
--------------------------------------------------------------------------
Primary job  terminated normally, but 1 process returned
a non-zero exit code. Per user-direction, the job has been aborted.
--------------------------------------------------------------------------
--------------------------------------------------------------------------
mpirun noticed that process rank 5 with PID 0 on node butterfly exited on signal 8 (Floating point exception).
--------------------------------------------------------------------------
No protocol specified
No protocol specified
No protocol specified
No protocol specified
No protocol specified
No protocol specified
In system/fvSolution, trying to change parameter omegaC in subDict fields:
	In system/fvSolution, I have change val of omegaC parameter from 0.1; to 1 in subDict fields.
In system/fvSolution, trying to change parameter pG in subDict fields:
	In system/fvSolution, I have change val of pG parameter from 0.1; to 1 in subDict fields.
In constant/mechanicalProperties, trying to change parameter E in subDict bread:
	In constant/mechanicalProperties, I have change val of E parameter from 12000; to 30000 in subDict bread.
In constant/mechanicalProperties, trying to change parameter mu0Raw in subDict bread:
	In constant/mechanicalProperties, I have change val of mu0Raw parameter from 300; to 180 in subDict bread.
In constant/mechanicalProperties, trying to change parameter kappa0Raw in subDict bread:
	In constant/mechanicalProperties, I have change val of kappa0Raw parameter from 1000; to 77.14285714285715 in subDict bread.
In constant/mechanicalProperties, trying to change parameter muV1Raw in subDict bread:
	In constant/mechanicalProperties, I have change val of muV1Raw parameter from 3000; to 5000 in subDict bread.
In constant/mechanicalProperties, trying to change parameter muV2Raw in subDict bread:
	In constant/mechanicalProperties, I have change val of muV2Raw parameter from 3000; to 0 in subDict bread.
In constant/mechanicalProperties, trying to change parameter kappaVRaw in subDict bread:
	In constant/mechanicalProperties, I have change val of kappaVRaw parameter from 6000; to 0 in subDict bread.
In constant/mechanicalProperties, trying to change parameter mu0Baked in subDict bread:
	In constant/mechanicalProperties, I have change val of mu0Baked parameter from 12500; to 3240 in subDict bread.
In constant/mechanicalProperties, trying to change parameter kappa0Baked in subDict bread:
	In constant/mechanicalProperties, I have change val of kappa0Baked parameter from 40000; to 1388.5714285714287 in subDict bread.
In constant/mechanicalProperties, trying to change parameter tau1 in subDict bread:
	In constant/mechanicalProperties, I have change val of tau1 parameter from 1; to 2 in subDict bread.
In constant/mechanicalProperties, trying to change parameter tau2 in subDict bread:
	In constant/mechanicalProperties, I have change val of tau2 parameter from 1; to 1 in subDict bread.
In constant/mechanicalProperties, trying to change parameter tGelat in subDict bread:
	In constant/mechanicalProperties, I have change val of tGelat parameter from 65; to 65 in subDict bread.
I will execute commands in ../ZZ_cases/2026/V30/exp0_nonDef_False/V71_FineInMidd_TDep_Dl_1.6e-09_kOp_0.04_kCl_0.04_nu_0.15_mu0_180_muV1_5000_mS_0.0005_lambda_0.42_kH_20_kHB_20_r0_0.0022_per_9e-16/:
	1. chmod 755 ./* -R
	2. blockMesh > log.blockMesh
I will execute commands in ../ZZ_cases/2026/V30/exp0_nonDef_False/V71_FineInMidd_TDep_Dl_1.6e-09_kOp_0.04_kCl_0.04_nu_0.15_mu0_180_muV1_5000_mS_0.0005_lambda_0.42_kH_20_kHB_20_r0_0.0022_per_9e-16/:
	1. extrudeMesh > log.extrudeMesh
	2. rm -rf 0
	3. cp -r 0.org 0
	4. paraFoam -touch
In system/decomposeParDict, trying to change parameter numberOfSubdomains in subDict :
	In system/decomposeParDict, I have change val of numberOfSubdomains parameter from 2; to 8 in subDict .
I will execute commands in ../ZZ_cases/2026/V30/exp0_nonDef_False/V71_FineInMidd_TDep_Dl_1.6e-09_kOp_0.04_kCl_0.04_nu_0.15_mu0_180_muV1_5000_mS_0.0005_lambda_0.42_kH_20_kHB_20_r0_0.0022_per_9e-16/:
	1. decomposePar > log.decomposePar
	2. foamJob -parallel -screen breadBakingFoam > log.breadBakingFoam
In system/controlDict, trying to change parameter endTime in subDict :
	In system/controlDict, I have change val of endTime parameter from 2400; to 2850 in subDict .
In system/controlDict, trying to change parameter deltaT in subDict :
	In system/controlDict, I have change val of deltaT parameter from 40; to 0.5 in subDict .
In system/fvSolution, trying to change parameter nOuterCorrectors in subDict PIMPLE:
	In system/fvSolution, I have change val of nOuterCorrectors parameter from 400; to 150 in subDict PIMPLE.
In system/fvSolution, trying to change parameter omegaV in subDict fields:
	In system/fvSolution, I have change val of omegaV parameter from 1; to 0.8 in subDict fields.
In system/fvSolution, trying to change parameter omegaC in subDict fields:
	In system/fvSolution, I have change val of omegaC parameter from 1; to 0.8 in subDict fields.
In system/fvSolution, trying to change parameter D in subDict fields:
	In system/fvSolution, I have change val of D parameter from 0.1; to 0.2 in subDict fields.
In system/fvSolution, trying to change parameter pG in subDict fields:
	In system/fvSolution, I have change val of pG parameter from 1; to 0.8 in subDict fields.
In system/controlDict, trying to change parameter writeInterval in subDict :
	In system/controlDict, I have change val of writeInterval parameter from 200; to 30 in subDict .
	In system/controlDict, I have change val of writeInterval parameter from 200; to 30 in subDict .
I will execute commands in ../ZZ_cases/2026/V30/exp0_nonDef_False/V71_FineInMidd_TDep_Dl_1.6e-09_kOp_0.04_kCl_0.04_nu_0.15_mu0_180_muV1_5000_mS_0.0005_lambda_0.42_kH_20_kHB_20_r0_0.0022_per_9e-16/:
	1. foamJob -parallel -screen breadBakingFoam > log.breadBakingFoam_2
In system/controlDict, trying to change parameter endTime in subDict :
	In system/controlDict, I have change val of endTime parameter from 2850; to 3650 in subDict .
In system/controlDict, trying to change parameter deltaT in subDict :
	In system/controlDict, I have change val of deltaT parameter from 0.5; to 1 in subDict .
In constant/transportProperties, trying to change parameter withDeformation in subDict :
	In constant/transportProperties, I have change val of withDeformation parameter from 1; to 0 in subDict .
In system/fvSolution, trying to change parameter omegaV in subDict fields:
	In system/fvSolution, I have change val of omegaV parameter from 0.8; to 0.1 in subDict fields.
In system/fvSolution, trying to change parameter omegaC in subDict fields:
	In system/fvSolution, I have change val of omegaC parameter from 0.8; to 0.1 in subDict fields.
In system/fvSolution, trying to change parameter T in subDict fields:
	In system/fvSolution, I have change val of T parameter from 1; to 0.1 in subDict fields.
	In system/fvSolution, I have change val of T parameter from 0.5; to 0.1 in subDict fields.
In system/fvSolution, trying to change parameter pG in subDict fields:
	In system/fvSolution, I have change val of pG parameter from 0.8; to 0.1 in subDict fields.
In system/fvSolution, trying to change parameter nOuterCorrectors in subDict PIMPLE:
	In system/fvSolution, I have change val of nOuterCorrectors parameter from 150; to 50 in subDict PIMPLE.
I will execute commands in ../ZZ_cases/2026/V30/exp0_nonDef_False/V71_FineInMidd_TDep_Dl_1.6e-09_kOp_0.04_kCl_0.04_nu_0.15_mu0_180_muV1_5000_mS_0.0005_lambda_0.42_kH_20_kHB_20_r0_0.0022_per_9e-16/:
	1. foamJob -parallel -screen breadBakingFoam > log.breadBakingFoam_3
Found OpenFOAMCase parallel times are:
	[3040.0, 3580.0, 0.0, 2860.0, 3520.0, 2770.0, 3400.0, 2890.0, 2980.0, 1000.0, 3010.0, 3490.0, 2680.0, 2260.0, 2380.0, 3160.0, 3640.0, 800.0, 2830.0, 1600.0, 2800.0, 3190.0, 2000.0, 3460.0, 2440.0, 2710.0, 1200.0, 2320.0, 1400.0, 3250.0, 2290.0, 1800.0, 2590.0, 2920.0, 2950.0, 3280.0, 3220.0, 3130.0, 3610.0, 3100.0, 3370.0, 3340.0, 200.0, 2410.0, 3070.0, 2650.0, 2200.0, 2350.0, 400.0, 2530.0, 2230.0, 3430.0, 2470.0, 3550.0, 2500.0, 2560.0, 2620.0, 3310.0, 600.0, 2740.0],
latestTime:
	3640
I will execute commands in ../ZZ_cases/2026/V30/exp0_nonDef_False/V71_FineInMidd_TDep_Dl_1.6e-09_kOp_0.04_kCl_0.04_nu_0.15_mu0_180_muV1_5000_mS_0.0005_lambda_0.42_kH_20_kHB_20_r0_0.0022_per_9e-16/:
	1. rm -rf processor*/0
	2. foamJob -parallel -screen postProcess -func "probeOur" -dict system/probeOur > log.postProcess
	3. foamJob -parallel -screen TLFProbe -point "(1e-3 1e-3 0)" > log.TPoint6
	4. foamJob -parallel -screen intMoisture > log.intMoisture
	5. foamJob -parallel -screen intWeigth > log.intWeigth
	6. foamJob -parallel -screen getBoundPoints > log.getBoundPoints
No protocol specified
No protocol specified
No protocol specified
No protocol specified
I will execute commands in ../ZZ_cases/2026/V30/exp0_nonDef_False/V71_FineInMidd_TDep_Dl_1.6e-09_kOp_0.04_kCl_0.04_nu_0.15_mu0_180_muV1_5000_mS_0.0005_lambda_0.42_kH_20_kHB_20_r0_0.0022_per_9e-16/:
	1. foamJob -parallel -screen TLFProbe -point "(0.0445 0.03128 0)" > log.TPoint1
I will execute commands in ../ZZ_cases/2026/V30/exp0_nonDef_False/V71_FineInMidd_TDep_Dl_1.6e-09_kOp_0.04_kCl_0.04_nu_0.15_mu0_180_muV1_5000_mS_0.0005_lambda_0.42_kH_20_kHB_20_r0_0.0022_per_9e-16/:
	1. foamJob -parallel -screen TLFProbe -point "(0.0435 0.010417 0)" > log.TPoint2
I will execute commands in ../ZZ_cases/2026/V30/exp0_nonDef_False/V71_FineInMidd_TDep_Dl_1.6e-09_kOp_0.04_kCl_0.04_nu_0.15_mu0_180_muV1_5000_mS_0.0005_lambda_0.42_kH_20_kHB_20_r0_0.0022_per_9e-16/:
	1. foamJob -parallel -screen TLFProbe -point "(0.0336 0.025907 0)" > log.TPoint3
I will execute commands in ../ZZ_cases/2026/V30/exp0_nonDef_False/V71_FineInMidd_TDep_Dl_1.6e-09_kOp_0.04_kCl_0.04_nu_0.15_mu0_180_muV1_5000_mS_0.0005_lambda_0.42_kH_20_kHB_20_r0_0.0022_per_9e-16/:
	1. foamJob -parallel -screen TLFProbe -point "(0.0146 0.047604 0)" > log.TPoint4
Traceback (most recent call last):
  File "runBread2DOurExpFreeBread2026Kynuti.py", line 515, in <module>
    shapeBef = np.loadtxt(baseCase.dir + 'Shape/D_values_%d.dat' % timeKynuti, skiprows=1)   
  File "/butterfly1/hlavatyo/.local/lib/python3.8/site-packages/numpy/lib/npyio.py", line 1356, in loadtxt
    arr = _read(fname, dtype=dtype, comment=comment, delimiter=delimiter,
  File "/butterfly1/hlavatyo/.local/lib/python3.8/site-packages/numpy/lib/npyio.py", line 975, in _read
    fh = np.lib._datasource.open(fname, 'rt', encoding=encoding)
  File "/butterfly1/hlavatyo/.local/lib/python3.8/site-packages/numpy/lib/_datasource.py", line 193, in open
    return ds.open(path, mode, encoding=encoding, newline=newline)
  File "/butterfly1/hlavatyo/.local/lib/python3.8/site-packages/numpy/lib/_datasource.py", line 533, in open
    raise FileNotFoundError(f"{path} not found.")
FileNotFoundError: ../ZZ_cases/2026/V30/exp0_nonDef_False/V71_FineInMidd_TDep_Dl_1.6e-09_kOp_0.04_kCl_0.04_nu_0.15_mu0_180_muV1_5000_mS_0.0005_lambda_0.42_kH_20_kHB_20_r0_0.0022_per_9e-16/Shape/D_values_2400.dat not found.
New OpenFOAMCase has been initialized, starting directory is:
	/butterfly2/hlavatyo/bread/breadBakingFoamTechMathGroup/pyCtrlScripts
OpenFOAMCase.baseCase has been set to :
	../tutorials/bread3DOurExp/
OpenFOAMCase directory has been changed from:
	../tutorials/bread3DOurExp/ to ../ZZ_cases/2026/V30/exp0_nonDef_False/V70_moreIter_FineInMidd_TDep_Dl_1.6e-09_kOp_0.04_kCl_0.04_nu_0.15_mu0_180_muV1_5000_mS_0.0005_lambda_0.42_kH_20_kHB_20_r0_0.0022_per_9e-16/
OpenFOAMCase.baseDir has been copied to OpenFOAMCase.dir:
	 ../tutorials/bread3DOurExp/ --> ../ZZ_cases/2026/V30/exp0_nonDef_False/V70_moreIter_FineInMidd_TDep_Dl_1.6e-09_kOp_0.04_kCl_0.04_nu_0.15_mu0_180_muV1_5000_mS_0.0005_lambda_0.42_kH_20_kHB_20_r0_0.0022_per_9e-16/
In 0.org/omegaV, trying to change parameter kM in subDict sides:
	In 0.org/omegaV, I have change val of kM parameter from 0.01; to 0.01 in subDict sides.
In 0.org/omegaV, trying to change parameter kM in subDict bottom:
	In 0.org/omegaV, I have change val of kM parameter from 1e-5; to 0.005 in subDict bottom.
In 0.org/omegaV, trying to change parameter kM in subDict bottom2:
	In 0.org/omegaV, I have change val of kM parameter from 1e-5; to 0.005 in subDict bottom2.
In 0.org/omegaC, trying to change parameter kM in subDict sides:
	In 0.org/omegaC, I have change val of kM parameter from 1e-5; to 0.01 in subDict sides.
In 0.org/omegaC, trying to change parameter kM in subDict bottom:
	In 0.org/omegaC, I have change val of kM parameter from 1e-5; to 0.005 in subDict bottom.
In 0.org/omegaC, trying to change parameter kM in subDict bottom2:
	In 0.org/omegaC, I have change val of kM parameter from 1e-5; to 0.005 in subDict bottom2.
In 0.org/T, trying to change parameter alpha in subDict sides:
	In 0.org/T, I have change val of alpha parameter from 9.5; to 20 in subDict sides.
In 0.org/T, trying to change parameter alpha in subDict bottom:
	In 0.org/T, I have change val of alpha parameter from 9.5; to 20 in subDict bottom.
In 0.org/T, trying to change parameter alpha in subDict bottom2:
	In 0.org/T, I have change val of alpha parameter from 9.5; to 20 in subDict bottom2.
In 0.org/T, trying to change parameter internalField in subDict :
	In 0.org/T, I have change val of internalField parameter from uniform 302.5; to uniform 297 in subDict .
Loading all sheets from: ../Experiments2026/10_02_2026/Lab_test_2026_02_10.xlsm
  Sheet 'DATALOG': 32538 rows × 5 columns
  Sheet 'Data_Termo_1': 11554 rows × 25 columns
  Sheet 'Data_Termo_2': 6241 rows × 25 columns
  Sheet 'Data_Termo_3': 2547 rows × 25 columns
In constant/transportProperties, trying to change parameter withDeformation in subDict :
	In constant/transportProperties, I have change val of withDeformation parameter from 1; to 1 in subDict .
In constant/transportProperties, trying to change parameter permGLViscG in subDict :
	In constant/transportProperties, I have change val of permGLViscG parameter from 9e-13; to 9e-16 in subDict .
In constant/transportProperties, trying to change parameter tortOpen in subDict :
	In constant/transportProperties, I have change val of tortOpen parameter from 2; to 2 in subDict .
In constant/transportProperties, trying to change parameter tortClosed in subDict :
	In constant/transportProperties, I have change val of tortClosed parameter from 10; to 70 in subDict .
In constant/thermophysicalProperties, trying to change parameter lambda in subDict solid:
	In constant/thermophysicalProperties, I have change val of lambda parameter from 0.47; to 0.42 in subDict solid.
In constant/thermophysicalProperties, trying to change parameter rho in subDict solid:
	In constant/thermophysicalProperties, I have change val of rho parameter from 700; to 940 in subDict solid.
In constant/thermophysicalProperties, trying to change parameter Cp in subDict solid:
	In constant/thermophysicalProperties, I have change val of Cp parameter from 600; to 1130 in subDict solid.
In constant/thermophysicalProperties, trying to change parameter Cp in subDict liquid:
	In constant/thermophysicalProperties, I have change val of Cp parameter from 4200; to 4200 in subDict liquid.
In constant/thermophysicalProperties, trying to change parameter Cp in subDict CO2:
	In constant/thermophysicalProperties, I have change val of Cp parameter from 853; to 853 in subDict CO2.
In constant/thermophysicalProperties, trying to change parameter Cp in subDict vapor:
	In constant/thermophysicalProperties, I have change val of Cp parameter from 1878; to 1878 in subDict vapor.
In constant/thermophysicalProperties, trying to change parameter D in subDict transport:
	In constant/thermophysicalProperties, I have change val of D parameter from 5e-06; to 2.6e-05 in subDict transport.
In constant/thermophysicalProperties, trying to change parameter Dl in subDict transport:
	In constant/thermophysicalProperties, I have change val of Dl parameter from 5e-10; to 1.6e-09 in subDict transport.
	In constant/thermophysicalProperties, I have change val of Dl parameter from 2e-11; to 1.6e-09 in subDict transport.
	In constant/thermophysicalProperties, I have change val of Dl parameter from 5e-12; to 1.6e-09 in subDict transport.
	In constant/thermophysicalProperties, I have change val of Dl parameter from 8e-12; to 1.6e-09 in subDict transport.
	In constant/thermophysicalProperties, I have change val of Dl parameter from 2e-11; to 1.6e-09 in subDict transport.
	In constant/thermophysicalProperties, I have change val of Dl parameter from 2e-10; to 1.6e-09 in subDict transport.
	In constant/thermophysicalProperties, I have change val of Dl parameter from 1e-9; to 1.6e-09 in subDict transport.
	In constant/thermophysicalProperties, I have change val of Dl parameter from 5e-10; to 1.6e-09 in subDict transport.
	In constant/thermophysicalProperties, I have change val of Dl parameter from 1.5e-11; to 1.6e-09 in subDict transport.
In constant/reactiveProperties, trying to change parameter kMPCOpen in subDict evaporation:
	In constant/reactiveProperties, I have change val of kMPCOpen parameter from 0.42; to 0.04 in subDict evaporation.
In constant/reactiveProperties, trying to change parameter kMPCClosed in subDict evaporation:
	In constant/reactiveProperties, I have change val of kMPCClosed parameter from 0.42; to 0.04 in subDict evaporation.
In constant/reactiveProperties, trying to change parameter R0 in subDict fermentation:
	In constant/reactiveProperties, I have change val of R0 parameter from 0.0022; to 0.0022 in subDict fermentation.
In constant/reactiveProperties, trying to change parameter Tm in subDict fermentation:
	In constant/reactiveProperties, I have change val of Tm parameter from 314; to 313 in subDict fermentation.
In constant/reactiveProperties, trying to change parameter deltaT in subDict fermentation:
	In constant/reactiveProperties, I have change val of deltaT parameter from 10; to 14 in subDict fermentation.
In system/controlDict, trying to change parameter endTime in subDict :
	In system/controlDict, I have change val of endTime parameter from 900; to 2400 in subDict .
In system/controlDict, trying to change parameter deltaT in subDict :
	In system/controlDict, I have change val of deltaT parameter from 1; to 40 in subDict .
In system/controlDict, trying to change parameter writeInterval in subDict :
	In system/controlDict, I have change val of writeInterval parameter from 20; to 200 in subDict .
	In system/controlDict, I have change val of writeInterval parameter from 20; to 200 in subDict .
In system/fvSolution, trying to change parameter nOuterCorrectors in subDict PIMPLE:
	In system/fvSolution, I have change val of nOuterCorrectors parameter from 250; to 800 in subDict PIMPLE.
In system/fvSolution, trying to change parameter D in subDict fields:
	In system/fvSolution, I have change val of D parameter from 0.1; to 0.2 in subDict fields.
In system/fvSolution, trying to change parameter DFinal in subDict fields:
	In system/fvSolution, I have change val of DFinal parameter from 0.1; to 1 in subDict fields.
In system/fvSolution, trying to change parameter omegaV in subDict fields:
	In system/fvSolution, I have change val of omegaV parameter from 0.1; to 1 in subDict fields.
--> FOAM IOWarning :
    Found [v1012] 'convertToMeters' entry instead of 'scale' in dictionary "system/blockMeshDict"

    This keyword is 156 months old.

Created 'V70_moreIter_FineInMidd_TDep_Dl_1.6e-09_kOp_0.04_kCl_0.04_nu_0.15_mu0_180_muV1_5000_mS_0.0005_lambda_0.42_kH_20_kHB_20_r0_0.0022_per_9e-16.OpenFOAM'
No protocol specified
Traceback (most recent call last):
  File "runBread2DOurExpFreeBread2026Kynuti.py", line 174, in <module>
    outFolder = '../ZZ_cases/2026/V30/exp%d_nonDef_%s/V7%_TBotH_TDep_Dl_%g_kOp_%g_kCl_%g_nu_%g_mu0_%g_muV1_%g_mS_%g_lambda_%g_kH_%g_kHB_%g_r0_%g_per_%g/' % (expNum, str(nonDeform), Dl, kMPCOpen, kMPCClosed, nu, mu0Raw, muV1Raw, mSStep, lambdaS, alphaG, alphaGBottom, R0, perm)
ValueError: unsupported format character '_' (0x5f) at index 40
New OpenFOAMCase has been initialized, starting directory is:
	/butterfly2/hlavatyo/bread/breadBakingFoamTechMathGroup/pyCtrlScripts
OpenFOAMCase.baseCase has been set to :
	../tutorials/bread3DOurExp/
OpenFOAMCase directory has been changed from:
	../tutorials/bread3DOurExp/ to ../ZZ_cases/2026/V30/exp0_nonDef_False/V69_TBotH_TDep_Dl_1.6e-09_kOp_0.04_kCl_0.04_nu_0.15_mu0_180_muV1_5000_mS_0.001_lambda_0.42_kH_20_kHB_25_r0_0.0022_per_9e-16/
OpenFOAMCase.baseDir has been copied to OpenFOAMCase.dir:
	 ../tutorials/bread3DOurExp/ --> ../ZZ_cases/2026/V30/exp0_nonDef_False/V69_TBotH_TDep_Dl_1.6e-09_kOp_0.04_kCl_0.04_nu_0.15_mu0_180_muV1_5000_mS_0.001_lambda_0.42_kH_20_kHB_25_r0_0.0022_per_9e-16/
In 0.org/omegaV, trying to change parameter kM in subDict sides:
	In 0.org/omegaV, I have change val of kM parameter from 0.01; to 0.01 in subDict sides.
In 0.org/omegaV, trying to change parameter kM in subDict bottom:
	In 0.org/omegaV, I have change val of kM parameter from 1e-5; to 0.005 in subDict bottom.
In 0.org/omegaV, trying to change parameter kM in subDict bottom2:
	In 0.org/omegaV, I have change val of kM parameter from 1e-5; to 0.005 in subDict bottom2.
In 0.org/omegaC, trying to change parameter kM in subDict sides:
	In 0.org/omegaC, I have change val of kM parameter from 1e-5; to 0.01 in subDict sides.
In 0.org/omegaC, trying to change parameter kM in subDict bottom:
	In 0.org/omegaC, I have change val of kM parameter from 1e-5; to 0.005 in subDict bottom.
In 0.org/omegaC, trying to change parameter kM in subDict bottom2:
	In 0.org/omegaC, I have change val of kM parameter from 1e-5; to 0.005 in subDict bottom2.
In 0.org/T, trying to change parameter alpha in subDict sides:
	In 0.org/T, I have change val of alpha parameter from 9.5; to 20 in subDict sides.
In 0.org/T, trying to change parameter alpha in subDict bottom:
	In 0.org/T, I have change val of alpha parameter from 9.5; to 25 in subDict bottom.
In 0.org/T, trying to change parameter alpha in subDict bottom2:
	In 0.org/T, I have change val of alpha parameter from 9.5; to 25 in subDict bottom2.
In 0.org/T, trying to change parameter internalField in subDict :
	In 0.org/T, I have change val of internalField parameter from uniform 302.5; to uniform 297 in subDict .
Loading all sheets from: ../Experiments2026/10_02_2026/Lab_test_2026_02_10.xlsm
  Sheet 'DATALOG': 32538 rows × 5 columns
  Sheet 'Data_Termo_1': 11554 rows × 25 columns
  Sheet 'Data_Termo_2': 6241 rows × 25 columns
  Sheet 'Data_Termo_3': 2547 rows × 25 columns
In constant/transportProperties, trying to change parameter withDeformation in subDict :
	In constant/transportProperties, I have change val of withDeformation parameter from 1; to 1 in subDict .
In constant/transportProperties, trying to change parameter permGLViscG in subDict :
	In constant/transportProperties, I have change val of permGLViscG parameter from 9e-13; to 9e-16 in subDict .
In constant/transportProperties, trying to change parameter tortOpen in subDict :
	In constant/transportProperties, I have change val of tortOpen parameter from 2; to 2 in subDict .
In constant/transportProperties, trying to change parameter tortClosed in subDict :
	In constant/transportProperties, I have change val of tortClosed parameter from 10; to 70 in subDict .
In constant/thermophysicalProperties, trying to change parameter lambda in subDict solid:
	In constant/thermophysicalProperties, I have change val of lambda parameter from 0.47; to 0.42 in subDict solid.
In constant/thermophysicalProperties, trying to change parameter rho in subDict solid:
	In constant/thermophysicalProperties, I have change val of rho parameter from 700; to 940 in subDict solid.
In constant/thermophysicalProperties, trying to change parameter Cp in subDict solid:
	In constant/thermophysicalProperties, I have change val of Cp parameter from 600; to 1130 in subDict solid.
In constant/thermophysicalProperties, trying to change parameter Cp in subDict liquid:
	In constant/thermophysicalProperties, I have change val of Cp parameter from 4200; to 4200 in subDict liquid.
In constant/thermophysicalProperties, trying to change parameter Cp in subDict CO2:
	In constant/thermophysicalProperties, I have change val of Cp parameter from 853; to 853 in subDict CO2.
In constant/thermophysicalProperties, trying to change parameter Cp in subDict vapor:
	In constant/thermophysicalProperties, I have change val of Cp parameter from 1878; to 1878 in subDict vapor.
In constant/thermophysicalProperties, trying to change parameter D in subDict transport:
	In constant/thermophysicalProperties, I have change val of D parameter from 5e-06; to 2.6e-05 in subDict transport.
In constant/thermophysicalProperties, trying to change parameter Dl in subDict transport:
	In constant/thermophysicalProperties, I have change val of Dl parameter from 5e-10; to 1.6e-09 in subDict transport.
	In constant/thermophysicalProperties, I have change val of Dl parameter from 2e-11; to 1.6e-09 in subDict transport.
	In constant/thermophysicalProperties, I have change val of Dl parameter from 5e-12; to 1.6e-09 in subDict transport.
	In constant/thermophysicalProperties, I have change val of Dl parameter from 8e-12; to 1.6e-09 in subDict transport.
	In constant/thermophysicalProperties, I have change val of Dl parameter from 2e-11; to 1.6e-09 in subDict transport.
	In constant/thermophysicalProperties, I have change val of Dl parameter from 2e-10; to 1.6e-09 in subDict transport.
	In constant/thermophysicalProperties, I have change val of Dl parameter from 1e-9; to 1.6e-09 in subDict transport.
	In constant/thermophysicalProperties, I have change val of Dl parameter from 5e-10; to 1.6e-09 in subDict transport.
	In constant/thermophysicalProperties, I have change val of Dl parameter from 1.5e-11; to 1.6e-09 in subDict transport.
In constant/reactiveProperties, trying to change parameter kMPCOpen in subDict evaporation:
	In constant/reactiveProperties, I have change val of kMPCOpen parameter from 0.42; to 0.04 in subDict evaporation.
In constant/reactiveProperties, trying to change parameter kMPCClosed in subDict evaporation:
	In constant/reactiveProperties, I have change val of kMPCClosed parameter from 0.42; to 0.04 in subDict evaporation.
In constant/reactiveProperties, trying to change parameter R0 in subDict fermentation:
	In constant/reactiveProperties, I have change val of R0 parameter from 0.0022; to 0.0022 in subDict fermentation.
In constant/reactiveProperties, trying to change parameter Tm in subDict fermentation:
	In constant/reactiveProperties, I have change val of Tm parameter from 314; to 313 in subDict fermentation.
In constant/reactiveProperties, trying to change parameter deltaT in subDict fermentation:
	In constant/reactiveProperties, I have change val of deltaT parameter from 10; to 14 in subDict fermentation.
In system/controlDict, trying to change parameter endTime in subDict :
	In system/controlDict, I have change val of endTime parameter from 900; to 2400 in subDict .
In system/controlDict, trying to change parameter deltaT in subDict :
	In system/controlDict, I have change val of deltaT parameter from 1; to 40 in subDict .
In system/controlDict, trying to change parameter writeInterval in subDict :
	In system/controlDict, I have change val of writeInterval parameter from 20; to 200 in subDict .
	In system/controlDict, I have change val of writeInterval parameter from 20; to 200 in subDict .
In system/fvSolution, trying to change parameter nOuterCorrectors in subDict PIMPLE:
	In system/fvSolution, I have change val of nOuterCorrectors parameter from 250; to 400 in subDict PIMPLE.
In system/fvSolution, trying to change parameter D in subDict fields:
	In system/fvSolution, I have change val of D parameter from 0.1; to 0.1 in subDict fields.
In system/fvSolution, trying to change parameter DFinal in subDict fields:
	In system/fvSolution, I have change val of DFinal parameter from 0.1; to 1 in subDict fields.
In system/fvSolution, trying to change parameter omegaV in subDict fields:
	In system/fvSolution, I have change val of omegaV parameter from 0.1; to 1 in subDict fields.
--> FOAM IOWarning :
    Found [v1012] 'convertToMeters' entry instead of 'scale' in dictionary "system/blockMeshDict"

    This keyword is 156 months old.

Created 'V69_TBotH_TDep_Dl_1.6e-09_kOp_0.04_kCl_0.04_nu_0.15_mu0_180_muV1_5000_mS_0.001_lambda_0.42_kH_20_kHB_25_r0_0.0022_per_9e-16.OpenFOAM'
No protocol specified
No protocol specified
[5] [stack trace]
[5] =============
[5] #1  Foam::sigFpe::sigHandler(int) in /usr/lib/openfoam/openfoam2312/platforms/linux64GccDPInt32Opt/lib/libOpenFOAM.so
[5] #2  ? in /lib/x86_64-linux-gnu/libpthread.so.0
[5] #3  ? in /lib/x86_64-linux-gnu/libm.so.6
[5] #4  powf64 in /lib/x86_64-linux-gnu/libm.so.6
[5] #5  Foam::pow(Foam::Field<double>&, Foam::UList<double> const&, double const&) in /usr/lib/openfoam/openfoam2312/platforms/linux64GccDPInt32Opt/lib/libOpenFOAM.so
[5] #6  void Foam::pow<Foam::fvPatchField, Foam::volMesh>(Foam::GeometricField<double, Foam::fvPatchField, Foam::volMesh>&, Foam::GeometricField<double, Foam::fvPatchField, Foam::volMesh> const&, Foam::dimensioned<double> const&) in ~/OpenFOAM/hlavatyo-v2312/platforms/linux64GccDPInt32Opt/bin/breadBakingFoam
[5] #7  Foam::tmp<Foam::GeometricField<double, Foam::fvPatchField, Foam::volMesh> > Foam::pow<Foam::fvPatchField, Foam::volMesh>(Foam::tmp<Foam::GeometricField<double, Foam::fvPatchField, Foam::volMesh> > const&, Foam::dimensioned<double> const&) in ~/OpenFOAM/hlavatyo-v2312/platforms/linux64GccDPInt32Opt/bin/breadBakingFoam
[5] #8  Foam::tmp<Foam::GeometricField<double, Foam::fvPatchField, Foam::volMesh> > Foam::pow<Foam::fvPatchField, Foam::volMesh>(Foam::tmp<Foam::GeometricField<double, Foam::fvPatchField, Foam::volMesh> > const&, double const&) in ~/OpenFOAM/hlavatyo-v2312/platforms/linux64GccDPInt32Opt/bin/breadBakingFoam
[5] #9  ? in ~/OpenFOAM/hlavatyo-v2312/platforms/linux64GccDPInt32Opt/bin/breadBakingFoam
[5] #10  __libc_start_main in /lib/x86_64-linux-gnu/libc.so.6
[5] #11  ? in ~/OpenFOAM/hlavatyo-v2312/platforms/linux64GccDPInt32Opt/bin/breadBakingFoam
[5] =============
[butterfly:3647222] *** Process received signal ***
[butterfly:3647222] Signal: Floating point exception (8)
[butterfly:3647222] Signal code:  (-6)
[butterfly:3647222] Failing at address: 0x1980037a6f6
[butterfly:3647222] [ 0] /lib/x86_64-linux-gnu/libpthread.so.0(+0x14420)[0x14fa7781d420]
[butterfly:3647222] [ 1] /lib/x86_64-linux-gnu/libpthread.so.0(raise+0xcb)[0x14fa7781d2ab]
[butterfly:3647222] [ 2] /lib/x86_64-linux-gnu/libpthread.so.0(+0x14420)[0x14fa7781d420]
[butterfly:3647222] [ 3] /lib/x86_64-linux-gnu/libm.so.6(+0x7c470)[0x14fa778c5470]
[butterfly:3647222] [ 4] /lib/x86_64-linux-gnu/libm.so.6(powf64+0x18)[0x14fa7788a278]
[butterfly:3647222] [ 5] /usr/lib/openfoam/openfoam2312/platforms/linux64GccDPInt32Opt/lib/libOpenFOAM.so(_ZN4Foam3powERNS_5FieldIdEERKNS_5UListIdEERKd+0x39)[0x14fa784a3b09]
[butterfly:3647222] [ 6] breadBakingFoam(_ZN4Foam3powINS_12fvPatchFieldENS_7volMeshEEEvRNS_14GeometricFieldIdT_T0_EERKS6_RKNS_11dimensionedIdEE+0x4c)[0x55f2e01aacbc]
[butterfly:3647222] [ 7] breadBakingFoam(_ZN4Foam3powINS_12fvPatchFieldENS_7volMeshEEENS_3tmpINS_14GeometricFieldIdT_T0_EEEERKS8_RKNS_11dimensionedIdEE+0x2a3)[0x55f2e02049c3]
[butterfly:3647222] [ 8] breadBakingFoam(_ZN4Foam3powINS_12fvPatchFieldENS_7volMeshEEENS_3tmpINS_14GeometricFieldIdT_T0_EEEERKS8_RKd+0x5f)[0x55f2e0204bff]
[butterfly:3647222] [ 9] breadBakingFoam(+0x3ce5f)[0x55f2e0183e5f]
[butterfly:3647222] [10] /lib/x86_64-linux-gnu/libc.so.6(__libc_start_main+0xf3)[0x14fa7763b083]
[butterfly:3647222] [11] breadBakingFoam(+0x4b06e)[0x55f2e019206e]
[butterfly:3647222] *** End of error message ***
--------------------------------------------------------------------------
Primary job  terminated normally, but 1 process returned
a non-zero exit code. Per user-direction, the job has been aborted.
--------------------------------------------------------------------------
--------------------------------------------------------------------------
mpirun noticed that process rank 5 with PID 0 on node butterfly exited on signal 8 (Floating point exception).
--------------------------------------------------------------------------
No protocol specified
[2] [stack trace]
[2] =============
[2] #1  Foam::sigFpe::sigHandler(int) in /usr/lib/openfoam/openfoam2312/platforms/linux64GccDPInt32Opt/lib/libOpenFOAM.so
[2] #2  ? in /lib/x86_64-linux-gnu/libpthread.so.0
[2] #3  ? in /lib/x86_64-linux-gnu/libm.so.6
[2] #4  powf64 in /lib/x86_64-linux-gnu/libm.so.6
[2] #5  Foam::pow(Foam::Field<double>&, Foam::UList<double> const&, double const&) in /usr/lib/openfoam/openfoam2312/platforms/linux64GccDPInt32Opt/lib/libOpenFOAM.so
[2] #6  void Foam::pow<Foam::fvPatchField, Foam::volMesh>(Foam::GeometricField<double, Foam::fvPatchField, Foam::volMesh>&, Foam::GeometricField<double, Foam::fvPatchField, Foam::volMesh> const&, Foam::dimensioned<double> const&) in ~/OpenFOAM/hlavatyo-v2312/platforms/linux64GccDPInt32Opt/bin/breadBakingFoam
[2] #7  Foam::tmp<Foam::GeometricField<double, Foam::fvPatchField, Foam::volMesh> > Foam::pow<Foam::fvPatchField, Foam::volMesh>(Foam::tmp<Foam::GeometricField<double, Foam::fvPatchField, Foam::volMesh> > const&, Foam::dimensioned<double> const&) in ~/OpenFOAM/hlavatyo-v2312/platforms/linux64GccDPInt32Opt/bin/breadBakingFoam
[2] #8  Foam::tmp<Foam::GeometricField<double, Foam::fvPatchField, Foam::volMesh> > Foam::pow<Foam::fvPatchField, Foam::volMesh>(Foam::tmp<Foam::GeometricField<double, Foam::fvPatchField, Foam::volMesh> > const&, double const&) in ~/OpenFOAM/hlavatyo-v2312/platforms/linux64GccDPInt32Opt/bin/breadBakingFoam
[2] #9  ? in ~/OpenFOAM/hlavatyo-v2312/platforms/linux64GccDPInt32Opt/bin/breadBakingFoam
[2] #10  __libc_start_main in /lib/x86_64-linux-gnu/libc.so.6
[2] #11  ? in ~/OpenFOAM/hlavatyo-v2312/platforms/linux64GccDPInt32Opt/bin/breadBakingFoam
[2] =============
[butterfly:3656008] *** Process received signal ***
[butterfly:3656008] Signal: Floating point exception (8)
[butterfly:3656008] Signal code:  (-6)
[butterfly:3656008] Failing at address: 0x1980037c948
[butterfly:3656008] [ 0] /lib/x86_64-linux-gnu/libpthread.so.0(+0x14420)[0x15215259a420]
[butterfly:3656008] [ 1] /lib/x86_64-linux-gnu/libpthread.so.0(raise+0xcb)[0x15215259a2ab]
[butterfly:3656008] [ 2] /lib/x86_64-linux-gnu/libpthread.so.0(+0x14420)[0x15215259a420]
[butterfly:3656008] [ 3] /lib/x86_64-linux-gnu/libm.so.6(+0x7c470)[0x152152642470]
[butterfly:3656008] [ 4] /lib/x86_64-linux-gnu/libm.so.6(powf64+0x18)[0x152152607278]
[butterfly:3656008] [ 5] /usr/lib/openfoam/openfoam2312/platforms/linux64GccDPInt32Opt/lib/libOpenFOAM.so(_ZN4Foam3powERNS_5FieldIdEERKNS_5UListIdEERKd+0x39)[0x152153220b09]
[butterfly:3656008] [ 6] breadBakingFoam(_ZN4Foam3powINS_12fvPatchFieldENS_7volMeshEEEvRNS_14GeometricFieldIdT_T0_EERKS6_RKNS_11dimensionedIdEE+0x4c)[0x55b9c7edbcbc]
[butterfly:3656008] [ 7] breadBakingFoam(_ZN4Foam3powINS_12fvPatchFieldENS_7volMeshEEENS_3tmpINS_14GeometricFieldIdT_T0_EEEERKS8_RKNS_11dimensionedIdEE+0x2a3)[0x55b9c7f359c3]
[butterfly:3656008] [ 8] breadBakingFoam(_ZN4Foam3powINS_12fvPatchFieldENS_7volMeshEEENS_3tmpINS_14GeometricFieldIdT_T0_EEEERKS8_RKd+0x5f)[0x55b9c7f35bff]
[butterfly:3656008] [ 9] breadBakingFoam(+0x3ce5f)[0x55b9c7eb4e5f]
[butterfly:3656008] [10] /lib/x86_64-linux-gnu/libc.so.6(__libc_start_main+0xf3)[0x1521523b8083]
[butterfly:3656008] [11] breadBakingFoam(+0x4b06e)[0x55b9c7ec306e]
[butterfly:3656008] *** End of error message ***
--------------------------------------------------------------------------
Primary job  terminated normally, but 1 process returned
a non-zero exit code. Per user-direction, the job has been aborted.
--------------------------------------------------------------------------
--------------------------------------------------------------------------
mpirun noticed that process rank 2 with PID 0 on node butterfly exited on signal 8 (Floating point exception).
--------------------------------------------------------------------------
No protocol specified
No protocol specified
No protocol specified
No protocol specified
No protocol specified
No protocol specified
In system/fvSolution, trying to change parameter omegaC in subDict fields:
	In system/fvSolution, I have change val of omegaC parameter from 0.1; to 1 in subDict fields.
In system/fvSolution, trying to change parameter pG in subDict fields:
	In system/fvSolution, I have change val of pG parameter from 0.1; to 1 in subDict fields.
In constant/mechanicalProperties, trying to change parameter E in subDict bread:
	In constant/mechanicalProperties, I have change val of E parameter from 12000; to 30000 in subDict bread.
In constant/mechanicalProperties, trying to change parameter mu0Raw in subDict bread:
	In constant/mechanicalProperties, I have change val of mu0Raw parameter from 300; to 180 in subDict bread.
In constant/mechanicalProperties, trying to change parameter kappa0Raw in subDict bread:
	In constant/mechanicalProperties, I have change val of kappa0Raw parameter from 1000; to 77.14285714285715 in subDict bread.
In constant/mechanicalProperties, trying to change parameter muV1Raw in subDict bread:
	In constant/mechanicalProperties, I have change val of muV1Raw parameter from 3000; to 5000 in subDict bread.
In constant/mechanicalProperties, trying to change parameter muV2Raw in subDict bread:
	In constant/mechanicalProperties, I have change val of muV2Raw parameter from 3000; to 0 in subDict bread.
In constant/mechanicalProperties, trying to change parameter kappaVRaw in subDict bread:
	In constant/mechanicalProperties, I have change val of kappaVRaw parameter from 6000; to 0 in subDict bread.
In constant/mechanicalProperties, trying to change parameter mu0Baked in subDict bread:
	In constant/mechanicalProperties, I have change val of mu0Baked parameter from 12500; to 3240 in subDict bread.
In constant/mechanicalProperties, trying to change parameter kappa0Baked in subDict bread:
	In constant/mechanicalProperties, I have change val of kappa0Baked parameter from 40000; to 1388.5714285714287 in subDict bread.
In constant/mechanicalProperties, trying to change parameter tau1 in subDict bread:
	In constant/mechanicalProperties, I have change val of tau1 parameter from 1; to 2 in subDict bread.
In constant/mechanicalProperties, trying to change parameter tau2 in subDict bread:
	In constant/mechanicalProperties, I have change val of tau2 parameter from 1; to 1 in subDict bread.
In constant/mechanicalProperties, trying to change parameter tGelat in subDict bread:
	In constant/mechanicalProperties, I have change val of tGelat parameter from 65; to 65 in subDict bread.
I will execute commands in ../ZZ_cases/2026/V30/exp0_nonDef_False/V69_TBotH_TDep_Dl_1.6e-09_kOp_0.04_kCl_0.04_nu_0.15_mu0_180_muV1_5000_mS_0.001_lambda_0.42_kH_20_kHB_25_r0_0.0022_per_9e-16/:
	1. chmod 755 ./* -R
	2. blockMesh > log.blockMesh
I will execute commands in ../ZZ_cases/2026/V30/exp0_nonDef_False/V69_TBotH_TDep_Dl_1.6e-09_kOp_0.04_kCl_0.04_nu_0.15_mu0_180_muV1_5000_mS_0.001_lambda_0.42_kH_20_kHB_25_r0_0.0022_per_9e-16/:
	1. extrudeMesh > log.extrudeMesh
	2. rm -rf 0
	3. cp -r 0.org 0
	4. paraFoam -touch
In system/decomposeParDict, trying to change parameter numberOfSubdomains in subDict :
	In system/decomposeParDict, I have change val of numberOfSubdomains parameter from 2; to 8 in subDict .
I will execute commands in ../ZZ_cases/2026/V30/exp0_nonDef_False/V69_TBotH_TDep_Dl_1.6e-09_kOp_0.04_kCl_0.04_nu_0.15_mu0_180_muV1_5000_mS_0.001_lambda_0.42_kH_20_kHB_25_r0_0.0022_per_9e-16/:
	1. decomposePar > log.decomposePar
	2. foamJob -parallel -screen breadBakingFoam > log.breadBakingFoam
In system/controlDict, trying to change parameter endTime in subDict :
	In system/controlDict, I have change val of endTime parameter from 2400; to 2850 in subDict .
In system/controlDict, trying to change parameter deltaT in subDict :
	In system/controlDict, I have change val of deltaT parameter from 40; to 0.5 in subDict .
In system/fvSolution, trying to change parameter nOuterCorrectors in subDict PIMPLE:
	In system/fvSolution, I have change val of nOuterCorrectors parameter from 400; to 150 in subDict PIMPLE.
In system/fvSolution, trying to change parameter omegaV in subDict fields:
	In system/fvSolution, I have change val of omegaV parameter from 1; to 0.8 in subDict fields.
In system/fvSolution, trying to change parameter omegaC in subDict fields:
	In system/fvSolution, I have change val of omegaC parameter from 1; to 0.8 in subDict fields.
In system/fvSolution, trying to change parameter D in subDict fields:
	In system/fvSolution, I have change val of D parameter from 0.1; to 0.2 in subDict fields.
In system/fvSolution, trying to change parameter pG in subDict fields:
	In system/fvSolution, I have change val of pG parameter from 1; to 0.8 in subDict fields.
In system/controlDict, trying to change parameter writeInterval in subDict :
	In system/controlDict, I have change val of writeInterval parameter from 200; to 30 in subDict .
	In system/controlDict, I have change val of writeInterval parameter from 200; to 30 in subDict .
I will execute commands in ../ZZ_cases/2026/V30/exp0_nonDef_False/V69_TBotH_TDep_Dl_1.6e-09_kOp_0.04_kCl_0.04_nu_0.15_mu0_180_muV1_5000_mS_0.001_lambda_0.42_kH_20_kHB_25_r0_0.0022_per_9e-16/:
	1. foamJob -parallel -screen breadBakingFoam > log.breadBakingFoam_2
In system/controlDict, trying to change parameter endTime in subDict :
	In system/controlDict, I have change val of endTime parameter from 2850; to 3650 in subDict .
In system/controlDict, trying to change parameter deltaT in subDict :
	In system/controlDict, I have change val of deltaT parameter from 0.5; to 1 in subDict .
In constant/transportProperties, trying to change parameter withDeformation in subDict :
	In constant/transportProperties, I have change val of withDeformation parameter from 1; to 0 in subDict .
In system/fvSolution, trying to change parameter omegaV in subDict fields:
	In system/fvSolution, I have change val of omegaV parameter from 0.8; to 0.1 in subDict fields.
In system/fvSolution, trying to change parameter omegaC in subDict fields:
	In system/fvSolution, I have change val of omegaC parameter from 0.8; to 0.1 in subDict fields.
In system/fvSolution, trying to change parameter T in subDict fields:
	In system/fvSolution, I have change val of T parameter from 1; to 0.1 in subDict fields.
	In system/fvSolution, I have change val of T parameter from 0.5; to 0.1 in subDict fields.
In system/fvSolution, trying to change parameter pG in subDict fields:
	In system/fvSolution, I have change val of pG parameter from 0.8; to 0.1 in subDict fields.
In system/fvSolution, trying to change parameter nOuterCorrectors in subDict PIMPLE:
	In system/fvSolution, I have change val of nOuterCorrectors parameter from 150; to 50 in subDict PIMPLE.
I will execute commands in ../ZZ_cases/2026/V30/exp0_nonDef_False/V69_TBotH_TDep_Dl_1.6e-09_kOp_0.04_kCl_0.04_nu_0.15_mu0_180_muV1_5000_mS_0.001_lambda_0.42_kH_20_kHB_25_r0_0.0022_per_9e-16/:
	1. foamJob -parallel -screen breadBakingFoam > log.breadBakingFoam_3
Found OpenFOAMCase parallel times are:
	[2700.0, 2790.0, 3120.0, 0.0, 2820.0, 3450.0, 2640.0, 3630.0, 1000.0, 3540.0, 3510.0, 2910.0, 3300.0, 3600.0, 2730.0, 3150.0, 2460.0, 3390.0, 800.0, 2400.0, 2580.0, 1600.0, 2760.0, 2000.0, 3000.0, 2430.0, 3270.0, 1200.0, 2670.0, 1400.0, 3060.0, 1800.0, 2520.0, 3360.0, 2850.0, 2940.0, 2490.0, 3210.0, 3420.0, 2610.0, 2880.0, 200.0, 2970.0, 3240.0, 2200.0, 2550.0, 400.0, 3330.0, 3030.0, 3180.0, 3480.0, 600.0, 3090.0, 3570.0],
latestTime:
	3630
I will execute commands in ../ZZ_cases/2026/V30/exp0_nonDef_False/V69_TBotH_TDep_Dl_1.6e-09_kOp_0.04_kCl_0.04_nu_0.15_mu0_180_muV1_5000_mS_0.001_lambda_0.42_kH_20_kHB_25_r0_0.0022_per_9e-16/:
	1. rm -rf processor*/0
	2. foamJob -parallel -screen postProcess -func "probeOur" -dict system/probeOur > log.postProcess
	3. foamJob -parallel -screen TLFProbe -point "(1e-3 1e-3 0)" > log.TPoint6
	4. foamJob -parallel -screen intMoisture > log.intMoisture
	5. foamJob -parallel -screen intWeigth > log.intWeigth
	6. foamJob -parallel -screen getBoundPoints > log.getBoundPoints
No protocol specified
No protocol specified
No protocol specified
No protocol specified
I will execute commands in ../ZZ_cases/2026/V30/exp0_nonDef_False/V69_TBotH_TDep_Dl_1.6e-09_kOp_0.04_kCl_0.04_nu_0.15_mu0_180_muV1_5000_mS_0.001_lambda_0.42_kH_20_kHB_25_r0_0.0022_per_9e-16/:
	1. foamJob -parallel -screen TLFProbe -point "(0.0445 0.03128 0)" > log.TPoint1
I will execute commands in ../ZZ_cases/2026/V30/exp0_nonDef_False/V69_TBotH_TDep_Dl_1.6e-09_kOp_0.04_kCl_0.04_nu_0.15_mu0_180_muV1_5000_mS_0.001_lambda_0.42_kH_20_kHB_25_r0_0.0022_per_9e-16/:
	1. foamJob -parallel -screen TLFProbe -point "(0.0435 0.010417 0)" > log.TPoint2
I will execute commands in ../ZZ_cases/2026/V30/exp0_nonDef_False/V69_TBotH_TDep_Dl_1.6e-09_kOp_0.04_kCl_0.04_nu_0.15_mu0_180_muV1_5000_mS_0.001_lambda_0.42_kH_20_kHB_25_r0_0.0022_per_9e-16/:
	1. foamJob -parallel -screen TLFProbe -point "(0.0336 0.025907 0)" > log.TPoint3
I will execute commands in ../ZZ_cases/2026/V30/exp0_nonDef_False/V69_TBotH_TDep_Dl_1.6e-09_kOp_0.04_kCl_0.04_nu_0.15_mu0_180_muV1_5000_mS_0.001_lambda_0.42_kH_20_kHB_25_r0_0.0022_per_9e-16/:
	1. foamJob -parallel -screen TLFProbe -point "(0.0146 0.047604 0)" > log.TPoint4
Loading all sheets from: ../Experiments2026/10_02_2026/Lab_test_2026_02_10.xlsm
  Sheet 'DATALOG': 32538 rows × 5 columns
  Sheet 'Data_Termo_1': 11554 rows × 25 columns
  Sheet 'Data_Termo_2': 6241 rows × 25 columns
  Sheet 'Data_Termo_3': 2547 rows × 25 columns
Loading all sheets from: ../Experiments2026/10_02_2026/Exp_2/opcua_log_20260210_144124.xlsx
  Sheet 'Sheet1': 1338 rows × 8 columns
Loading all sheets from: ../Experiments2026/10_02_2026/Lab_test_2026_02_10.xlsm
  Sheet 'DATALOG': 32538 rows × 5 columns
  Sheet 'Data_Termo_1': 11554 rows × 25 columns
  Sheet 'Data_Termo_2': 6241 rows × 25 columns
  Sheet 'Data_Termo_3': 2547 rows × 25 columns
Loading all sheets from: ../Experiments2026/10_02_2026/Exp_3/opcua_log_20260210_153553.xlsx
  Sheet 'Sheet1': 893 rows × 8 columns
Loading all sheets from: ../Experiments2026/11_02_2026/Lab_test_2026_02_11.xlsm
  Sheet 'Thermometers': 19 rows × 10 columns
  Sheet 'DATALOG': 19196 rows × 5 columns
  Sheet 'Data_Termo_1': 14022 rows × 25 columns
  Sheet 'Data_Termo_2': 10978 rows × 25 columns
  Sheet 'Data_Termo_3': 7613 rows × 25 columns
  Sheet 'Data_Termo_4': 3804 rows × 25 columns
Loading all sheets from: ../Experiments2026/11_02_2026/Exp_1/opcua_log_20260211_115313.xlsx
  Sheet 'Sheet1': 767 rows × 8 columns
Loading all sheets from: ../Experiments2026/11_02_2026/Lab_test_2026_02_11.xlsm
  Sheet 'Thermometers': 19 rows × 10 columns
  Sheet 'DATALOG': 19196 rows × 5 columns
  Sheet 'Data_Termo_1': 14022 rows × 25 columns
  Sheet 'Data_Termo_2': 10978 rows × 25 columns
  Sheet 'Data_Termo_3': 7613 rows × 25 columns
  Sheet 'Data_Termo_4': 3804 rows × 25 columns
Loading all sheets from: ../Experiments2026/11_02_2026/Exp_2/opcua_log_20260211_125251.xlsx
  Sheet 'Sheet1': 836 rows × 8 columns
Loading all sheets from: ../Experiments2026/11_02_2026/Lab_test_2026_02_11.xlsm
  Sheet 'Thermometers': 19 rows × 10 columns
  Sheet 'DATALOG': 19196 rows × 5 columns
  Sheet 'Data_Termo_1': 14022 rows × 25 columns
  Sheet 'Data_Termo_2': 10978 rows × 25 columns
  Sheet 'Data_Termo_3': 7613 rows × 25 columns
  Sheet 'Data_Termo_4': 3804 rows × 25 columns
Loading all sheets from: ../Experiments2026/11_02_2026/Exp_3/opcua_log_20260211_135519.xlsx
  Sheet 'Sheet1': 773 rows × 8 columns
Loading all sheets from: ../Experiments2026/11_02_2026/Lab_test_2026_02_11.xlsm
  Sheet 'Thermometers': 19 rows × 10 columns
  Sheet 'DATALOG': 19196 rows × 5 columns
  Sheet 'Data_Termo_1': 14022 rows × 25 columns
  Sheet 'Data_Termo_2': 10978 rows × 25 columns
  Sheet 'Data_Termo_3': 7613 rows × 25 columns
  Sheet 'Data_Termo_4': 3804 rows × 25 columns
Loading all sheets from: ../Experiments2026/11_02_2026/Exp_4/opcua_log_20260211_150638.xlsx
  Sheet 'Sheet1': 907 rows × 8 columns
[[2.00000000e+02 2.61674394e-03]
 [4.00000000e+02 2.61674514e-03]
 [6.00000000e+02 2.61674664e-03]
 [8.00000000e+02 2.61674847e-03]
 [1.00000000e+03 2.61675069e-03]
 [1.20000000e+03 2.61675335e-03]
 [1.40000000e+03 2.61675650e-03]
 [1.60000000e+03 2.61676020e-03]
 [1.80000000e+03 2.61676451e-03]
 [2.00000000e+03 2.61676950e-03]
 [2.20000000e+03 2.61677526e-03]
 [2.40000000e+03 2.61678186e-03]
 [2.43000000e+03 2.61678724e-03]
 [2.46000000e+03 2.61679820e-03]
 [2.49000000e+03 2.61681657e-03]
 [2.52000000e+03 2.61684373e-03]
 [2.55000000e+03 2.61687939e-03]
 [2.58000000e+03 2.61692213e-03]
 [2.61000000e+03 2.61697367e-03]
 [2.64000000e+03 2.61703750e-03]
 [2.67000000e+03 2.61711692e-03]
 [2.70000000e+03 2.61721823e-03]
 [2.73000000e+03 2.61735157e-03]
 [2.76000000e+03 2.61752940e-03]
 [2.79000000e+03 2.61774718e-03]
 [2.82000000e+03 2.61799660e-03]
 [2.85000000e+03 2.61811926e-03]
 [2.88000000e+03 2.61823026e-03]
 [2.91000000e+03 2.61833955e-03]
 [2.94000000e+03 2.61843879e-03]
 [2.97000000e+03 2.61853716e-03]
 [3.00000000e+03 2.61862852e-03]
 [3.03000000e+03 2.61871987e-03]
 [3.06000000e+03 2.61880563e-03]
 [3.09000000e+03 2.61889077e-03]
 [3.12000000e+03 2.61897113e-03]
 [3.15000000e+03 2.61904880e-03]
 [3.18000000e+03 2.61912505e-03]
 [3.21000000e+03 2.61919708e-03]
 [3.24000000e+03 2.61926632e-03]
 [3.27000000e+03 2.61933261e-03]
 [3.30000000e+03 2.61939475e-03]
 [3.33000000e+03 2.61945232e-03]
 [3.36000000e+03 2.61950606e-03]
 [3.39000000e+03 2.61955427e-03]
 [3.42000000e+03 2.61959568e-03]
 [3.45000000e+03 2.61963335e-03]
 [3.48000000e+03 2.61966836e-03]
 [3.51000000e+03 2.61970084e-03]
 [3.54000000e+03 2.61973023e-03]
 [3.57000000e+03 2.61975851e-03]
 [3.60000000e+03 2.61978429e-03]
 [3.63000000e+03 2.61980846e-03]]
(53, 2)
[3] [stack trace]
[3] =============
[3] #1  Foam::sigFpe::sigHandler(int) in /usr/lib/openfoam/openfoam2312/platforms/linux64GccDPInt32Opt/lib/libOpenFOAM.so
[3] #2  ? in /lib/x86_64-linux-gnu/libpthread.so.0
[3] #3  ? in /lib/x86_64-linux-gnu/libm.so.6
[3] #4  Foam::log(Foam::Field<double>&, Foam::UList<double> const&) in /usr/lib/openfoam/openfoam2312/platforms/linux64GccDPInt32Opt/lib/libOpenFOAM.so
[3] #5  void Foam::log<Foam::fvPatchField, Foam::volMesh>(Foam::GeometricField<double, Foam::fvPatchField, Foam::volMesh>&, Foam::GeometricField<double, Foam::fvPatchField, Foam::volMesh> const&) in /usr/lib/openfoam/openfoam2312/platforms/linux64GccDPInt32Opt/lib/libfiniteVolume.so
[3] #6  Foam::tmp<Foam::GeometricField<double, Foam::fvPatchField, Foam::volMesh> > Foam::log<Foam::fvPatchField, Foam::volMesh>(Foam::GeometricField<double, Foam::fvPatchField, Foam::volMesh> const&) in ~/OpenFOAM/hlavatyo-v2312/platforms/linux64GccDPInt32Opt/lib/libsolids4FoamModels.so
[3] #7  Foam::viscoBread::correct(Foam::GeometricField<Foam::SymmTensor<double>, Foam::fvPatchField, Foam::volMesh>&) in ~/OpenFOAM/hlavatyo-v2312/platforms/linux64GccDPInt32Opt/lib/libsolids4FoamModels.so
[3] #8  Foam::solidModels::breadBakingSolid::evolve() in ~/OpenFOAM/hlavatyo-v2312/platforms/linux64GccDPInt32Opt/lib/libsolids4FoamModels.so
[3] #9  ? in ~/OpenFOAM/hlavatyo-v2312/platforms/linux64GccDPInt32Opt/bin/breadBakingFoam
[3] #10  __libc_start_main in /lib/x86_64-linux-gnu/libc.so.6
[3] #11  ? in ~/OpenFOAM/hlavatyo-v2312/platforms/linux64GccDPInt32Opt/bin/breadBakingFoam
[3] =============
[butterfly:3660280] *** Process received signal ***
[butterfly:3660280] Signal: Floating point exception (8)
[butterfly:3660280] Signal code:  (-6)
[butterfly:3660280] Failing at address: 0x1980037d9f8
[butterfly:3660280] [ 0] /lib/x86_64-linux-gnu/libpthread.so.0(+0x14420)[0x146c015f3420]
[butterfly:3660280] [ 1] /lib/x86_64-linux-gnu/libpthread.so.0(raise+0xcb)[0x146c015f32ab]
[butterfly:3660280] [ 2] /lib/x86_64-linux-gnu/libpthread.so.0(+0x14420)[0x146c015f3420]
[butterfly:3660280] [ 3] /lib/x86_64-linux-gnu/libm.so.6(+0x7c470)[0x146c0169b470]
[butterfly:3660280] [ 4] /usr/lib/openfoam/openfoam2312/platforms/linux64GccDPInt32Opt/lib/libOpenFOAM.so(_ZN4Foam3logERNS_5FieldIdEERKNS_5UListIdEE+0x33)[0x146c0227a2c3]
[butterfly:3660280] [ 5] /usr/lib/openfoam/openfoam2312/platforms/linux64GccDPInt32Opt/lib/libfiniteVolume.so(_ZN4Foam3logINS_12fvPatchFieldENS_7volMeshEEEvRNS_14GeometricFieldIdT_T0_EERKS6_+0x45)[0x146c06871665]
[butterfly:3660280] [ 6] /butterfly1/hlavatyo/OpenFOAM/hlavatyo-v2312/platforms/linux64GccDPInt32Opt/lib/libsolids4FoamModels.so(_ZN4Foam3logINS_12fvPatchFieldENS_7volMeshEEENS_3tmpINS_14GeometricFieldIdT_T0_EEEERKS7_+0x183)[0x146c02dad463]
[butterfly:3660280] [ 7] /butterfly1/hlavatyo/OpenFOAM/hlavatyo-v2312/platforms/linux64GccDPInt32Opt/lib/libsolids4FoamModels.so(_ZN4Foam10viscoBread7correctERNS_14GeometricFieldINS_10SymmTensorIdEENS_12fvPatchFieldENS_7volMeshEEE+0xf06)[0x146c02da6576]
[butterfly:3660280] [ 8] /butterfly1/hlavatyo/OpenFOAM/hlavatyo-v2312/platforms/linux64GccDPInt32Opt/lib/libsolids4FoamModels.so(_ZN4Foam11solidModels16breadBakingSolid6evolveEv+0x44f)[0x146c02b08dcf]
[butterfly:3660280] [ 9] breadBakingFoam(+0x45db5)[0x56166fa7adb5]
[butterfly:3660280] [10] /lib/x86_64-linux-gnu/libc.so.6(__libc_start_main+0xf3)[0x146c01411083]
[butterfly:3660280] [11] breadBakingFoam(+0x4b06e)[0x56166fa8006e]
[butterfly:3660280] *** End of error message ***
--------------------------------------------------------------------------
Primary job  terminated normally, but 1 process returned
a non-zero exit code. Per user-direction, the job has been aborted.
--------------------------------------------------------------------------
--------------------------------------------------------------------------
mpirun noticed that process rank 3 with PID 0 on node butterfly exited on signal 8 (Floating point exception).
--------------------------------------------------------------------------
No protocol specified
No protocol specified
No protocol specified
No protocol specified
No protocol specified
No protocol specified
In system/fvSolution, trying to change parameter omegaC in subDict fields:
	In system/fvSolution, I have change val of omegaC parameter from 0.1; to 1 in subDict fields.
In system/fvSolution, trying to change parameter pG in subDict fields:
	In system/fvSolution, I have change val of pG parameter from 0.1; to 1 in subDict fields.
In constant/mechanicalProperties, trying to change parameter E in subDict bread:
	In constant/mechanicalProperties, I have change val of E parameter from 12000; to 30000 in subDict bread.
In constant/mechanicalProperties, trying to change parameter mu0Raw in subDict bread:
	In constant/mechanicalProperties, I have change val of mu0Raw parameter from 300; to 180 in subDict bread.
In constant/mechanicalProperties, trying to change parameter kappa0Raw in subDict bread:
	In constant/mechanicalProperties, I have change val of kappa0Raw parameter from 1000; to 77.14285714285715 in subDict bread.
In constant/mechanicalProperties, trying to change parameter muV1Raw in subDict bread:
	In constant/mechanicalProperties, I have change val of muV1Raw parameter from 3000; to 5000 in subDict bread.
In constant/mechanicalProperties, trying to change parameter muV2Raw in subDict bread:
	In constant/mechanicalProperties, I have change val of muV2Raw parameter from 3000; to 0 in subDict bread.
In constant/mechanicalProperties, trying to change parameter kappaVRaw in subDict bread:
	In constant/mechanicalProperties, I have change val of kappaVRaw parameter from 6000; to 0 in subDict bread.
In constant/mechanicalProperties, trying to change parameter mu0Baked in subDict bread:
	In constant/mechanicalProperties, I have change val of mu0Baked parameter from 12500; to 3240 in subDict bread.
In constant/mechanicalProperties, trying to change parameter kappa0Baked in subDict bread:
	In constant/mechanicalProperties, I have change val of kappa0Baked parameter from 40000; to 1388.5714285714287 in subDict bread.
In constant/mechanicalProperties, trying to change parameter tau1 in subDict bread:
	In constant/mechanicalProperties, I have change val of tau1 parameter from 1; to 2 in subDict bread.
In constant/mechanicalProperties, trying to change parameter tau2 in subDict bread:
	In constant/mechanicalProperties, I have change val of tau2 parameter from 1; to 1 in subDict bread.
In constant/mechanicalProperties, trying to change parameter tGelat in subDict bread:
	In constant/mechanicalProperties, I have change val of tGelat parameter from 65; to 65 in subDict bread.
I will execute commands in ../ZZ_cases/2026/V30/exp0_nonDef_False/V70_moreIter_FineInMidd_TDep_Dl_1.6e-09_kOp_0.04_kCl_0.04_nu_0.15_mu0_180_muV1_5000_mS_0.0005_lambda_0.42_kH_20_kHB_20_r0_0.0022_per_9e-16/:
	1. chmod 755 ./* -R
	2. blockMesh > log.blockMesh
I will execute commands in ../ZZ_cases/2026/V30/exp0_nonDef_False/V70_moreIter_FineInMidd_TDep_Dl_1.6e-09_kOp_0.04_kCl_0.04_nu_0.15_mu0_180_muV1_5000_mS_0.0005_lambda_0.42_kH_20_kHB_20_r0_0.0022_per_9e-16/:
	1. extrudeMesh > log.extrudeMesh
	2. rm -rf 0
	3. cp -r 0.org 0
	4. paraFoam -touch
In system/decomposeParDict, trying to change parameter numberOfSubdomains in subDict :
	In system/decomposeParDict, I have change val of numberOfSubdomains parameter from 2; to 8 in subDict .
I will execute commands in ../ZZ_cases/2026/V30/exp0_nonDef_False/V70_moreIter_FineInMidd_TDep_Dl_1.6e-09_kOp_0.04_kCl_0.04_nu_0.15_mu0_180_muV1_5000_mS_0.0005_lambda_0.42_kH_20_kHB_20_r0_0.0022_per_9e-16/:
	1. decomposePar > log.decomposePar
	2. foamJob -parallel -screen breadBakingFoam > log.breadBakingFoam
In system/controlDict, trying to change parameter endTime in subDict :
	In system/controlDict, I have change val of endTime parameter from 2400; to 2850 in subDict .
In system/controlDict, trying to change parameter deltaT in subDict :
	In system/controlDict, I have change val of deltaT parameter from 40; to 0.5 in subDict .
In system/fvSolution, trying to change parameter nOuterCorrectors in subDict PIMPLE:
	In system/fvSolution, I have change val of nOuterCorrectors parameter from 800; to 300 in subDict PIMPLE.
In system/fvSolution, trying to change parameter omegaV in subDict fields:
	In system/fvSolution, I have change val of omegaV parameter from 1; to 0.8 in subDict fields.
In system/fvSolution, trying to change parameter omegaC in subDict fields:
	In system/fvSolution, I have change val of omegaC parameter from 1; to 0.8 in subDict fields.
In system/fvSolution, trying to change parameter D in subDict fields:
	In system/fvSolution, I have change val of D parameter from 0.2; to 0.2 in subDict fields.
In system/fvSolution, trying to change parameter pG in subDict fields:
	In system/fvSolution, I have change val of pG parameter from 1; to 0.8 in subDict fields.
In system/controlDict, trying to change parameter writeInterval in subDict :
	In system/controlDict, I have change val of writeInterval parameter from 200; to 30 in subDict .
	In system/controlDict, I have change val of writeInterval parameter from 200; to 30 in subDict .
I will execute commands in ../ZZ_cases/2026/V30/exp0_nonDef_False/V70_moreIter_FineInMidd_TDep_Dl_1.6e-09_kOp_0.04_kCl_0.04_nu_0.15_mu0_180_muV1_5000_mS_0.0005_lambda_0.42_kH_20_kHB_20_r0_0.0022_per_9e-16/:
	1. foamJob -parallel -screen breadBakingFoam > log.breadBakingFoam_2
In system/controlDict, trying to change parameter endTime in subDict :
	In system/controlDict, I have change val of endTime parameter from 2850; to 3650 in subDict .
In system/controlDict, trying to change parameter deltaT in subDict :
	In system/controlDict, I have change val of deltaT parameter from 0.5; to 1 in subDict .
In constant/transportProperties, trying to change parameter withDeformation in subDict :
	In constant/transportProperties, I have change val of withDeformation parameter from 1; to 0 in subDict .
In system/fvSolution, trying to change parameter omegaV in subDict fields:
	In system/fvSolution, I have change val of omegaV parameter from 0.8; to 0.1 in subDict fields.
In system/fvSolution, trying to change parameter omegaC in subDict fields:
	In system/fvSolution, I have change val of omegaC parameter from 0.8; to 0.1 in subDict fields.
In system/fvSolution, trying to change parameter T in subDict fields:
	In system/fvSolution, I have change val of T parameter from 1; to 0.1 in subDict fields.
	In system/fvSolution, I have change val of T parameter from 0.5; to 0.1 in subDict fields.
In system/fvSolution, trying to change parameter pG in subDict fields:
	In system/fvSolution, I have change val of pG parameter from 0.8; to 0.1 in subDict fields.
In system/fvSolution, trying to change parameter nOuterCorrectors in subDict PIMPLE:
	In system/fvSolution, I have change val of nOuterCorrectors parameter from 300; to 50 in subDict PIMPLE.
I will execute commands in ../ZZ_cases/2026/V30/exp0_nonDef_False/V70_moreIter_FineInMidd_TDep_Dl_1.6e-09_kOp_0.04_kCl_0.04_nu_0.15_mu0_180_muV1_5000_mS_0.0005_lambda_0.42_kH_20_kHB_20_r0_0.0022_per_9e-16/:
	1. foamJob -parallel -screen breadBakingFoam > log.breadBakingFoam_3
Found OpenFOAMCase parallel times are:
	[3040.0, 3580.0, 0.0, 2860.0, 3520.0, 2770.0, 3400.0, 2890.0, 2980.0, 1000.0, 3010.0, 3490.0, 2680.0, 2260.0, 2380.0, 3160.0, 3640.0, 800.0, 2830.0, 1600.0, 2800.0, 3190.0, 2000.0, 3460.0, 2440.0, 2710.0, 1200.0, 2320.0, 1400.0, 3250.0, 2290.0, 1800.0, 2590.0, 2920.0, 2950.0, 3280.0, 3220.0, 3130.0, 3610.0, 3100.0, 3370.0, 3340.0, 200.0, 2410.0, 3070.0, 2650.0, 2200.0, 2350.0, 400.0, 2530.0, 2230.0, 3430.0, 2470.0, 3550.0, 2500.0, 2560.0, 2620.0, 3310.0, 600.0, 2740.0],
latestTime:
	3640
I will execute commands in ../ZZ_cases/2026/V30/exp0_nonDef_False/V70_moreIter_FineInMidd_TDep_Dl_1.6e-09_kOp_0.04_kCl_0.04_nu_0.15_mu0_180_muV1_5000_mS_0.0005_lambda_0.42_kH_20_kHB_20_r0_0.0022_per_9e-16/:
	1. rm -rf processor*/0
	2. foamJob -parallel -screen postProcess -func "probeOur" -dict system/probeOur > log.postProcess
	3. foamJob -parallel -screen TLFProbe -point "(1e-3 1e-3 0)" > log.TPoint6
	4. foamJob -parallel -screen intMoisture > log.intMoisture
	5. foamJob -parallel -screen intWeigth > log.intWeigth
	6. foamJob -parallel -screen getBoundPoints > log.getBoundPoints
No protocol specified
No protocol specified
No protocol specified
No protocol specified
I will execute commands in ../ZZ_cases/2026/V30/exp0_nonDef_False/V70_moreIter_FineInMidd_TDep_Dl_1.6e-09_kOp_0.04_kCl_0.04_nu_0.15_mu0_180_muV1_5000_mS_0.0005_lambda_0.42_kH_20_kHB_20_r0_0.0022_per_9e-16/:
	1. foamJob -parallel -screen TLFProbe -point "(0.0445 0.03128 0)" > log.TPoint1
I will execute commands in ../ZZ_cases/2026/V30/exp0_nonDef_False/V70_moreIter_FineInMidd_TDep_Dl_1.6e-09_kOp_0.04_kCl_0.04_nu_0.15_mu0_180_muV1_5000_mS_0.0005_lambda_0.42_kH_20_kHB_20_r0_0.0022_per_9e-16/:
	1. foamJob -parallel -screen TLFProbe -point "(0.0435 0.010417 0)" > log.TPoint2
I will execute commands in ../ZZ_cases/2026/V30/exp0_nonDef_False/V70_moreIter_FineInMidd_TDep_Dl_1.6e-09_kOp_0.04_kCl_0.04_nu_0.15_mu0_180_muV1_5000_mS_0.0005_lambda_0.42_kH_20_kHB_20_r0_0.0022_per_9e-16/:
	1. foamJob -parallel -screen TLFProbe -point "(0.0336 0.025907 0)" > log.TPoint3
I will execute commands in ../ZZ_cases/2026/V30/exp0_nonDef_False/V70_moreIter_FineInMidd_TDep_Dl_1.6e-09_kOp_0.04_kCl_0.04_nu_0.15_mu0_180_muV1_5000_mS_0.0005_lambda_0.42_kH_20_kHB_20_r0_0.0022_per_9e-16/:
	1. foamJob -parallel -screen TLFProbe -point "(0.0146 0.047604 0)" > log.TPoint4
Traceback (most recent call last):
  File "runBread2DOurExpFreeBread2026Kynuti.py", line 515, in <module>
    
  File "/butterfly1/hlavatyo/.local/lib/python3.8/site-packages/numpy/lib/npyio.py", line 1356, in loadtxt
    arr = _read(fname, dtype=dtype, comment=comment, delimiter=delimiter,
  File "/butterfly1/hlavatyo/.local/lib/python3.8/site-packages/numpy/lib/npyio.py", line 975, in _read
    fh = np.lib._datasource.open(fname, 'rt', encoding=encoding)
  File "/butterfly1/hlavatyo/.local/lib/python3.8/site-packages/numpy/lib/_datasource.py", line 193, in open
    return ds.open(path, mode, encoding=encoding, newline=newline)
  File "/butterfly1/hlavatyo/.local/lib/python3.8/site-packages/numpy/lib/_datasource.py", line 533, in open
    raise FileNotFoundError(f"{path} not found.")
FileNotFoundError: ../ZZ_cases/2026/V30/exp0_nonDef_False/V70_moreIter_FineInMidd_TDep_Dl_1.6e-09_kOp_0.04_kCl_0.04_nu_0.15_mu0_180_muV1_5000_mS_0.0005_lambda_0.42_kH_20_kHB_20_r0_0.0022_per_9e-16/Shape/D_values_2400.dat not found.
